2025/10/25 20:45:54 - mmengine - INFO - 
------------------------------------------------------------
System environment:
    sys.platform: linux
    Python: 3.8.20 | packaged by conda-forge | (default, Sep 30 2024, 17:52:49) [GCC 13.3.0]
    CUDA available: True
    MUSA available: False
    numpy_random_seed: 0
    GPU 0,1: NVIDIA GeForce RTX 4090
    CUDA_HOME: /usr/local/cuda-12.4
    NVCC: Cuda compilation tools, release 12.4, V12.4.131
    GCC: gcc (Ubuntu 12.3.0-1ubuntu1~22.04.2) 12.3.0
    PyTorch: 2.4.1+cu121
    PyTorch compiling details: PyTorch built with:
  - GCC 9.3
  - C++ Version: 201703
  - Intel(R) oneAPI Math Kernel Library Version 2022.2-Product Build 20220804 for Intel(R) 64 architecture applications
  - Intel(R) MKL-DNN v3.4.2 (Git Hash 1137e04ec0b5251ca2b4400a4fd3c667ce843d67)
  - OpenMP 201511 (a.k.a. OpenMP 4.5)
  - LAPACK is enabled (usually provided by MKL)
  - NNPACK is enabled
  - CPU capability usage: AVX2
  - CUDA Runtime 12.1
  - NVCC architecture flags: -gencode;arch=compute_50,code=sm_50;-gencode;arch=compute_60,code=sm_60;-gencode;arch=compute_70,code=sm_70;-gencode;arch=compute_75,code=sm_75;-gencode;arch=compute_80,code=sm_80;-gencode;arch=compute_86,code=sm_86;-gencode;arch=compute_90,code=sm_90
  - CuDNN 90.1  (built against CUDA 12.4)
  - Magma 2.6.1
  - Build settings: BLAS_INFO=mkl, BUILD_TYPE=Release, CUDA_VERSION=12.1, CUDNN_VERSION=9.1.0, CXX_COMPILER=/opt/rh/devtoolset-9/root/usr/bin/c++, CXX_FLAGS= -D_GLIBCXX_USE_CXX11_ABI=0 -fabi-version=11 -fvisibility-inlines-hidden -DUSE_PTHREADPOOL -DNDEBUG -DUSE_KINETO -DLIBKINETO_NOROCTRACER -DUSE_FBGEMM -DUSE_PYTORCH_QNNPACK -DUSE_XNNPACK -DSYMBOLICATE_MOBILE_DEBUG_HANDLE -O2 -fPIC -Wall -Wextra -Werror=return-type -Werror=non-virtual-dtor -Werror=bool-operation -Wnarrowing -Wno-missing-field-initializers -Wno-type-limits -Wno-array-bounds -Wno-unknown-pragmas -Wno-unused-parameter -Wno-unused-function -Wno-unused-result -Wno-strict-overflow -Wno-strict-aliasing -Wno-stringop-overflow -Wsuggest-override -Wno-psabi -Wno-error=pedantic -Wno-error=old-style-cast -Wno-missing-braces -fdiagnostics-color=always -faligned-new -Wno-unused-but-set-variable -Wno-maybe-uninitialized -fno-math-errno -fno-trapping-math -Werror=format -Wno-stringop-overflow, LAPACK_INFO=mkl, PERF_WITH_AVX=1, PERF_WITH_AVX2=1, PERF_WITH_AVX512=1, TORCH_VERSION=2.4.1, USE_CUDA=ON, USE_CUDNN=ON, USE_CUSPARSELT=1, USE_EXCEPTION_PTR=1, USE_GFLAGS=OFF, USE_GLOG=OFF, USE_GLOO=ON, USE_MKL=ON, USE_MKLDNN=ON, USE_MPI=OFF, USE_NCCL=1, USE_NNPACK=ON, USE_OPENMP=ON, USE_ROCM=OFF, USE_ROCM_KERNEL_ASSERT=OFF, 

    TorchVision: 0.19.1+cu121
    OpenCV: 4.12.0
    MMEngine: 0.10.7

Runtime environment:
    cudnn_benchmark: True
    mp_cfg: {'mp_start_method': 'fork', 'opencv_num_threads': 0}
    dist_cfg: {'backend': 'nccl'}
    seed: 0
    Distributed launcher: none
    Distributed training: False
    GPU number: 1
------------------------------------------------------------

2025/10/25 20:45:55 - mmengine - INFO - Config:
data_preprocessor = dict(
    bgr_to_rgb=True,
    mean=[
        123.675,
        116.28,
        103.53,
    ],
    pad_val=0,
    seg_pad_val=255,
    std=[
        58.395,
        57.12,
        57.375,
    ],
    type='SegDataPreProcessor')
dataset_type = 'DeepCrackDataset'
default_hooks = dict(
    checkpoint=dict(
        by_epoch=False,
        interval=10,
        max_keep_ckpts=5,
        rule='greater',
        save_best='mIoU',
        save_last=True,
        type='CheckpointHook'),
    logger=dict(interval=5, log_metric_by_epoch=False, type='LoggerHook'),
    param_scheduler=dict(type='ParamSchedulerHook'),
    sampler_seed=dict(type='DistSamplerSeedHook'),
    timer=dict(type='IterTimerHook'),
    visualization=dict(type='SegVisualizationHook'))
default_scope = 'mmseg'
env_cfg = dict(
    cudnn_benchmark=True,
    dist_cfg=dict(backend='nccl'),
    mp_cfg=dict(mp_start_method='fork', opencv_num_threads=0))
load_from = None
log_level = 'INFO'
log_processor = dict(by_epoch=False)
model = dict(
    auxiliary_head=dict(
        align_corners=False,
        channels=256,
        concat_input=False,
        dropout_ratio=0.3,
        in_channels=1024,
        in_index=2,
        loss_decode=dict(
            class_weight=[
                1.0,
                10.0,
            ],
            loss_weight=0.4,
            type='CrossEntropyLoss',
            use_sigmoid=False),
        norm_cfg=dict(requires_grad=True, type='SyncBN'),
        num_classes=2,
        num_convs=1,
        type='FCNHead'),
    backbone=dict(
        contract_dilation=True,
        depth=50,
        dilations=(
            1,
            1,
            2,
            4,
        ),
        norm_cfg=dict(requires_grad=True, type='SyncBN'),
        norm_eval=False,
        num_stages=4,
        out_indices=(
            0,
            1,
            2,
            3,
        ),
        strides=(
            1,
            2,
            1,
            1,
        ),
        style='pytorch',
        type='ResNetV1c'),
    data_preprocessor=dict(
        bgr_to_rgb=True,
        mean=[
            123.675,
            116.28,
            103.53,
        ],
        pad_val=0,
        seg_pad_val=255,
        size=(
            512,
            512,
        ),
        std=[
            58.395,
            57.12,
            57.375,
        ],
        type='SegDataPreProcessor'),
    decode_head=dict(
        align_corners=False,
        channels=512,
        dropout_ratio=0.3,
        in_channels=2048,
        in_index=3,
        loss_decode=dict(
            class_weight=[
                1.0,
                10.0,
            ],
            loss_weight=1.0,
            type='CrossEntropyLoss',
            use_sigmoid=False),
        norm_cfg=dict(requires_grad=True, type='SyncBN'),
        num_classes=2,
        pool_scales=(
            1,
            2,
            3,
            6,
        ),
        type='PSPHead'),
    pretrained='open-mmlab://resnet50_v1c',
    test_cfg=dict(crop_size=(
        512,
        512,
    ), mode='slide', stride=(
        341,
        341,
    )),
    train_cfg=dict(),
    type='EncoderDecoder')
norm_cfg = dict(requires_grad=True, type='SyncBN')
optim_wrapper = dict(
    clip_grad=None,
    optimizer=dict(lr=0.01, momentum=0.9, type='SGD', weight_decay=0.001),
    type='OptimWrapper')
optimizer = dict(lr=0.01, momentum=0.9, type='SGD', weight_decay=0.0005)
param_scheduler = [
    dict(
        begin=0,
        by_epoch=False,
        end=1000,
        eta_min=0.0001,
        power=0.9,
        type='PolyLR'),
]
randomness = dict(seed=0)
resume = False
test_cfg = dict(type='TestLoop')
test_dataloader = dict(
    batch_size=1,
    dataset=dict(
        data_prefix=dict(img_path='test_img', seg_map_path='test_lab'),
        data_root='data/DeepCrack/',
        pipeline=[
            dict(type='LoadImageFromFile'),
            dict(type='LoadAnnotations'),
            dict(type='ConvertDeepCrackLabels'),
            dict(keep_ratio=False, scale=(
                512,
                512,
            ), type='Resize'),
            dict(type='PackSegInputs'),
        ],
        type='DeepCrackDataset'),
    num_workers=4,
    persistent_workers=True,
    sampler=dict(shuffle=False, type='DefaultSampler'))
test_evaluator = dict(
    iou_metrics=[
        'mIoU',
    ], type='IoUMetric')
test_pipeline = [
    dict(type='LoadImageFromFile'),
    dict(keep_ratio=False, scale=(
        512,
        512,
    ), type='Resize'),
    dict(type='LoadAnnotations'),
    dict(type='ConvertDeepCrackLabels'),
    dict(type='PackSegInputs'),
]
train_cfg = dict(max_iters=1000, type='IterBasedTrainLoop', val_interval=10)
train_dataloader = dict(
    batch_size=8,
    dataset=dict(
        data_prefix=dict(img_path='train_img', seg_map_path='train_lab'),
        data_root='data/DeepCrack/',
        pipeline=[
            dict(type='LoadImageFromFile'),
            dict(type='LoadAnnotations'),
            dict(type='ConvertDeepCrackLabels'),
            dict(keep_ratio=False, scale=(
                512,
                512,
            ), type='Resize'),
            dict(prob=0.5, type='RandomFlip'),
            dict(
                brightness_delta=32,
                contrast_range=(
                    0.5,
                    1.5,
                ),
                hue_delta=18,
                saturation_range=(
                    0.5,
                    1.5,
                ),
                type='PhotoMetricDistortion'),
            dict(type='PackSegInputs'),
        ],
        type='DeepCrackDataset'),
    num_workers=4,
    persistent_workers=True,
    sampler=dict(shuffle=True, type='InfiniteSampler'))
tta_model = dict(type='SegTTAModel')
val_cfg = dict(type='ValLoop')
val_dataloader = dict(
    batch_size=1,
    dataset=dict(
        data_prefix=dict(img_path='test_img', seg_map_path='test_lab'),
        data_root='data/DeepCrack/',
        pipeline=[
            dict(type='LoadImageFromFile'),
            dict(type='LoadAnnotations'),
            dict(type='ConvertDeepCrackLabels'),
            dict(keep_ratio=False, scale=(
                512,
                512,
            ), type='Resize'),
            dict(type='PackSegInputs'),
        ],
        type='DeepCrackDataset'),
    num_workers=4,
    persistent_workers=True,
    sampler=dict(shuffle=False, type='DefaultSampler'))
val_evaluator = dict(
    iou_metrics=[
        'mIoU',
    ], type='IoUMetric')
vis_backends = [
    dict(type='LocalVisBackend'),
]
visualizer = dict(
    name='visualizer',
    type='SegLocalVisualizer',
    vis_backends=[
        dict(type='LocalVisBackend'),
    ])
work_dir = 'work_dirs/deepcrack_pspnet_optimized_v2'

2025/10/25 20:45:55 - mmengine - INFO - Distributed training is not used, all SyncBatchNorm (SyncBN) layers in the model will be automatically reverted to BatchNormXd layers if they are used.
2025/10/25 20:45:55 - mmengine - INFO - Hooks will be executed in the following order:
before_run:
(VERY_HIGH   ) RuntimeInfoHook                    
(BELOW_NORMAL) LoggerHook                         
 -------------------- 
before_train:
(VERY_HIGH   ) RuntimeInfoHook                    
(NORMAL      ) IterTimerHook                      
(VERY_LOW    ) CheckpointHook                     
 -------------------- 
before_train_epoch:
(VERY_HIGH   ) RuntimeInfoHook                    
(NORMAL      ) IterTimerHook                      
(NORMAL      ) DistSamplerSeedHook                
 -------------------- 
before_train_iter:
(VERY_HIGH   ) RuntimeInfoHook                    
(NORMAL      ) IterTimerHook                      
 -------------------- 
after_train_iter:
(VERY_HIGH   ) RuntimeInfoHook                    
(NORMAL      ) IterTimerHook                      
(BELOW_NORMAL) LoggerHook                         
(LOW         ) ParamSchedulerHook                 
(VERY_LOW    ) CheckpointHook                     
 -------------------- 
after_train_epoch:
(NORMAL      ) IterTimerHook                      
(LOW         ) ParamSchedulerHook                 
(VERY_LOW    ) CheckpointHook                     
 -------------------- 
before_val:
(VERY_HIGH   ) RuntimeInfoHook                    
 -------------------- 
before_val_epoch:
(NORMAL      ) IterTimerHook                      
 -------------------- 
before_val_iter:
(NORMAL      ) IterTimerHook                      
 -------------------- 
after_val_iter:
(NORMAL      ) IterTimerHook                      
(NORMAL      ) SegVisualizationHook               
(BELOW_NORMAL) LoggerHook                         
 -------------------- 
after_val_epoch:
(VERY_HIGH   ) RuntimeInfoHook                    
(NORMAL      ) IterTimerHook                      
(BELOW_NORMAL) LoggerHook                         
(LOW         ) ParamSchedulerHook                 
(VERY_LOW    ) CheckpointHook                     
 -------------------- 
after_val:
(VERY_HIGH   ) RuntimeInfoHook                    
 -------------------- 
after_train:
(VERY_HIGH   ) RuntimeInfoHook                    
(VERY_LOW    ) CheckpointHook                     
 -------------------- 
before_test:
(VERY_HIGH   ) RuntimeInfoHook                    
 -------------------- 
before_test_epoch:
(NORMAL      ) IterTimerHook                      
 -------------------- 
before_test_iter:
(NORMAL      ) IterTimerHook                      
 -------------------- 
after_test_iter:
(NORMAL      ) IterTimerHook                      
(NORMAL      ) SegVisualizationHook               
(BELOW_NORMAL) LoggerHook                         
 -------------------- 
after_test_epoch:
(VERY_HIGH   ) RuntimeInfoHook                    
(NORMAL      ) IterTimerHook                      
(BELOW_NORMAL) LoggerHook                         
 -------------------- 
after_test:
(VERY_HIGH   ) RuntimeInfoHook                    
 -------------------- 
after_run:
(BELOW_NORMAL) LoggerHook                         
 -------------------- 
2025/10/25 20:45:56 - mmengine - WARNING - The prefix is not set in metric class IoUMetric.
2025/10/25 20:45:56 - mmengine - INFO - load model from: open-mmlab://resnet50_v1c
2025/10/25 20:45:56 - mmengine - INFO - Loads checkpoint by openmmlab backend from path: open-mmlab://resnet50_v1c
2025/10/25 20:45:56 - mmengine - WARNING - The model and loaded state dict do not match exactly

unexpected key in source state_dict: fc.weight, fc.bias

Name of parameter - Initialization information

backbone.stem.0.weight - torch.Size([32, 3, 3, 3]): 
PretrainedInit: load from open-mmlab://resnet50_v1c 

backbone.stem.1.weight - torch.Size([32]): 
PretrainedInit: load from open-mmlab://resnet50_v1c 

backbone.stem.1.bias - torch.Size([32]): 
PretrainedInit: load from open-mmlab://resnet50_v1c 

backbone.stem.3.weight - torch.Size([32, 32, 3, 3]): 
PretrainedInit: load from open-mmlab://resnet50_v1c 

backbone.stem.4.weight - torch.Size([32]): 
PretrainedInit: load from open-mmlab://resnet50_v1c 

backbone.stem.4.bias - torch.Size([32]): 
PretrainedInit: load from open-mmlab://resnet50_v1c 

backbone.stem.6.weight - torch.Size([64, 32, 3, 3]): 
PretrainedInit: load from open-mmlab://resnet50_v1c 

backbone.stem.7.weight - torch.Size([64]): 
PretrainedInit: load from open-mmlab://resnet50_v1c 

backbone.stem.7.bias - torch.Size([64]): 
PretrainedInit: load from open-mmlab://resnet50_v1c 

backbone.layer1.0.conv1.weight - torch.Size([64, 64, 1, 1]): 
PretrainedInit: load from open-mmlab://resnet50_v1c 

backbone.layer1.0.bn1.weight - torch.Size([64]): 
PretrainedInit: load from open-mmlab://resnet50_v1c 

backbone.layer1.0.bn1.bias - torch.Size([64]): 
PretrainedInit: load from open-mmlab://resnet50_v1c 

backbone.layer1.0.conv2.weight - torch.Size([64, 64, 3, 3]): 
PretrainedInit: load from open-mmlab://resnet50_v1c 

backbone.layer1.0.bn2.weight - torch.Size([64]): 
PretrainedInit: load from open-mmlab://resnet50_v1c 

backbone.layer1.0.bn2.bias - torch.Size([64]): 
PretrainedInit: load from open-mmlab://resnet50_v1c 

backbone.layer1.0.conv3.weight - torch.Size([256, 64, 1, 1]): 
PretrainedInit: load from open-mmlab://resnet50_v1c 

backbone.layer1.0.bn3.weight - torch.Size([256]): 
PretrainedInit: load from open-mmlab://resnet50_v1c 

backbone.layer1.0.bn3.bias - torch.Size([256]): 
PretrainedInit: load from open-mmlab://resnet50_v1c 

backbone.layer1.0.downsample.0.weight - torch.Size([256, 64, 1, 1]): 
PretrainedInit: load from open-mmlab://resnet50_v1c 

backbone.layer1.0.downsample.1.weight - torch.Size([256]): 
PretrainedInit: load from open-mmlab://resnet50_v1c 

backbone.layer1.0.downsample.1.bias - torch.Size([256]): 
PretrainedInit: load from open-mmlab://resnet50_v1c 

backbone.layer1.1.conv1.weight - torch.Size([64, 256, 1, 1]): 
PretrainedInit: load from open-mmlab://resnet50_v1c 

backbone.layer1.1.bn1.weight - torch.Size([64]): 
PretrainedInit: load from open-mmlab://resnet50_v1c 

backbone.layer1.1.bn1.bias - torch.Size([64]): 
PretrainedInit: load from open-mmlab://resnet50_v1c 

backbone.layer1.1.conv2.weight - torch.Size([64, 64, 3, 3]): 
PretrainedInit: load from open-mmlab://resnet50_v1c 

backbone.layer1.1.bn2.weight - torch.Size([64]): 
PretrainedInit: load from open-mmlab://resnet50_v1c 

backbone.layer1.1.bn2.bias - torch.Size([64]): 
PretrainedInit: load from open-mmlab://resnet50_v1c 

backbone.layer1.1.conv3.weight - torch.Size([256, 64, 1, 1]): 
PretrainedInit: load from open-mmlab://resnet50_v1c 

backbone.layer1.1.bn3.weight - torch.Size([256]): 
PretrainedInit: load from open-mmlab://resnet50_v1c 

backbone.layer1.1.bn3.bias - torch.Size([256]): 
PretrainedInit: load from open-mmlab://resnet50_v1c 

backbone.layer1.2.conv1.weight - torch.Size([64, 256, 1, 1]): 
PretrainedInit: load from open-mmlab://resnet50_v1c 

backbone.layer1.2.bn1.weight - torch.Size([64]): 
PretrainedInit: load from open-mmlab://resnet50_v1c 

backbone.layer1.2.bn1.bias - torch.Size([64]): 
PretrainedInit: load from open-mmlab://resnet50_v1c 

backbone.layer1.2.conv2.weight - torch.Size([64, 64, 3, 3]): 
PretrainedInit: load from open-mmlab://resnet50_v1c 

backbone.layer1.2.bn2.weight - torch.Size([64]): 
PretrainedInit: load from open-mmlab://resnet50_v1c 

backbone.layer1.2.bn2.bias - torch.Size([64]): 
PretrainedInit: load from open-mmlab://resnet50_v1c 

backbone.layer1.2.conv3.weight - torch.Size([256, 64, 1, 1]): 
PretrainedInit: load from open-mmlab://resnet50_v1c 

backbone.layer1.2.bn3.weight - torch.Size([256]): 
PretrainedInit: load from open-mmlab://resnet50_v1c 

backbone.layer1.2.bn3.bias - torch.Size([256]): 
PretrainedInit: load from open-mmlab://resnet50_v1c 

backbone.layer2.0.conv1.weight - torch.Size([128, 256, 1, 1]): 
PretrainedInit: load from open-mmlab://resnet50_v1c 

backbone.layer2.0.bn1.weight - torch.Size([128]): 
PretrainedInit: load from open-mmlab://resnet50_v1c 

backbone.layer2.0.bn1.bias - torch.Size([128]): 
PretrainedInit: load from open-mmlab://resnet50_v1c 

backbone.layer2.0.conv2.weight - torch.Size([128, 128, 3, 3]): 
PretrainedInit: load from open-mmlab://resnet50_v1c 

backbone.layer2.0.bn2.weight - torch.Size([128]): 
PretrainedInit: load from open-mmlab://resnet50_v1c 

backbone.layer2.0.bn2.bias - torch.Size([128]): 
PretrainedInit: load from open-mmlab://resnet50_v1c 

backbone.layer2.0.conv3.weight - torch.Size([512, 128, 1, 1]): 
PretrainedInit: load from open-mmlab://resnet50_v1c 

backbone.layer2.0.bn3.weight - torch.Size([512]): 
PretrainedInit: load from open-mmlab://resnet50_v1c 

backbone.layer2.0.bn3.bias - torch.Size([512]): 
PretrainedInit: load from open-mmlab://resnet50_v1c 

backbone.layer2.0.downsample.0.weight - torch.Size([512, 256, 1, 1]): 
PretrainedInit: load from open-mmlab://resnet50_v1c 

backbone.layer2.0.downsample.1.weight - torch.Size([512]): 
PretrainedInit: load from open-mmlab://resnet50_v1c 

backbone.layer2.0.downsample.1.bias - torch.Size([512]): 
PretrainedInit: load from open-mmlab://resnet50_v1c 

backbone.layer2.1.conv1.weight - torch.Size([128, 512, 1, 1]): 
PretrainedInit: load from open-mmlab://resnet50_v1c 

backbone.layer2.1.bn1.weight - torch.Size([128]): 
PretrainedInit: load from open-mmlab://resnet50_v1c 

backbone.layer2.1.bn1.bias - torch.Size([128]): 
PretrainedInit: load from open-mmlab://resnet50_v1c 

backbone.layer2.1.conv2.weight - torch.Size([128, 128, 3, 3]): 
PretrainedInit: load from open-mmlab://resnet50_v1c 

backbone.layer2.1.bn2.weight - torch.Size([128]): 
PretrainedInit: load from open-mmlab://resnet50_v1c 

backbone.layer2.1.bn2.bias - torch.Size([128]): 
PretrainedInit: load from open-mmlab://resnet50_v1c 

backbone.layer2.1.conv3.weight - torch.Size([512, 128, 1, 1]): 
PretrainedInit: load from open-mmlab://resnet50_v1c 

backbone.layer2.1.bn3.weight - torch.Size([512]): 
PretrainedInit: load from open-mmlab://resnet50_v1c 

backbone.layer2.1.bn3.bias - torch.Size([512]): 
PretrainedInit: load from open-mmlab://resnet50_v1c 

backbone.layer2.2.conv1.weight - torch.Size([128, 512, 1, 1]): 
PretrainedInit: load from open-mmlab://resnet50_v1c 

backbone.layer2.2.bn1.weight - torch.Size([128]): 
PretrainedInit: load from open-mmlab://resnet50_v1c 

backbone.layer2.2.bn1.bias - torch.Size([128]): 
PretrainedInit: load from open-mmlab://resnet50_v1c 

backbone.layer2.2.conv2.weight - torch.Size([128, 128, 3, 3]): 
PretrainedInit: load from open-mmlab://resnet50_v1c 

backbone.layer2.2.bn2.weight - torch.Size([128]): 
PretrainedInit: load from open-mmlab://resnet50_v1c 

backbone.layer2.2.bn2.bias - torch.Size([128]): 
PretrainedInit: load from open-mmlab://resnet50_v1c 

backbone.layer2.2.conv3.weight - torch.Size([512, 128, 1, 1]): 
PretrainedInit: load from open-mmlab://resnet50_v1c 

backbone.layer2.2.bn3.weight - torch.Size([512]): 
PretrainedInit: load from open-mmlab://resnet50_v1c 

backbone.layer2.2.bn3.bias - torch.Size([512]): 
PretrainedInit: load from open-mmlab://resnet50_v1c 

backbone.layer2.3.conv1.weight - torch.Size([128, 512, 1, 1]): 
PretrainedInit: load from open-mmlab://resnet50_v1c 

backbone.layer2.3.bn1.weight - torch.Size([128]): 
PretrainedInit: load from open-mmlab://resnet50_v1c 

backbone.layer2.3.bn1.bias - torch.Size([128]): 
PretrainedInit: load from open-mmlab://resnet50_v1c 

backbone.layer2.3.conv2.weight - torch.Size([128, 128, 3, 3]): 
PretrainedInit: load from open-mmlab://resnet50_v1c 

backbone.layer2.3.bn2.weight - torch.Size([128]): 
PretrainedInit: load from open-mmlab://resnet50_v1c 

backbone.layer2.3.bn2.bias - torch.Size([128]): 
PretrainedInit: load from open-mmlab://resnet50_v1c 

backbone.layer2.3.conv3.weight - torch.Size([512, 128, 1, 1]): 
PretrainedInit: load from open-mmlab://resnet50_v1c 

backbone.layer2.3.bn3.weight - torch.Size([512]): 
PretrainedInit: load from open-mmlab://resnet50_v1c 

backbone.layer2.3.bn3.bias - torch.Size([512]): 
PretrainedInit: load from open-mmlab://resnet50_v1c 

backbone.layer3.0.conv1.weight - torch.Size([256, 512, 1, 1]): 
PretrainedInit: load from open-mmlab://resnet50_v1c 

backbone.layer3.0.bn1.weight - torch.Size([256]): 
PretrainedInit: load from open-mmlab://resnet50_v1c 

backbone.layer3.0.bn1.bias - torch.Size([256]): 
PretrainedInit: load from open-mmlab://resnet50_v1c 

backbone.layer3.0.conv2.weight - torch.Size([256, 256, 3, 3]): 
PretrainedInit: load from open-mmlab://resnet50_v1c 

backbone.layer3.0.bn2.weight - torch.Size([256]): 
PretrainedInit: load from open-mmlab://resnet50_v1c 

backbone.layer3.0.bn2.bias - torch.Size([256]): 
PretrainedInit: load from open-mmlab://resnet50_v1c 

backbone.layer3.0.conv3.weight - torch.Size([1024, 256, 1, 1]): 
PretrainedInit: load from open-mmlab://resnet50_v1c 

backbone.layer3.0.bn3.weight - torch.Size([1024]): 
PretrainedInit: load from open-mmlab://resnet50_v1c 

backbone.layer3.0.bn3.bias - torch.Size([1024]): 
PretrainedInit: load from open-mmlab://resnet50_v1c 

backbone.layer3.0.downsample.0.weight - torch.Size([1024, 512, 1, 1]): 
PretrainedInit: load from open-mmlab://resnet50_v1c 

backbone.layer3.0.downsample.1.weight - torch.Size([1024]): 
PretrainedInit: load from open-mmlab://resnet50_v1c 

backbone.layer3.0.downsample.1.bias - torch.Size([1024]): 
PretrainedInit: load from open-mmlab://resnet50_v1c 

backbone.layer3.1.conv1.weight - torch.Size([256, 1024, 1, 1]): 
PretrainedInit: load from open-mmlab://resnet50_v1c 

backbone.layer3.1.bn1.weight - torch.Size([256]): 
PretrainedInit: load from open-mmlab://resnet50_v1c 

backbone.layer3.1.bn1.bias - torch.Size([256]): 
PretrainedInit: load from open-mmlab://resnet50_v1c 

backbone.layer3.1.conv2.weight - torch.Size([256, 256, 3, 3]): 
PretrainedInit: load from open-mmlab://resnet50_v1c 

backbone.layer3.1.bn2.weight - torch.Size([256]): 
PretrainedInit: load from open-mmlab://resnet50_v1c 

backbone.layer3.1.bn2.bias - torch.Size([256]): 
PretrainedInit: load from open-mmlab://resnet50_v1c 

backbone.layer3.1.conv3.weight - torch.Size([1024, 256, 1, 1]): 
PretrainedInit: load from open-mmlab://resnet50_v1c 

backbone.layer3.1.bn3.weight - torch.Size([1024]): 
PretrainedInit: load from open-mmlab://resnet50_v1c 

backbone.layer3.1.bn3.bias - torch.Size([1024]): 
PretrainedInit: load from open-mmlab://resnet50_v1c 

backbone.layer3.2.conv1.weight - torch.Size([256, 1024, 1, 1]): 
PretrainedInit: load from open-mmlab://resnet50_v1c 

backbone.layer3.2.bn1.weight - torch.Size([256]): 
PretrainedInit: load from open-mmlab://resnet50_v1c 

backbone.layer3.2.bn1.bias - torch.Size([256]): 
PretrainedInit: load from open-mmlab://resnet50_v1c 

backbone.layer3.2.conv2.weight - torch.Size([256, 256, 3, 3]): 
PretrainedInit: load from open-mmlab://resnet50_v1c 

backbone.layer3.2.bn2.weight - torch.Size([256]): 
PretrainedInit: load from open-mmlab://resnet50_v1c 

backbone.layer3.2.bn2.bias - torch.Size([256]): 
PretrainedInit: load from open-mmlab://resnet50_v1c 

backbone.layer3.2.conv3.weight - torch.Size([1024, 256, 1, 1]): 
PretrainedInit: load from open-mmlab://resnet50_v1c 

backbone.layer3.2.bn3.weight - torch.Size([1024]): 
PretrainedInit: load from open-mmlab://resnet50_v1c 

backbone.layer3.2.bn3.bias - torch.Size([1024]): 
PretrainedInit: load from open-mmlab://resnet50_v1c 

backbone.layer3.3.conv1.weight - torch.Size([256, 1024, 1, 1]): 
PretrainedInit: load from open-mmlab://resnet50_v1c 

backbone.layer3.3.bn1.weight - torch.Size([256]): 
PretrainedInit: load from open-mmlab://resnet50_v1c 

backbone.layer3.3.bn1.bias - torch.Size([256]): 
PretrainedInit: load from open-mmlab://resnet50_v1c 

backbone.layer3.3.conv2.weight - torch.Size([256, 256, 3, 3]): 
PretrainedInit: load from open-mmlab://resnet50_v1c 

backbone.layer3.3.bn2.weight - torch.Size([256]): 
PretrainedInit: load from open-mmlab://resnet50_v1c 

backbone.layer3.3.bn2.bias - torch.Size([256]): 
PretrainedInit: load from open-mmlab://resnet50_v1c 

backbone.layer3.3.conv3.weight - torch.Size([1024, 256, 1, 1]): 
PretrainedInit: load from open-mmlab://resnet50_v1c 

backbone.layer3.3.bn3.weight - torch.Size([1024]): 
PretrainedInit: load from open-mmlab://resnet50_v1c 

backbone.layer3.3.bn3.bias - torch.Size([1024]): 
PretrainedInit: load from open-mmlab://resnet50_v1c 

backbone.layer3.4.conv1.weight - torch.Size([256, 1024, 1, 1]): 
PretrainedInit: load from open-mmlab://resnet50_v1c 

backbone.layer3.4.bn1.weight - torch.Size([256]): 
PretrainedInit: load from open-mmlab://resnet50_v1c 

backbone.layer3.4.bn1.bias - torch.Size([256]): 
PretrainedInit: load from open-mmlab://resnet50_v1c 

backbone.layer3.4.conv2.weight - torch.Size([256, 256, 3, 3]): 
PretrainedInit: load from open-mmlab://resnet50_v1c 

backbone.layer3.4.bn2.weight - torch.Size([256]): 
PretrainedInit: load from open-mmlab://resnet50_v1c 

backbone.layer3.4.bn2.bias - torch.Size([256]): 
PretrainedInit: load from open-mmlab://resnet50_v1c 

backbone.layer3.4.conv3.weight - torch.Size([1024, 256, 1, 1]): 
PretrainedInit: load from open-mmlab://resnet50_v1c 

backbone.layer3.4.bn3.weight - torch.Size([1024]): 
PretrainedInit: load from open-mmlab://resnet50_v1c 

backbone.layer3.4.bn3.bias - torch.Size([1024]): 
PretrainedInit: load from open-mmlab://resnet50_v1c 

backbone.layer3.5.conv1.weight - torch.Size([256, 1024, 1, 1]): 
PretrainedInit: load from open-mmlab://resnet50_v1c 

backbone.layer3.5.bn1.weight - torch.Size([256]): 
PretrainedInit: load from open-mmlab://resnet50_v1c 

backbone.layer3.5.bn1.bias - torch.Size([256]): 
PretrainedInit: load from open-mmlab://resnet50_v1c 

backbone.layer3.5.conv2.weight - torch.Size([256, 256, 3, 3]): 
PretrainedInit: load from open-mmlab://resnet50_v1c 

backbone.layer3.5.bn2.weight - torch.Size([256]): 
PretrainedInit: load from open-mmlab://resnet50_v1c 

backbone.layer3.5.bn2.bias - torch.Size([256]): 
PretrainedInit: load from open-mmlab://resnet50_v1c 

backbone.layer3.5.conv3.weight - torch.Size([1024, 256, 1, 1]): 
PretrainedInit: load from open-mmlab://resnet50_v1c 

backbone.layer3.5.bn3.weight - torch.Size([1024]): 
PretrainedInit: load from open-mmlab://resnet50_v1c 

backbone.layer3.5.bn3.bias - torch.Size([1024]): 
PretrainedInit: load from open-mmlab://resnet50_v1c 

backbone.layer4.0.conv1.weight - torch.Size([512, 1024, 1, 1]): 
PretrainedInit: load from open-mmlab://resnet50_v1c 

backbone.layer4.0.bn1.weight - torch.Size([512]): 
PretrainedInit: load from open-mmlab://resnet50_v1c 

backbone.layer4.0.bn1.bias - torch.Size([512]): 
PretrainedInit: load from open-mmlab://resnet50_v1c 

backbone.layer4.0.conv2.weight - torch.Size([512, 512, 3, 3]): 
PretrainedInit: load from open-mmlab://resnet50_v1c 

backbone.layer4.0.bn2.weight - torch.Size([512]): 
PretrainedInit: load from open-mmlab://resnet50_v1c 

backbone.layer4.0.bn2.bias - torch.Size([512]): 
PretrainedInit: load from open-mmlab://resnet50_v1c 

backbone.layer4.0.conv3.weight - torch.Size([2048, 512, 1, 1]): 
PretrainedInit: load from open-mmlab://resnet50_v1c 

backbone.layer4.0.bn3.weight - torch.Size([2048]): 
PretrainedInit: load from open-mmlab://resnet50_v1c 

backbone.layer4.0.bn3.bias - torch.Size([2048]): 
PretrainedInit: load from open-mmlab://resnet50_v1c 

backbone.layer4.0.downsample.0.weight - torch.Size([2048, 1024, 1, 1]): 
PretrainedInit: load from open-mmlab://resnet50_v1c 

backbone.layer4.0.downsample.1.weight - torch.Size([2048]): 
PretrainedInit: load from open-mmlab://resnet50_v1c 

backbone.layer4.0.downsample.1.bias - torch.Size([2048]): 
PretrainedInit: load from open-mmlab://resnet50_v1c 

backbone.layer4.1.conv1.weight - torch.Size([512, 2048, 1, 1]): 
PretrainedInit: load from open-mmlab://resnet50_v1c 

backbone.layer4.1.bn1.weight - torch.Size([512]): 
PretrainedInit: load from open-mmlab://resnet50_v1c 

backbone.layer4.1.bn1.bias - torch.Size([512]): 
PretrainedInit: load from open-mmlab://resnet50_v1c 

backbone.layer4.1.conv2.weight - torch.Size([512, 512, 3, 3]): 
PretrainedInit: load from open-mmlab://resnet50_v1c 

backbone.layer4.1.bn2.weight - torch.Size([512]): 
PretrainedInit: load from open-mmlab://resnet50_v1c 

backbone.layer4.1.bn2.bias - torch.Size([512]): 
PretrainedInit: load from open-mmlab://resnet50_v1c 

backbone.layer4.1.conv3.weight - torch.Size([2048, 512, 1, 1]): 
PretrainedInit: load from open-mmlab://resnet50_v1c 

backbone.layer4.1.bn3.weight - torch.Size([2048]): 
PretrainedInit: load from open-mmlab://resnet50_v1c 

backbone.layer4.1.bn3.bias - torch.Size([2048]): 
PretrainedInit: load from open-mmlab://resnet50_v1c 

backbone.layer4.2.conv1.weight - torch.Size([512, 2048, 1, 1]): 
PretrainedInit: load from open-mmlab://resnet50_v1c 

backbone.layer4.2.bn1.weight - torch.Size([512]): 
PretrainedInit: load from open-mmlab://resnet50_v1c 

backbone.layer4.2.bn1.bias - torch.Size([512]): 
PretrainedInit: load from open-mmlab://resnet50_v1c 

backbone.layer4.2.conv2.weight - torch.Size([512, 512, 3, 3]): 
PretrainedInit: load from open-mmlab://resnet50_v1c 

backbone.layer4.2.bn2.weight - torch.Size([512]): 
PretrainedInit: load from open-mmlab://resnet50_v1c 

backbone.layer4.2.bn2.bias - torch.Size([512]): 
PretrainedInit: load from open-mmlab://resnet50_v1c 

backbone.layer4.2.conv3.weight - torch.Size([2048, 512, 1, 1]): 
PretrainedInit: load from open-mmlab://resnet50_v1c 

backbone.layer4.2.bn3.weight - torch.Size([2048]): 
PretrainedInit: load from open-mmlab://resnet50_v1c 

backbone.layer4.2.bn3.bias - torch.Size([2048]): 
PretrainedInit: load from open-mmlab://resnet50_v1c 

decode_head.conv_seg.weight - torch.Size([2, 512, 1, 1]): 
NormalInit: mean=0, std=0.01, bias=0 

decode_head.conv_seg.bias - torch.Size([2]): 
NormalInit: mean=0, std=0.01, bias=0 

decode_head.psp_modules.0.1.conv.weight - torch.Size([512, 2048, 1, 1]): 
The value is the same before and after calling `init_weights` of EncoderDecoder  

decode_head.psp_modules.0.1.bn.weight - torch.Size([512]): 
The value is the same before and after calling `init_weights` of EncoderDecoder  

decode_head.psp_modules.0.1.bn.bias - torch.Size([512]): 
The value is the same before and after calling `init_weights` of EncoderDecoder  

decode_head.psp_modules.1.1.conv.weight - torch.Size([512, 2048, 1, 1]): 
The value is the same before and after calling `init_weights` of EncoderDecoder  

decode_head.psp_modules.1.1.bn.weight - torch.Size([512]): 
The value is the same before and after calling `init_weights` of EncoderDecoder  

decode_head.psp_modules.1.1.bn.bias - torch.Size([512]): 
The value is the same before and after calling `init_weights` of EncoderDecoder  

decode_head.psp_modules.2.1.conv.weight - torch.Size([512, 2048, 1, 1]): 
The value is the same before and after calling `init_weights` of EncoderDecoder  

decode_head.psp_modules.2.1.bn.weight - torch.Size([512]): 
The value is the same before and after calling `init_weights` of EncoderDecoder  

decode_head.psp_modules.2.1.bn.bias - torch.Size([512]): 
The value is the same before and after calling `init_weights` of EncoderDecoder  

decode_head.psp_modules.3.1.conv.weight - torch.Size([512, 2048, 1, 1]): 
The value is the same before and after calling `init_weights` of EncoderDecoder  

decode_head.psp_modules.3.1.bn.weight - torch.Size([512]): 
The value is the same before and after calling `init_weights` of EncoderDecoder  

decode_head.psp_modules.3.1.bn.bias - torch.Size([512]): 
The value is the same before and after calling `init_weights` of EncoderDecoder  

decode_head.bottleneck.conv.weight - torch.Size([512, 4096, 3, 3]): 
Initialized by user-defined `init_weights` in ConvModule  

decode_head.bottleneck.bn.weight - torch.Size([512]): 
The value is the same before and after calling `init_weights` of EncoderDecoder  

decode_head.bottleneck.bn.bias - torch.Size([512]): 
The value is the same before and after calling `init_weights` of EncoderDecoder  

auxiliary_head.conv_seg.weight - torch.Size([2, 256, 1, 1]): 
NormalInit: mean=0, std=0.01, bias=0 

auxiliary_head.conv_seg.bias - torch.Size([2]): 
NormalInit: mean=0, std=0.01, bias=0 

auxiliary_head.convs.0.conv.weight - torch.Size([256, 1024, 3, 3]): 
The value is the same before and after calling `init_weights` of EncoderDecoder  

auxiliary_head.convs.0.bn.weight - torch.Size([256]): 
The value is the same before and after calling `init_weights` of EncoderDecoder  

auxiliary_head.convs.0.bn.bias - torch.Size([256]): 
The value is the same before and after calling `init_weights` of EncoderDecoder  
2025/10/25 20:45:56 - mmengine - WARNING - "FileClient" will be deprecated in future. Please use io functions in https://mmengine.readthedocs.io/en/latest/api/fileio.html#file-io
2025/10/25 20:45:56 - mmengine - WARNING - "HardDiskBackend" is the alias of "LocalBackend" and the former will be deprecated in future.
2025/10/25 20:45:56 - mmengine - INFO - Checkpoints will be saved to /home/szw/segmentation_ws/work_1/work_dirs/deepcrack_pspnet_optimized_v2.
2025/10/25 20:46:02 - mmengine - INFO - Iter(train) [   5/1000]  lr: 9.9643e-03  eta: 0:21:09  time: 1.2755  data_time: 0.0044  memory: 20827  loss: 0.9264  decode.loss_ce: 0.6614  decode.acc_seg: 95.1283  aux.loss_ce: 0.2650  aux.acc_seg: 95.1279
2025/10/25 20:46:04 - mmengine - INFO - Iter(train) [  10/1000]  lr: 9.9197e-03  eta: 0:12:53  time: 0.7809  data_time: 0.0041  memory: 10177  loss: 0.8575  decode.loss_ce: 0.6098  decode.acc_seg: 94.3608  aux.loss_ce: 0.2476  aux.acc_seg: 97.7404
2025/10/25 20:46:04 - mmengine - INFO - Saving checkpoint at 10 iterations
2025/10/25 20:46:06 - mmengine - INFO - Iter(val) [  5/237]    eta: 0:01:33  time: 0.4019  data_time: 0.0167  memory: 17363  
2025/10/25 20:46:06 - mmengine - INFO - Iter(val) [ 10/237]    eta: 0:00:46  time: 0.2058  data_time: 0.0086  memory: 663  
2025/10/25 20:46:06 - mmengine - INFO - Iter(val) [ 15/237]    eta: 0:00:31  time: 0.0099  data_time: 0.0006  memory: 663  
2025/10/25 20:46:06 - mmengine - INFO - Iter(val) [ 20/237]    eta: 0:00:23  time: 0.0094  data_time: 0.0007  memory: 663  
2025/10/25 20:46:06 - mmengine - INFO - Iter(val) [ 25/237]    eta: 0:00:18  time: 0.0087  data_time: 0.0007  memory: 663  
2025/10/25 20:46:06 - mmengine - INFO - Iter(val) [ 30/237]    eta: 0:00:15  time: 0.0085  data_time: 0.0007  memory: 663  
2025/10/25 20:46:06 - mmengine - INFO - Iter(val) [ 35/237]    eta: 0:00:13  time: 0.0085  data_time: 0.0007  memory: 663  
2025/10/25 20:46:06 - mmengine - INFO - Iter(val) [ 40/237]    eta: 0:00:11  time: 0.0089  data_time: 0.0008  memory: 663  
2025/10/25 20:46:06 - mmengine - INFO - Iter(val) [ 45/237]    eta: 0:00:10  time: 0.0091  data_time: 0.0009  memory: 663  
2025/10/25 20:46:06 - mmengine - INFO - Iter(val) [ 50/237]    eta: 0:00:09  time: 0.0088  data_time: 0.0009  memory: 663  
2025/10/25 20:46:06 - mmengine - INFO - Iter(val) [ 55/237]    eta: 0:00:08  time: 0.0088  data_time: 0.0008  memory: 663  
2025/10/25 20:46:07 - mmengine - INFO - Iter(val) [ 60/237]    eta: 0:00:07  time: 0.0088  data_time: 0.0008  memory: 663  
2025/10/25 20:46:07 - mmengine - INFO - Iter(val) [ 65/237]    eta: 0:00:06  time: 0.0088  data_time: 0.0009  memory: 663  
2025/10/25 20:46:07 - mmengine - INFO - Iter(val) [ 70/237]    eta: 0:00:06  time: 0.0088  data_time: 0.0009  memory: 663  
2025/10/25 20:46:07 - mmengine - INFO - Iter(val) [ 75/237]    eta: 0:00:05  time: 0.0087  data_time: 0.0008  memory: 663  
2025/10/25 20:46:07 - mmengine - INFO - Iter(val) [ 80/237]    eta: 0:00:05  time: 0.0086  data_time: 0.0007  memory: 663  
2025/10/25 20:46:07 - mmengine - INFO - Iter(val) [ 85/237]    eta: 0:00:04  time: 0.0085  data_time: 0.0007  memory: 663  
2025/10/25 20:46:07 - mmengine - INFO - Iter(val) [ 90/237]    eta: 0:00:04  time: 0.0084  data_time: 0.0007  memory: 663  
2025/10/25 20:46:07 - mmengine - INFO - Iter(val) [ 95/237]    eta: 0:00:04  time: 0.0084  data_time: 0.0007  memory: 663  
2025/10/25 20:46:07 - mmengine - INFO - Iter(val) [100/237]    eta: 0:00:03  time: 0.0085  data_time: 0.0007  memory: 663  
2025/10/25 20:46:07 - mmengine - INFO - Iter(val) [105/237]    eta: 0:00:03  time: 0.0085  data_time: 0.0007  memory: 663  
2025/10/25 20:46:07 - mmengine - INFO - Iter(val) [110/237]    eta: 0:00:03  time: 0.0085  data_time: 0.0007  memory: 663  
2025/10/25 20:46:07 - mmengine - INFO - Iter(val) [115/237]    eta: 0:00:03  time: 0.0084  data_time: 0.0007  memory: 663  
2025/10/25 20:46:07 - mmengine - INFO - Iter(val) [120/237]    eta: 0:00:02  time: 0.0085  data_time: 0.0007  memory: 663  
2025/10/25 20:46:07 - mmengine - INFO - Iter(val) [125/237]    eta: 0:00:02  time: 0.0085  data_time: 0.0007  memory: 663  
2025/10/25 20:46:07 - mmengine - INFO - Iter(val) [130/237]    eta: 0:00:02  time: 0.0085  data_time: 0.0007  memory: 663  
2025/10/25 20:46:07 - mmengine - INFO - Iter(val) [135/237]    eta: 0:00:02  time: 0.0085  data_time: 0.0007  memory: 663  
2025/10/25 20:46:07 - mmengine - INFO - Iter(val) [140/237]    eta: 0:00:02  time: 0.0085  data_time: 0.0007  memory: 663  
2025/10/25 20:46:07 - mmengine - INFO - Iter(val) [145/237]    eta: 0:00:02  time: 0.0085  data_time: 0.0007  memory: 663  
2025/10/25 20:46:07 - mmengine - INFO - Iter(val) [150/237]    eta: 0:00:01  time: 0.0086  data_time: 0.0008  memory: 663  
2025/10/25 20:46:07 - mmengine - INFO - Iter(val) [155/237]    eta: 0:00:01  time: 0.0087  data_time: 0.0008  memory: 663  
2025/10/25 20:46:07 - mmengine - INFO - Iter(val) [160/237]    eta: 0:00:01  time: 0.0087  data_time: 0.0008  memory: 663  
2025/10/25 20:46:07 - mmengine - INFO - Iter(val) [165/237]    eta: 0:00:01  time: 0.0085  data_time: 0.0007  memory: 663  
2025/10/25 20:46:07 - mmengine - INFO - Iter(val) [170/237]    eta: 0:00:01  time: 0.0085  data_time: 0.0007  memory: 663  
2025/10/25 20:46:07 - mmengine - INFO - Iter(val) [175/237]    eta: 0:00:01  time: 0.0084  data_time: 0.0007  memory: 663  
2025/10/25 20:46:08 - mmengine - INFO - Iter(val) [180/237]    eta: 0:00:01  time: 0.0085  data_time: 0.0007  memory: 663  
2025/10/25 20:46:08 - mmengine - INFO - Iter(val) [185/237]    eta: 0:00:01  time: 0.0085  data_time: 0.0007  memory: 663  
2025/10/25 20:46:08 - mmengine - INFO - Iter(val) [190/237]    eta: 0:00:00  time: 0.0085  data_time: 0.0007  memory: 663  
2025/10/25 20:46:08 - mmengine - INFO - Iter(val) [195/237]    eta: 0:00:00  time: 0.0085  data_time: 0.0007  memory: 663  
2025/10/25 20:46:08 - mmengine - INFO - Iter(val) [200/237]    eta: 0:00:00  time: 0.0085  data_time: 0.0007  memory: 663  
2025/10/25 20:46:08 - mmengine - INFO - Iter(val) [205/237]    eta: 0:00:00  time: 0.0084  data_time: 0.0007  memory: 663  
2025/10/25 20:46:08 - mmengine - INFO - Iter(val) [210/237]    eta: 0:00:00  time: 0.0084  data_time: 0.0006  memory: 663  
2025/10/25 20:46:08 - mmengine - INFO - Iter(val) [215/237]    eta: 0:00:00  time: 0.0085  data_time: 0.0007  memory: 663  
2025/10/25 20:46:08 - mmengine - INFO - Iter(val) [220/237]    eta: 0:00:00  time: 0.0085  data_time: 0.0007  memory: 663  
2025/10/25 20:46:08 - mmengine - INFO - Iter(val) [225/237]    eta: 0:00:00  time: 0.0085  data_time: 0.0007  memory: 663  
2025/10/25 20:46:08 - mmengine - INFO - Iter(val) [230/237]    eta: 0:00:00  time: 0.0086  data_time: 0.0007  memory: 663  
2025/10/25 20:46:08 - mmengine - INFO - Iter(val) [235/237]    eta: 0:00:00  time: 0.0085  data_time: 0.0007  memory: 663  
2025/10/25 20:46:08 - mmengine - INFO - per class results:
2025/10/25 20:46:08 - mmengine - INFO - 
+------------+-------+-------+
|   Class    |  IoU  |  Acc  |
+------------+-------+-------+
| background | 83.28 | 83.96 |
|   crack    | 18.02 | 81.93 |
+------------+-------+-------+
2025/10/25 20:46:08 - mmengine - INFO - Iter(val) [237/237]    aAcc: 83.8700  mIoU: 50.6500  mAcc: 82.9400  data_time: 0.0010  time: 0.0169
2025/10/25 20:46:08 - mmengine - INFO - The best checkpoint with 50.6500 mIoU at 10 iter is saved to best_mIoU_iter_10.pth.
2025/10/25 20:46:10 - mmengine - INFO - Iter(train) [  15/1000]  lr: 9.8750e-03  eta: 0:11:14  time: 0.3889  data_time: 0.1064  memory: 10177  loss: 0.7674  decode.loss_ce: 0.5430  decode.acc_seg: 94.8628  aux.loss_ce: 0.2244  aux.acc_seg: 96.7879
2025/10/25 20:46:12 - mmengine - INFO - Iter(train) [  20/1000]  lr: 9.8304e-03  eta: 0:09:33  time: 0.3891  data_time: 0.1066  memory: 10177  loss: 0.6794  decode.loss_ce: 0.4744  decode.acc_seg: 93.9889  aux.loss_ce: 0.2050  aux.acc_seg: 97.8988
2025/10/25 20:46:12 - mmengine - INFO - Saving checkpoint at 20 iterations
2025/10/25 20:46:12 - mmengine - INFO - Iter(val) [  5/237]    eta: 0:00:02  time: 0.0092  data_time: 0.0013  memory: 662  
2025/10/25 20:46:12 - mmengine - INFO - Iter(val) [ 10/237]    eta: 0:00:02  time: 0.0093  data_time: 0.0013  memory: 662  
2025/10/25 20:46:13 - mmengine - INFO - Iter(val) [ 15/237]    eta: 0:00:02  time: 0.0086  data_time: 0.0008  memory: 662  
2025/10/25 20:46:13 - mmengine - INFO - Iter(val) [ 20/237]    eta: 0:00:01  time: 0.0086  data_time: 0.0008  memory: 662  
2025/10/25 20:46:13 - mmengine - INFO - Iter(val) [ 25/237]    eta: 0:00:01  time: 0.0087  data_time: 0.0008  memory: 662  
2025/10/25 20:46:13 - mmengine - INFO - Iter(val) [ 30/237]    eta: 0:00:01  time: 0.0087  data_time: 0.0007  memory: 662  
2025/10/25 20:46:13 - mmengine - INFO - Iter(val) [ 35/237]    eta: 0:00:01  time: 0.0086  data_time: 0.0007  memory: 662  
2025/10/25 20:46:13 - mmengine - INFO - Iter(val) [ 40/237]    eta: 0:00:01  time: 0.0086  data_time: 0.0007  memory: 662  
2025/10/25 20:46:13 - mmengine - INFO - Iter(val) [ 45/237]    eta: 0:00:01  time: 0.0086  data_time: 0.0007  memory: 662  
2025/10/25 20:46:13 - mmengine - INFO - Iter(val) [ 50/237]    eta: 0:00:01  time: 0.0086  data_time: 0.0008  memory: 662  
2025/10/25 20:46:13 - mmengine - INFO - Iter(val) [ 55/237]    eta: 0:00:01  time: 0.0087  data_time: 0.0007  memory: 662  
2025/10/25 20:46:13 - mmengine - INFO - Iter(val) [ 60/237]    eta: 0:00:01  time: 0.0089  data_time: 0.0008  memory: 662  
2025/10/25 20:46:13 - mmengine - INFO - Iter(val) [ 65/237]    eta: 0:00:01  time: 0.0088  data_time: 0.0008  memory: 662  
2025/10/25 20:46:13 - mmengine - INFO - Iter(val) [ 70/237]    eta: 0:00:01  time: 0.0086  data_time: 0.0008  memory: 662  
2025/10/25 20:46:13 - mmengine - INFO - Iter(val) [ 75/237]    eta: 0:00:01  time: 0.0086  data_time: 0.0007  memory: 662  
2025/10/25 20:46:13 - mmengine - INFO - Iter(val) [ 80/237]    eta: 0:00:01  time: 0.0085  data_time: 0.0007  memory: 662  
2025/10/25 20:46:13 - mmengine - INFO - Iter(val) [ 85/237]    eta: 0:00:01  time: 0.0086  data_time: 0.0007  memory: 662  
2025/10/25 20:46:13 - mmengine - INFO - Iter(val) [ 90/237]    eta: 0:00:01  time: 0.0086  data_time: 0.0007  memory: 662  
2025/10/25 20:46:13 - mmengine - INFO - Iter(val) [ 95/237]    eta: 0:00:01  time: 0.0086  data_time: 0.0007  memory: 662  
2025/10/25 20:46:13 - mmengine - INFO - Iter(val) [100/237]    eta: 0:00:01  time: 0.0088  data_time: 0.0008  memory: 662  
2025/10/25 20:46:13 - mmengine - INFO - Iter(val) [105/237]    eta: 0:00:01  time: 0.0088  data_time: 0.0008  memory: 662  
2025/10/25 20:46:13 - mmengine - INFO - Iter(val) [110/237]    eta: 0:00:01  time: 0.0087  data_time: 0.0008  memory: 662  
2025/10/25 20:46:13 - mmengine - INFO - Iter(val) [115/237]    eta: 0:00:01  time: 0.0087  data_time: 0.0008  memory: 662  
2025/10/25 20:46:13 - mmengine - INFO - Iter(val) [120/237]    eta: 0:00:01  time: 0.0085  data_time: 0.0007  memory: 662  
2025/10/25 20:46:13 - mmengine - INFO - Iter(val) [125/237]    eta: 0:00:00  time: 0.0085  data_time: 0.0007  memory: 662  
2025/10/25 20:46:14 - mmengine - INFO - Iter(val) [130/237]    eta: 0:00:00  time: 0.0085  data_time: 0.0007  memory: 662  
2025/10/25 20:46:14 - mmengine - INFO - Iter(val) [135/237]    eta: 0:00:00  time: 0.0085  data_time: 0.0007  memory: 662  
2025/10/25 20:46:14 - mmengine - INFO - Iter(val) [140/237]    eta: 0:00:00  time: 0.0085  data_time: 0.0007  memory: 662  
2025/10/25 20:46:14 - mmengine - INFO - Iter(val) [145/237]    eta: 0:00:00  time: 0.0085  data_time: 0.0007  memory: 662  
2025/10/25 20:46:14 - mmengine - INFO - Iter(val) [150/237]    eta: 0:00:00  time: 0.0085  data_time: 0.0007  memory: 662  
2025/10/25 20:46:14 - mmengine - INFO - Iter(val) [155/237]    eta: 0:00:00  time: 0.0086  data_time: 0.0008  memory: 662  
2025/10/25 20:46:14 - mmengine - INFO - Iter(val) [160/237]    eta: 0:00:00  time: 0.0086  data_time: 0.0008  memory: 662  
2025/10/25 20:46:14 - mmengine - INFO - Iter(val) [165/237]    eta: 0:00:00  time: 0.0086  data_time: 0.0008  memory: 662  
2025/10/25 20:46:14 - mmengine - INFO - Iter(val) [170/237]    eta: 0:00:00  time: 0.0086  data_time: 0.0007  memory: 662  
2025/10/25 20:46:14 - mmengine - INFO - Iter(val) [175/237]    eta: 0:00:00  time: 0.0085  data_time: 0.0007  memory: 662  
2025/10/25 20:46:14 - mmengine - INFO - Iter(val) [180/237]    eta: 0:00:00  time: 0.0085  data_time: 0.0007  memory: 662  
2025/10/25 20:46:14 - mmengine - INFO - Iter(val) [185/237]    eta: 0:00:00  time: 0.0086  data_time: 0.0008  memory: 662  
2025/10/25 20:46:14 - mmengine - INFO - Iter(val) [190/237]    eta: 0:00:00  time: 0.0087  data_time: 0.0008  memory: 662  
2025/10/25 20:46:14 - mmengine - INFO - Iter(val) [195/237]    eta: 0:00:00  time: 0.0088  data_time: 0.0009  memory: 662  
2025/10/25 20:46:14 - mmengine - INFO - Iter(val) [200/237]    eta: 0:00:00  time: 0.0087  data_time: 0.0008  memory: 662  
2025/10/25 20:46:14 - mmengine - INFO - Iter(val) [205/237]    eta: 0:00:00  time: 0.0086  data_time: 0.0008  memory: 662  
2025/10/25 20:46:14 - mmengine - INFO - Iter(val) [210/237]    eta: 0:00:00  time: 0.0086  data_time: 0.0008  memory: 662  
2025/10/25 20:46:14 - mmengine - INFO - Iter(val) [215/237]    eta: 0:00:00  time: 0.0086  data_time: 0.0008  memory: 662  
2025/10/25 20:46:14 - mmengine - INFO - Iter(val) [220/237]    eta: 0:00:00  time: 0.0086  data_time: 0.0008  memory: 662  
2025/10/25 20:46:14 - mmengine - INFO - Iter(val) [225/237]    eta: 0:00:00  time: 0.0087  data_time: 0.0008  memory: 662  
2025/10/25 20:46:14 - mmengine - INFO - Iter(val) [230/237]    eta: 0:00:00  time: 0.0087  data_time: 0.0008  memory: 662  
2025/10/25 20:46:14 - mmengine - INFO - Iter(val) [235/237]    eta: 0:00:00  time: 0.0087  data_time: 0.0008  memory: 662  
2025/10/25 20:46:14 - mmengine - INFO - per class results:
2025/10/25 20:46:14 - mmengine - INFO - 
+------------+-------+-------+
|   Class    |  IoU  |  Acc  |
+------------+-------+-------+
| background |  93.1 | 94.76 |
|   crack    | 28.05 | 60.53 |
+------------+-------+-------+
2025/10/25 20:46:14 - mmengine - INFO - Iter(val) [237/237]    aAcc: 93.2800  mIoU: 60.5700  mAcc: 77.6500  data_time: 0.0008  time: 0.0087
2025/10/25 20:46:14 - mmengine - INFO - The previous best checkpoint /home/szw/segmentation_ws/work_1/work_dirs/deepcrack_pspnet_optimized_v2/best_mIoU_iter_10.pth is removed
2025/10/25 20:46:15 - mmengine - INFO - The best checkpoint with 60.5700 mIoU at 20 iter is saved to best_mIoU_iter_20.pth.
2025/10/25 20:46:17 - mmengine - INFO - Iter(train) [  25/1000]  lr: 9.7857e-03  eta: 0:09:06  time: 0.3736  data_time: 0.0912  memory: 10177  loss: 0.5786  decode.loss_ce: 0.3970  decode.acc_seg: 92.6465  aux.loss_ce: 0.1816  aux.acc_seg: 95.6293
2025/10/25 20:46:18 - mmengine - INFO - Iter(train) [  30/1000]  lr: 9.7410e-03  eta: 0:08:19  time: 0.3736  data_time: 0.0911  memory: 10177  loss: 0.5781  decode.loss_ce: 0.4064  decode.acc_seg: 94.5313  aux.loss_ce: 0.1717  aux.acc_seg: 95.2169
2025/10/25 20:46:18 - mmengine - INFO - Saving checkpoint at 30 iterations
2025/10/25 20:46:19 - mmengine - INFO - Iter(val) [  5/237]    eta: 0:00:02  time: 0.0095  data_time: 0.0014  memory: 662  
2025/10/25 20:46:19 - mmengine - INFO - Iter(val) [ 10/237]    eta: 0:00:02  time: 0.0098  data_time: 0.0015  memory: 662  
2025/10/25 20:46:19 - mmengine - INFO - Iter(val) [ 15/237]    eta: 0:00:02  time: 0.0090  data_time: 0.0009  memory: 662  
2025/10/25 20:46:19 - mmengine - INFO - Iter(val) [ 20/237]    eta: 0:00:02  time: 0.0087  data_time: 0.0008  memory: 662  
2025/10/25 20:46:19 - mmengine - INFO - Iter(val) [ 25/237]    eta: 0:00:01  time: 0.0088  data_time: 0.0008  memory: 662  
2025/10/25 20:46:19 - mmengine - INFO - Iter(val) [ 30/237]    eta: 0:00:01  time: 0.0087  data_time: 0.0008  memory: 662  
2025/10/25 20:46:19 - mmengine - INFO - Iter(val) [ 35/237]    eta: 0:00:01  time: 0.0085  data_time: 0.0007  memory: 662  
2025/10/25 20:46:19 - mmengine - INFO - Iter(val) [ 40/237]    eta: 0:00:01  time: 0.0085  data_time: 0.0007  memory: 662  
2025/10/25 20:46:19 - mmengine - INFO - Iter(val) [ 45/237]    eta: 0:00:01  time: 0.0085  data_time: 0.0007  memory: 662  
2025/10/25 20:46:19 - mmengine - INFO - Iter(val) [ 50/237]    eta: 0:00:01  time: 0.0086  data_time: 0.0007  memory: 662  
2025/10/25 20:46:19 - mmengine - INFO - Iter(val) [ 55/237]    eta: 0:00:01  time: 0.0086  data_time: 0.0007  memory: 662  
2025/10/25 20:46:19 - mmengine - INFO - Iter(val) [ 60/237]    eta: 0:00:01  time: 0.0086  data_time: 0.0007  memory: 662  
2025/10/25 20:46:19 - mmengine - INFO - Iter(val) [ 65/237]    eta: 0:00:01  time: 0.0086  data_time: 0.0008  memory: 662  
2025/10/25 20:46:19 - mmengine - INFO - Iter(val) [ 70/237]    eta: 0:00:01  time: 0.0086  data_time: 0.0007  memory: 662  
2025/10/25 20:46:19 - mmengine - INFO - Iter(val) [ 75/237]    eta: 0:00:01  time: 0.0086  data_time: 0.0007  memory: 662  
2025/10/25 20:46:19 - mmengine - INFO - Iter(val) [ 80/237]    eta: 0:00:01  time: 0.0086  data_time: 0.0008  memory: 662  
2025/10/25 20:46:19 - mmengine - INFO - Iter(val) [ 85/237]    eta: 0:00:01  time: 0.0086  data_time: 0.0008  memory: 662  
2025/10/25 20:46:20 - mmengine - INFO - Iter(val) [ 90/237]    eta: 0:00:01  time: 0.0086  data_time: 0.0008  memory: 662  
2025/10/25 20:46:20 - mmengine - INFO - Iter(val) [ 95/237]    eta: 0:00:01  time: 0.0086  data_time: 0.0008  memory: 662  
2025/10/25 20:46:20 - mmengine - INFO - Iter(val) [100/237]    eta: 0:00:01  time: 0.0086  data_time: 0.0008  memory: 662  
2025/10/25 20:46:20 - mmengine - INFO - Iter(val) [105/237]    eta: 0:00:01  time: 0.0086  data_time: 0.0008  memory: 662  
2025/10/25 20:46:20 - mmengine - INFO - Iter(val) [110/237]    eta: 0:00:01  time: 0.0086  data_time: 0.0008  memory: 662  
2025/10/25 20:46:20 - mmengine - INFO - Iter(val) [115/237]    eta: 0:00:01  time: 0.0086  data_time: 0.0008  memory: 662  
2025/10/25 20:46:20 - mmengine - INFO - Iter(val) [120/237]    eta: 0:00:01  time: 0.0087  data_time: 0.0008  memory: 662  
2025/10/25 20:46:20 - mmengine - INFO - Iter(val) [125/237]    eta: 0:00:00  time: 0.0086  data_time: 0.0008  memory: 662  
2025/10/25 20:46:20 - mmengine - INFO - Iter(val) [130/237]    eta: 0:00:00  time: 0.0086  data_time: 0.0008  memory: 662  
2025/10/25 20:46:20 - mmengine - INFO - Iter(val) [135/237]    eta: 0:00:00  time: 0.0086  data_time: 0.0008  memory: 662  
2025/10/25 20:46:20 - mmengine - INFO - Iter(val) [140/237]    eta: 0:00:00  time: 0.0087  data_time: 0.0008  memory: 662  
2025/10/25 20:46:20 - mmengine - INFO - Iter(val) [145/237]    eta: 0:00:00  time: 0.0087  data_time: 0.0008  memory: 662  
2025/10/25 20:46:20 - mmengine - INFO - Iter(val) [150/237]    eta: 0:00:00  time: 0.0087  data_time: 0.0008  memory: 662  
2025/10/25 20:46:20 - mmengine - INFO - Iter(val) [155/237]    eta: 0:00:00  time: 0.0088  data_time: 0.0008  memory: 662  
2025/10/25 20:46:20 - mmengine - INFO - Iter(val) [160/237]    eta: 0:00:00  time: 0.0087  data_time: 0.0008  memory: 662  
2025/10/25 20:46:20 - mmengine - INFO - Iter(val) [165/237]    eta: 0:00:00  time: 0.0086  data_time: 0.0008  memory: 662  
2025/10/25 20:46:20 - mmengine - INFO - Iter(val) [170/237]    eta: 0:00:00  time: 0.0086  data_time: 0.0008  memory: 662  
2025/10/25 20:46:20 - mmengine - INFO - Iter(val) [175/237]    eta: 0:00:00  time: 0.0087  data_time: 0.0008  memory: 662  
2025/10/25 20:46:20 - mmengine - INFO - Iter(val) [180/237]    eta: 0:00:00  time: 0.0086  data_time: 0.0008  memory: 662  
2025/10/25 20:46:20 - mmengine - INFO - Iter(val) [185/237]    eta: 0:00:00  time: 0.0087  data_time: 0.0008  memory: 662  
2025/10/25 20:46:20 - mmengine - INFO - Iter(val) [190/237]    eta: 0:00:00  time: 0.0088  data_time: 0.0009  memory: 662  
2025/10/25 20:46:20 - mmengine - INFO - Iter(val) [195/237]    eta: 0:00:00  time: 0.0089  data_time: 0.0009  memory: 662  
2025/10/25 20:46:20 - mmengine - INFO - Iter(val) [200/237]    eta: 0:00:00  time: 0.0088  data_time: 0.0008  memory: 662  
2025/10/25 20:46:21 - mmengine - INFO - Iter(val) [205/237]    eta: 0:00:00  time: 0.0087  data_time: 0.0008  memory: 662  
2025/10/25 20:46:21 - mmengine - INFO - Iter(val) [210/237]    eta: 0:00:00  time: 0.0087  data_time: 0.0008  memory: 662  
2025/10/25 20:46:21 - mmengine - INFO - Iter(val) [215/237]    eta: 0:00:00  time: 0.0086  data_time: 0.0008  memory: 662  
2025/10/25 20:46:21 - mmengine - INFO - Iter(val) [220/237]    eta: 0:00:00  time: 0.0085  data_time: 0.0007  memory: 662  
2025/10/25 20:46:21 - mmengine - INFO - Iter(val) [225/237]    eta: 0:00:00  time: 0.0086  data_time: 0.0007  memory: 662  
2025/10/25 20:46:21 - mmengine - INFO - Iter(val) [230/237]    eta: 0:00:00  time: 0.0085  data_time: 0.0007  memory: 662  
2025/10/25 20:46:21 - mmengine - INFO - Iter(val) [235/237]    eta: 0:00:00  time: 0.0086  data_time: 0.0007  memory: 662  
2025/10/25 20:46:21 - mmengine - INFO - per class results:
2025/10/25 20:46:21 - mmengine - INFO - 
+------------+-------+-------+
|   Class    |  IoU  |  Acc  |
+------------+-------+-------+
| background | 94.47 | 95.92 |
|   crack    | 34.75 |  66.1 |
+------------+-------+-------+
2025/10/25 20:46:21 - mmengine - INFO - Iter(val) [237/237]    aAcc: 94.6300  mIoU: 64.6100  mAcc: 81.0100  data_time: 0.0008  time: 0.0087
2025/10/25 20:46:21 - mmengine - INFO - The previous best checkpoint /home/szw/segmentation_ws/work_1/work_dirs/deepcrack_pspnet_optimized_v2/best_mIoU_iter_20.pth is removed
2025/10/25 20:46:21 - mmengine - INFO - The best checkpoint with 64.6100 mIoU at 30 iter is saved to best_mIoU_iter_30.pth.
2025/10/25 20:46:23 - mmengine - INFO - Iter(train) [  35/1000]  lr: 9.6962e-03  eta: 0:08:09  time: 0.3746  data_time: 0.0920  memory: 10177  loss: 0.5877  decode.loss_ce: 0.4183  decode.acc_seg: 88.3700  aux.loss_ce: 0.1693  aux.acc_seg: 92.7662
2025/10/25 20:46:24 - mmengine - INFO - Exp name: pspnet_r50-deepcrack_512x512_40k_strong_reg_20251025_204554
2025/10/25 20:46:25 - mmengine - INFO - Iter(train) [  40/1000]  lr: 9.6515e-03  eta: 0:07:40  time: 0.3746  data_time: 0.0920  memory: 10177  loss: 0.5407  decode.loss_ce: 0.3841  decode.acc_seg: 96.0417  aux.loss_ce: 0.1566  aux.acc_seg: 95.5947
2025/10/25 20:46:25 - mmengine - INFO - Saving checkpoint at 40 iterations
2025/10/25 20:46:25 - mmengine - INFO - Iter(val) [  5/237]    eta: 0:00:02  time: 0.0095  data_time: 0.0014  memory: 662  
2025/10/25 20:46:25 - mmengine - INFO - Iter(val) [ 10/237]    eta: 0:00:02  time: 0.0094  data_time: 0.0014  memory: 662  
2025/10/25 20:46:25 - mmengine - INFO - Iter(val) [ 15/237]    eta: 0:00:02  time: 0.0086  data_time: 0.0007  memory: 662  
2025/10/25 20:46:25 - mmengine - INFO - Iter(val) [ 20/237]    eta: 0:00:01  time: 0.0087  data_time: 0.0008  memory: 662  
2025/10/25 20:46:25 - mmengine - INFO - Iter(val) [ 25/237]    eta: 0:00:01  time: 0.0089  data_time: 0.0008  memory: 662  
2025/10/25 20:46:25 - mmengine - INFO - Iter(val) [ 30/237]    eta: 0:00:01  time: 0.0088  data_time: 0.0009  memory: 662  
2025/10/25 20:46:25 - mmengine - INFO - Iter(val) [ 35/237]    eta: 0:00:01  time: 0.0087  data_time: 0.0008  memory: 662  
2025/10/25 20:46:25 - mmengine - INFO - Iter(val) [ 40/237]    eta: 0:00:01  time: 0.0088  data_time: 0.0008  memory: 662  
2025/10/25 20:46:25 - mmengine - INFO - Iter(val) [ 45/237]    eta: 0:00:01  time: 0.0088  data_time: 0.0008  memory: 662  
2025/10/25 20:46:26 - mmengine - INFO - Iter(val) [ 50/237]    eta: 0:00:01  time: 0.0087  data_time: 0.0008  memory: 662  
2025/10/25 20:46:26 - mmengine - INFO - Iter(val) [ 55/237]    eta: 0:00:01  time: 0.0087  data_time: 0.0008  memory: 662  
2025/10/25 20:46:26 - mmengine - INFO - Iter(val) [ 60/237]    eta: 0:00:01  time: 0.0088  data_time: 0.0009  memory: 662  
2025/10/25 20:46:26 - mmengine - INFO - Iter(val) [ 65/237]    eta: 0:00:01  time: 0.0088  data_time: 0.0009  memory: 662  
2025/10/25 20:46:26 - mmengine - INFO - Iter(val) [ 70/237]    eta: 0:00:01  time: 0.0087  data_time: 0.0008  memory: 662  
2025/10/25 20:46:26 - mmengine - INFO - Iter(val) [ 75/237]    eta: 0:00:01  time: 0.0087  data_time: 0.0008  memory: 662  
2025/10/25 20:46:26 - mmengine - INFO - Iter(val) [ 80/237]    eta: 0:00:01  time: 0.0086  data_time: 0.0008  memory: 662  
2025/10/25 20:46:26 - mmengine - INFO - Iter(val) [ 85/237]    eta: 0:00:01  time: 0.0086  data_time: 0.0008  memory: 662  
2025/10/25 20:46:26 - mmengine - INFO - Iter(val) [ 90/237]    eta: 0:00:01  time: 0.0088  data_time: 0.0008  memory: 662  
2025/10/25 20:46:26 - mmengine - INFO - Iter(val) [ 95/237]    eta: 0:00:01  time: 0.0088  data_time: 0.0008  memory: 662  
2025/10/25 20:46:26 - mmengine - INFO - Iter(val) [100/237]    eta: 0:00:01  time: 0.0086  data_time: 0.0007  memory: 662  
2025/10/25 20:46:26 - mmengine - INFO - Iter(val) [105/237]    eta: 0:00:01  time: 0.0086  data_time: 0.0007  memory: 662  
2025/10/25 20:46:26 - mmengine - INFO - Iter(val) [110/237]    eta: 0:00:01  time: 0.0086  data_time: 0.0007  memory: 662  
2025/10/25 20:46:26 - mmengine - INFO - Iter(val) [115/237]    eta: 0:00:01  time: 0.0085  data_time: 0.0007  memory: 662  
2025/10/25 20:46:26 - mmengine - INFO - Iter(val) [120/237]    eta: 0:00:01  time: 0.0086  data_time: 0.0007  memory: 662  
2025/10/25 20:46:26 - mmengine - INFO - Iter(val) [125/237]    eta: 0:00:00  time: 0.0086  data_time: 0.0008  memory: 662  
2025/10/25 20:46:26 - mmengine - INFO - Iter(val) [130/237]    eta: 0:00:00  time: 0.0086  data_time: 0.0008  memory: 662  
2025/10/25 20:46:26 - mmengine - INFO - Iter(val) [135/237]    eta: 0:00:00  time: 0.0087  data_time: 0.0008  memory: 662  
2025/10/25 20:46:26 - mmengine - INFO - Iter(val) [140/237]    eta: 0:00:00  time: 0.0087  data_time: 0.0008  memory: 662  
2025/10/25 20:46:26 - mmengine - INFO - Iter(val) [145/237]    eta: 0:00:00  time: 0.0088  data_time: 0.0009  memory: 662  
2025/10/25 20:46:26 - mmengine - INFO - Iter(val) [150/237]    eta: 0:00:00  time: 0.0088  data_time: 0.0009  memory: 662  
2025/10/25 20:46:26 - mmengine - INFO - Iter(val) [155/237]    eta: 0:00:00  time: 0.0088  data_time: 0.0008  memory: 662  
2025/10/25 20:46:26 - mmengine - INFO - Iter(val) [160/237]    eta: 0:00:00  time: 0.0092  data_time: 0.0009  memory: 662  
2025/10/25 20:46:27 - mmengine - INFO - Iter(val) [165/237]    eta: 0:00:00  time: 0.0092  data_time: 0.0009  memory: 662  
2025/10/25 20:46:27 - mmengine - INFO - Iter(val) [170/237]    eta: 0:00:00  time: 0.0087  data_time: 0.0008  memory: 662  
2025/10/25 20:46:27 - mmengine - INFO - Iter(val) [175/237]    eta: 0:00:00  time: 0.0086  data_time: 0.0007  memory: 662  
2025/10/25 20:46:27 - mmengine - INFO - Iter(val) [180/237]    eta: 0:00:00  time: 0.0086  data_time: 0.0007  memory: 662  
2025/10/25 20:46:27 - mmengine - INFO - Iter(val) [185/237]    eta: 0:00:00  time: 0.0086  data_time: 0.0008  memory: 662  
2025/10/25 20:46:27 - mmengine - INFO - Iter(val) [190/237]    eta: 0:00:00  time: 0.0087  data_time: 0.0008  memory: 662  
2025/10/25 20:46:27 - mmengine - INFO - Iter(val) [195/237]    eta: 0:00:00  time: 0.0094  data_time: 0.0010  memory: 662  
2025/10/25 20:46:27 - mmengine - INFO - Iter(val) [200/237]    eta: 0:00:00  time: 0.0094  data_time: 0.0010  memory: 662  
2025/10/25 20:46:27 - mmengine - INFO - Iter(val) [205/237]    eta: 0:00:00  time: 0.0088  data_time: 0.0008  memory: 662  
2025/10/25 20:46:27 - mmengine - INFO - Iter(val) [210/237]    eta: 0:00:00  time: 0.0087  data_time: 0.0008  memory: 662  
2025/10/25 20:46:27 - mmengine - INFO - Iter(val) [215/237]    eta: 0:00:00  time: 0.0088  data_time: 0.0008  memory: 662  
2025/10/25 20:46:27 - mmengine - INFO - Iter(val) [220/237]    eta: 0:00:00  time: 0.0088  data_time: 0.0008  memory: 662  
2025/10/25 20:46:27 - mmengine - INFO - Iter(val) [225/237]    eta: 0:00:00  time: 0.0087  data_time: 0.0008  memory: 662  
2025/10/25 20:46:27 - mmengine - INFO - Iter(val) [230/237]    eta: 0:00:00  time: 0.0087  data_time: 0.0008  memory: 662  
2025/10/25 20:46:27 - mmengine - INFO - Iter(val) [235/237]    eta: 0:00:00  time: 0.0086  data_time: 0.0008  memory: 662  
2025/10/25 20:46:27 - mmengine - INFO - per class results:
2025/10/25 20:46:27 - mmengine - INFO - 
+------------+-------+-------+
|   Class    |  IoU  |  Acc  |
+------------+-------+-------+
| background | 95.01 | 96.05 |
|   crack    |  40.5 | 75.91 |
+------------+-------+-------+
2025/10/25 20:46:27 - mmengine - INFO - Iter(val) [237/237]    aAcc: 95.1700  mIoU: 67.7500  mAcc: 85.9800  data_time: 0.0008  time: 0.0088
2025/10/25 20:46:27 - mmengine - INFO - The previous best checkpoint /home/szw/segmentation_ws/work_1/work_dirs/deepcrack_pspnet_optimized_v2/best_mIoU_iter_30.pth is removed
2025/10/25 20:46:27 - mmengine - INFO - The best checkpoint with 67.7500 mIoU at 40 iter is saved to best_mIoU_iter_40.pth.
2025/10/25 20:46:29 - mmengine - INFO - Iter(train) [  45/1000]  lr: 9.6067e-03  eta: 0:07:36  time: 0.3739  data_time: 0.0911  memory: 10177  loss: 0.5674  decode.loss_ce: 0.4044  decode.acc_seg: 89.7584  aux.loss_ce: 0.1630  aux.acc_seg: 90.7127
2025/10/25 20:46:31 - mmengine - INFO - Iter(train) [  50/1000]  lr: 9.5619e-03  eta: 0:07:15  time: 0.3741  data_time: 0.0913  memory: 10177  loss: 0.5709  decode.loss_ce: 0.4066  decode.acc_seg: 93.1304  aux.loss_ce: 0.1643  aux.acc_seg: 93.5525
2025/10/25 20:46:31 - mmengine - INFO - Saving checkpoint at 50 iterations
2025/10/25 20:46:31 - mmengine - INFO - Iter(val) [  5/237]    eta: 0:00:02  time: 0.0093  data_time: 0.0014  memory: 662  
2025/10/25 20:46:31 - mmengine - INFO - Iter(val) [ 10/237]    eta: 0:00:02  time: 0.0092  data_time: 0.0013  memory: 662  
2025/10/25 20:46:32 - mmengine - INFO - Iter(val) [ 15/237]    eta: 0:00:02  time: 0.0086  data_time: 0.0007  memory: 662  
2025/10/25 20:46:32 - mmengine - INFO - Iter(val) [ 20/237]    eta: 0:00:01  time: 0.0087  data_time: 0.0008  memory: 662  
2025/10/25 20:46:32 - mmengine - INFO - Iter(val) [ 25/237]    eta: 0:00:01  time: 0.0086  data_time: 0.0008  memory: 662  
2025/10/25 20:46:32 - mmengine - INFO - Iter(val) [ 30/237]    eta: 0:00:01  time: 0.0087  data_time: 0.0008  memory: 662  
2025/10/25 20:46:32 - mmengine - INFO - Iter(val) [ 35/237]    eta: 0:00:01  time: 0.0095  data_time: 0.0009  memory: 662  
2025/10/25 20:46:32 - mmengine - INFO - Iter(val) [ 40/237]    eta: 0:00:01  time: 0.0094  data_time: 0.0009  memory: 662  
2025/10/25 20:46:32 - mmengine - INFO - Iter(val) [ 45/237]    eta: 0:00:01  time: 0.0087  data_time: 0.0008  memory: 662  
2025/10/25 20:46:32 - mmengine - INFO - Iter(val) [ 50/237]    eta: 0:00:01  time: 0.0087  data_time: 0.0008  memory: 662  
2025/10/25 20:46:32 - mmengine - INFO - Iter(val) [ 55/237]    eta: 0:00:01  time: 0.0089  data_time: 0.0009  memory: 662  
2025/10/25 20:46:32 - mmengine - INFO - Iter(val) [ 60/237]    eta: 0:00:01  time: 0.0091  data_time: 0.0009  memory: 662  
2025/10/25 20:46:32 - mmengine - INFO - Iter(val) [ 65/237]    eta: 0:00:01  time: 0.0091  data_time: 0.0009  memory: 662  
2025/10/25 20:46:32 - mmengine - INFO - Iter(val) [ 70/237]    eta: 0:00:01  time: 0.0089  data_time: 0.0009  memory: 662  
2025/10/25 20:46:32 - mmengine - INFO - Iter(val) [ 75/237]    eta: 0:00:01  time: 0.0089  data_time: 0.0009  memory: 662  
2025/10/25 20:46:32 - mmengine - INFO - Iter(val) [ 80/237]    eta: 0:00:01  time: 0.0090  data_time: 0.0010  memory: 662  
2025/10/25 20:46:32 - mmengine - INFO - Iter(val) [ 85/237]    eta: 0:00:01  time: 0.0088  data_time: 0.0008  memory: 662  
2025/10/25 20:46:32 - mmengine - INFO - Iter(val) [ 90/237]    eta: 0:00:01  time: 0.0089  data_time: 0.0008  memory: 662  
2025/10/25 20:46:32 - mmengine - INFO - Iter(val) [ 95/237]    eta: 0:00:01  time: 0.0089  data_time: 0.0008  memory: 662  
2025/10/25 20:46:32 - mmengine - INFO - Iter(val) [100/237]    eta: 0:00:01  time: 0.0086  data_time: 0.0007  memory: 662  
2025/10/25 20:46:32 - mmengine - INFO - Iter(val) [105/237]    eta: 0:00:01  time: 0.0086  data_time: 0.0007  memory: 662  
2025/10/25 20:46:32 - mmengine - INFO - Iter(val) [110/237]    eta: 0:00:01  time: 0.0087  data_time: 0.0008  memory: 662  
2025/10/25 20:46:32 - mmengine - INFO - Iter(val) [115/237]    eta: 0:00:01  time: 0.0089  data_time: 0.0008  memory: 662  
2025/10/25 20:46:32 - mmengine - INFO - Iter(val) [120/237]    eta: 0:00:01  time: 0.0090  data_time: 0.0009  memory: 662  
2025/10/25 20:46:32 - mmengine - INFO - Iter(val) [125/237]    eta: 0:00:00  time: 0.0087  data_time: 0.0008  memory: 662  
2025/10/25 20:46:33 - mmengine - INFO - Iter(val) [130/237]    eta: 0:00:00  time: 0.0086  data_time: 0.0008  memory: 662  
2025/10/25 20:46:33 - mmengine - INFO - Iter(val) [135/237]    eta: 0:00:00  time: 0.0087  data_time: 0.0008  memory: 662  
2025/10/25 20:46:33 - mmengine - INFO - Iter(val) [140/237]    eta: 0:00:00  time: 0.0087  data_time: 0.0008  memory: 662  
2025/10/25 20:46:33 - mmengine - INFO - Iter(val) [145/237]    eta: 0:00:00  time: 0.0086  data_time: 0.0007  memory: 662  
2025/10/25 20:46:33 - mmengine - INFO - Iter(val) [150/237]    eta: 0:00:00  time: 0.0086  data_time: 0.0007  memory: 662  
2025/10/25 20:46:33 - mmengine - INFO - Iter(val) [155/237]    eta: 0:00:00  time: 0.0086  data_time: 0.0007  memory: 662  
2025/10/25 20:46:33 - mmengine - INFO - Iter(val) [160/237]    eta: 0:00:00  time: 0.0086  data_time: 0.0008  memory: 662  
2025/10/25 20:46:33 - mmengine - INFO - Iter(val) [165/237]    eta: 0:00:00  time: 0.0086  data_time: 0.0008  memory: 662  
2025/10/25 20:46:33 - mmengine - INFO - Iter(val) [170/237]    eta: 0:00:00  time: 0.0086  data_time: 0.0007  memory: 662  
2025/10/25 20:46:33 - mmengine - INFO - Iter(val) [175/237]    eta: 0:00:00  time: 0.0086  data_time: 0.0007  memory: 662  
2025/10/25 20:46:33 - mmengine - INFO - Iter(val) [180/237]    eta: 0:00:00  time: 0.0088  data_time: 0.0008  memory: 662  
2025/10/25 20:46:33 - mmengine - INFO - Iter(val) [185/237]    eta: 0:00:00  time: 0.0088  data_time: 0.0008  memory: 662  
2025/10/25 20:46:33 - mmengine - INFO - Iter(val) [190/237]    eta: 0:00:00  time: 0.0087  data_time: 0.0008  memory: 662  
2025/10/25 20:46:33 - mmengine - INFO - Iter(val) [195/237]    eta: 0:00:00  time: 0.0086  data_time: 0.0008  memory: 662  
2025/10/25 20:46:33 - mmengine - INFO - Iter(val) [200/237]    eta: 0:00:00  time: 0.0086  data_time: 0.0007  memory: 662  
2025/10/25 20:46:33 - mmengine - INFO - Iter(val) [205/237]    eta: 0:00:00  time: 0.0085  data_time: 0.0007  memory: 662  
2025/10/25 20:46:33 - mmengine - INFO - Iter(val) [210/237]    eta: 0:00:00  time: 0.0086  data_time: 0.0007  memory: 662  
2025/10/25 20:46:33 - mmengine - INFO - Iter(val) [215/237]    eta: 0:00:00  time: 0.0086  data_time: 0.0007  memory: 662  
2025/10/25 20:46:33 - mmengine - INFO - Iter(val) [220/237]    eta: 0:00:00  time: 0.0085  data_time: 0.0007  memory: 662  
2025/10/25 20:46:33 - mmengine - INFO - Iter(val) [225/237]    eta: 0:00:00  time: 0.0085  data_time: 0.0007  memory: 662  
2025/10/25 20:46:33 - mmengine - INFO - Iter(val) [230/237]    eta: 0:00:00  time: 0.0085  data_time: 0.0007  memory: 662  
2025/10/25 20:46:33 - mmengine - INFO - Iter(val) [235/237]    eta: 0:00:00  time: 0.0085  data_time: 0.0007  memory: 662  
2025/10/25 20:46:33 - mmengine - INFO - per class results:
2025/10/25 20:46:33 - mmengine - INFO - 
+------------+-------+-------+
|   Class    |  IoU  |  Acc  |
+------------+-------+-------+
| background | 94.36 | 94.99 |
|   crack    | 40.41 | 85.15 |
+------------+-------+-------+
2025/10/25 20:46:33 - mmengine - INFO - Iter(val) [237/237]    aAcc: 94.5700  mIoU: 67.3800  mAcc: 90.0700  data_time: 0.0008  time: 0.0088
2025/10/25 20:46:35 - mmengine - INFO - Iter(train) [  55/1000]  lr: 9.5171e-03  eta: 0:06:58  time: 0.2877  data_time: 0.0046  memory: 10177  loss: 0.5223  decode.loss_ce: 0.3743  decode.acc_seg: 95.3408  aux.loss_ce: 0.1480  aux.acc_seg: 93.8447
2025/10/25 20:46:36 - mmengine - INFO - Iter(train) [  60/1000]  lr: 9.4722e-03  eta: 0:06:44  time: 0.2875  data_time: 0.0044  memory: 10177  loss: 0.5081  decode.loss_ce: 0.3619  decode.acc_seg: 93.3853  aux.loss_ce: 0.1462  aux.acc_seg: 93.2050
2025/10/25 20:46:36 - mmengine - INFO - Saving checkpoint at 60 iterations
2025/10/25 20:46:37 - mmengine - INFO - Iter(val) [  5/237]    eta: 0:00:02  time: 0.0092  data_time: 0.0013  memory: 662  
2025/10/25 20:46:37 - mmengine - INFO - Iter(val) [ 10/237]    eta: 0:00:02  time: 0.0092  data_time: 0.0013  memory: 662  
2025/10/25 20:46:37 - mmengine - INFO - Iter(val) [ 15/237]    eta: 0:00:01  time: 0.0086  data_time: 0.0007  memory: 662  
2025/10/25 20:46:37 - mmengine - INFO - Iter(val) [ 20/237]    eta: 0:00:01  time: 0.0086  data_time: 0.0008  memory: 662  
2025/10/25 20:46:37 - mmengine - INFO - Iter(val) [ 25/237]    eta: 0:00:01  time: 0.0086  data_time: 0.0008  memory: 662  
2025/10/25 20:46:37 - mmengine - INFO - Iter(val) [ 30/237]    eta: 0:00:01  time: 0.0092  data_time: 0.0009  memory: 662  
2025/10/25 20:46:37 - mmengine - INFO - Iter(val) [ 35/237]    eta: 0:00:01  time: 0.0091  data_time: 0.0008  memory: 662  
2025/10/25 20:46:37 - mmengine - INFO - Iter(val) [ 40/237]    eta: 0:00:01  time: 0.0085  data_time: 0.0007  memory: 662  
2025/10/25 20:46:37 - mmengine - INFO - Iter(val) [ 45/237]    eta: 0:00:01  time: 0.0085  data_time: 0.0007  memory: 662  
2025/10/25 20:46:37 - mmengine - INFO - Iter(val) [ 50/237]    eta: 0:00:01  time: 0.0086  data_time: 0.0007  memory: 662  
2025/10/25 20:46:37 - mmengine - INFO - Iter(val) [ 55/237]    eta: 0:00:01  time: 0.0086  data_time: 0.0007  memory: 662  
2025/10/25 20:46:37 - mmengine - INFO - Iter(val) [ 60/237]    eta: 0:00:01  time: 0.0086  data_time: 0.0007  memory: 662  
2025/10/25 20:46:37 - mmengine - INFO - Iter(val) [ 65/237]    eta: 0:00:01  time: 0.0086  data_time: 0.0008  memory: 662  
2025/10/25 20:46:38 - mmengine - INFO - Iter(val) [ 70/237]    eta: 0:00:01  time: 0.0087  data_time: 0.0008  memory: 662  
2025/10/25 20:46:38 - mmengine - INFO - Iter(val) [ 75/237]    eta: 0:00:01  time: 0.0087  data_time: 0.0008  memory: 662  
2025/10/25 20:46:38 - mmengine - INFO - Iter(val) [ 80/237]    eta: 0:00:01  time: 0.0087  data_time: 0.0008  memory: 662  
2025/10/25 20:46:38 - mmengine - INFO - Iter(val) [ 85/237]    eta: 0:00:01  time: 0.0088  data_time: 0.0009  memory: 662  
2025/10/25 20:46:38 - mmengine - INFO - Iter(val) [ 90/237]    eta: 0:00:01  time: 0.0087  data_time: 0.0008  memory: 662  
2025/10/25 20:46:38 - mmengine - INFO - Iter(val) [ 95/237]    eta: 0:00:01  time: 0.0087  data_time: 0.0008  memory: 662  
2025/10/25 20:46:38 - mmengine - INFO - Iter(val) [100/237]    eta: 0:00:01  time: 0.0087  data_time: 0.0008  memory: 662  
2025/10/25 20:46:38 - mmengine - INFO - Iter(val) [105/237]    eta: 0:00:01  time: 0.0087  data_time: 0.0008  memory: 662  
2025/10/25 20:46:38 - mmengine - INFO - Iter(val) [110/237]    eta: 0:00:01  time: 0.0088  data_time: 0.0008  memory: 662  
2025/10/25 20:46:38 - mmengine - INFO - Iter(val) [115/237]    eta: 0:00:01  time: 0.0088  data_time: 0.0008  memory: 662  
2025/10/25 20:46:38 - mmengine - INFO - Iter(val) [120/237]    eta: 0:00:01  time: 0.0086  data_time: 0.0008  memory: 662  
2025/10/25 20:46:38 - mmengine - INFO - Iter(val) [125/237]    eta: 0:00:00  time: 0.0086  data_time: 0.0008  memory: 662  
2025/10/25 20:46:38 - mmengine - INFO - Iter(val) [130/237]    eta: 0:00:00  time: 0.0090  data_time: 0.0008  memory: 662  
2025/10/25 20:46:38 - mmengine - INFO - Iter(val) [135/237]    eta: 0:00:00  time: 0.0090  data_time: 0.0008  memory: 662  
2025/10/25 20:46:38 - mmengine - INFO - Iter(val) [140/237]    eta: 0:00:00  time: 0.0087  data_time: 0.0008  memory: 662  
2025/10/25 20:46:38 - mmengine - INFO - Iter(val) [145/237]    eta: 0:00:00  time: 0.0087  data_time: 0.0008  memory: 662  
2025/10/25 20:46:38 - mmengine - INFO - Iter(val) [150/237]    eta: 0:00:00  time: 0.0087  data_time: 0.0008  memory: 662  
2025/10/25 20:46:38 - mmengine - INFO - Iter(val) [155/237]    eta: 0:00:00  time: 0.0086  data_time: 0.0008  memory: 662  
2025/10/25 20:46:38 - mmengine - INFO - Iter(val) [160/237]    eta: 0:00:00  time: 0.0087  data_time: 0.0008  memory: 662  
2025/10/25 20:46:38 - mmengine - INFO - Iter(val) [165/237]    eta: 0:00:00  time: 0.0088  data_time: 0.0009  memory: 662  
2025/10/25 20:46:38 - mmengine - INFO - Iter(val) [170/237]    eta: 0:00:00  time: 0.0089  data_time: 0.0009  memory: 662  
2025/10/25 20:46:38 - mmengine - INFO - Iter(val) [175/237]    eta: 0:00:00  time: 0.0088  data_time: 0.0008  memory: 662  
2025/10/25 20:46:39 - mmengine - INFO - Iter(val) [180/237]    eta: 0:00:00  time: 0.0088  data_time: 0.0008  memory: 662  
2025/10/25 20:46:39 - mmengine - INFO - Iter(val) [185/237]    eta: 0:00:00  time: 0.0088  data_time: 0.0008  memory: 662  
2025/10/25 20:46:39 - mmengine - INFO - Iter(val) [190/237]    eta: 0:00:00  time: 0.0086  data_time: 0.0008  memory: 662  
2025/10/25 20:46:39 - mmengine - INFO - Iter(val) [195/237]    eta: 0:00:00  time: 0.0086  data_time: 0.0008  memory: 662  
2025/10/25 20:46:39 - mmengine - INFO - Iter(val) [200/237]    eta: 0:00:00  time: 0.0087  data_time: 0.0008  memory: 662  
2025/10/25 20:46:39 - mmengine - INFO - Iter(val) [205/237]    eta: 0:00:00  time: 0.0087  data_time: 0.0008  memory: 662  
2025/10/25 20:46:39 - mmengine - INFO - Iter(val) [210/237]    eta: 0:00:00  time: 0.0087  data_time: 0.0008  memory: 662  
2025/10/25 20:46:39 - mmengine - INFO - Iter(val) [215/237]    eta: 0:00:00  time: 0.0089  data_time: 0.0009  memory: 662  
2025/10/25 20:46:39 - mmengine - INFO - Iter(val) [220/237]    eta: 0:00:00  time: 0.0089  data_time: 0.0009  memory: 662  
2025/10/25 20:46:39 - mmengine - INFO - Iter(val) [225/237]    eta: 0:00:00  time: 0.0087  data_time: 0.0008  memory: 662  
2025/10/25 20:46:39 - mmengine - INFO - Iter(val) [230/237]    eta: 0:00:00  time: 0.0086  data_time: 0.0008  memory: 662  
2025/10/25 20:46:39 - mmengine - INFO - Iter(val) [235/237]    eta: 0:00:00  time: 0.0086  data_time: 0.0008  memory: 662  
2025/10/25 20:46:39 - mmengine - INFO - per class results:
2025/10/25 20:46:39 - mmengine - INFO - 
+------------+-------+-------+
|   Class    |  IoU  |  Acc  |
+------------+-------+-------+
| background | 95.79 | 96.66 |
|   crack    | 46.04 | 80.05 |
+------------+-------+-------+
2025/10/25 20:46:39 - mmengine - INFO - Iter(val) [237/237]    aAcc: 95.9400  mIoU: 70.9200  mAcc: 88.3500  data_time: 0.0008  time: 0.0087
2025/10/25 20:46:39 - mmengine - INFO - The previous best checkpoint /home/szw/segmentation_ws/work_1/work_dirs/deepcrack_pspnet_optimized_v2/best_mIoU_iter_40.pth is removed
2025/10/25 20:46:39 - mmengine - INFO - The best checkpoint with 70.9200 mIoU at 60 iter is saved to best_mIoU_iter_60.pth.
2025/10/25 20:46:41 - mmengine - INFO - Iter(train) [  65/1000]  lr: 9.4273e-03  eta: 0:06:44  time: 0.3746  data_time: 0.0921  memory: 10177  loss: 0.5133  decode.loss_ce: 0.3646  decode.acc_seg: 93.5999  aux.loss_ce: 0.1487  aux.acc_seg: 94.6071
2025/10/25 20:46:43 - mmengine - INFO - Iter(train) [  70/1000]  lr: 9.3824e-03  eta: 0:06:32  time: 0.3748  data_time: 0.0922  memory: 10177  loss: 0.5382  decode.loss_ce: 0.3842  decode.acc_seg: 95.9893  aux.loss_ce: 0.1540  aux.acc_seg: 95.9548
2025/10/25 20:46:43 - mmengine - INFO - Saving checkpoint at 70 iterations
2025/10/25 20:46:43 - mmengine - INFO - Iter(val) [  5/237]    eta: 0:00:02  time: 0.0098  data_time: 0.0014  memory: 662  
2025/10/25 20:46:43 - mmengine - INFO - Iter(val) [ 10/237]    eta: 0:00:02  time: 0.0098  data_time: 0.0013  memory: 662  
2025/10/25 20:46:43 - mmengine - INFO - Iter(val) [ 15/237]    eta: 0:00:02  time: 0.0086  data_time: 0.0007  memory: 662  
2025/10/25 20:46:43 - mmengine - INFO - Iter(val) [ 20/237]    eta: 0:00:02  time: 0.0089  data_time: 0.0008  memory: 662  
2025/10/25 20:46:43 - mmengine - INFO - Iter(val) [ 25/237]    eta: 0:00:01  time: 0.0088  data_time: 0.0008  memory: 662  
2025/10/25 20:46:44 - mmengine - INFO - Iter(val) [ 30/237]    eta: 0:00:01  time: 0.0085  data_time: 0.0007  memory: 662  
2025/10/25 20:46:44 - mmengine - INFO - Iter(val) [ 35/237]    eta: 0:00:01  time: 0.0085  data_time: 0.0007  memory: 662  
2025/10/25 20:46:44 - mmengine - INFO - Iter(val) [ 40/237]    eta: 0:00:01  time: 0.0084  data_time: 0.0007  memory: 662  
2025/10/25 20:46:44 - mmengine - INFO - Iter(val) [ 45/237]    eta: 0:00:01  time: 0.0084  data_time: 0.0006  memory: 662  
2025/10/25 20:46:44 - mmengine - INFO - Iter(val) [ 50/237]    eta: 0:00:01  time: 0.0084  data_time: 0.0006  memory: 662  
2025/10/25 20:46:44 - mmengine - INFO - Iter(val) [ 55/237]    eta: 0:00:01  time: 0.0084  data_time: 0.0006  memory: 662  
2025/10/25 20:46:44 - mmengine - INFO - Iter(val) [ 60/237]    eta: 0:00:01  time: 0.0084  data_time: 0.0006  memory: 662  
2025/10/25 20:46:44 - mmengine - INFO - Iter(val) [ 65/237]    eta: 0:00:01  time: 0.0084  data_time: 0.0007  memory: 662  
2025/10/25 20:46:44 - mmengine - INFO - Iter(val) [ 70/237]    eta: 0:00:01  time: 0.0084  data_time: 0.0006  memory: 662  
2025/10/25 20:46:44 - mmengine - INFO - Iter(val) [ 75/237]    eta: 0:00:01  time: 0.0084  data_time: 0.0007  memory: 662  
2025/10/25 20:46:44 - mmengine - INFO - Iter(val) [ 80/237]    eta: 0:00:01  time: 0.0085  data_time: 0.0007  memory: 662  
2025/10/25 20:46:44 - mmengine - INFO - Iter(val) [ 85/237]    eta: 0:00:01  time: 0.0085  data_time: 0.0007  memory: 662  
2025/10/25 20:46:44 - mmengine - INFO - Iter(val) [ 90/237]    eta: 0:00:01  time: 0.0085  data_time: 0.0007  memory: 662  
2025/10/25 20:46:44 - mmengine - INFO - Iter(val) [ 95/237]    eta: 0:00:01  time: 0.0086  data_time: 0.0007  memory: 662  
2025/10/25 20:46:44 - mmengine - INFO - Iter(val) [100/237]    eta: 0:00:01  time: 0.0086  data_time: 0.0007  memory: 662  
2025/10/25 20:46:44 - mmengine - INFO - Iter(val) [105/237]    eta: 0:00:01  time: 0.0085  data_time: 0.0007  memory: 662  
2025/10/25 20:46:44 - mmengine - INFO - Iter(val) [110/237]    eta: 0:00:01  time: 0.0085  data_time: 0.0007  memory: 662  
2025/10/25 20:46:44 - mmengine - INFO - Iter(val) [115/237]    eta: 0:00:01  time: 0.0085  data_time: 0.0007  memory: 662  
2025/10/25 20:46:44 - mmengine - INFO - Iter(val) [120/237]    eta: 0:00:01  time: 0.0084  data_time: 0.0007  memory: 662  
2025/10/25 20:46:44 - mmengine - INFO - Iter(val) [125/237]    eta: 0:00:00  time: 0.0085  data_time: 0.0007  memory: 662  
2025/10/25 20:46:44 - mmengine - INFO - Iter(val) [130/237]    eta: 0:00:00  time: 0.0086  data_time: 0.0008  memory: 662  
2025/10/25 20:46:44 - mmengine - INFO - Iter(val) [135/237]    eta: 0:00:00  time: 0.0087  data_time: 0.0008  memory: 662  
2025/10/25 20:46:44 - mmengine - INFO - Iter(val) [140/237]    eta: 0:00:00  time: 0.0087  data_time: 0.0008  memory: 662  
2025/10/25 20:46:45 - mmengine - INFO - Iter(val) [145/237]    eta: 0:00:00  time: 0.0086  data_time: 0.0007  memory: 662  
2025/10/25 20:46:45 - mmengine - INFO - Iter(val) [150/237]    eta: 0:00:00  time: 0.0085  data_time: 0.0007  memory: 662  
2025/10/25 20:46:45 - mmengine - INFO - Iter(val) [155/237]    eta: 0:00:00  time: 0.0085  data_time: 0.0007  memory: 662  
2025/10/25 20:46:45 - mmengine - INFO - Iter(val) [160/237]    eta: 0:00:00  time: 0.0085  data_time: 0.0007  memory: 662  
2025/10/25 20:46:45 - mmengine - INFO - Iter(val) [165/237]    eta: 0:00:00  time: 0.0085  data_time: 0.0007  memory: 662  
2025/10/25 20:46:45 - mmengine - INFO - Iter(val) [170/237]    eta: 0:00:00  time: 0.0088  data_time: 0.0007  memory: 662  
2025/10/25 20:46:45 - mmengine - INFO - Iter(val) [175/237]    eta: 0:00:00  time: 0.0089  data_time: 0.0008  memory: 662  
2025/10/25 20:46:45 - mmengine - INFO - Iter(val) [180/237]    eta: 0:00:00  time: 0.0086  data_time: 0.0007  memory: 662  
2025/10/25 20:46:45 - mmengine - INFO - Iter(val) [185/237]    eta: 0:00:00  time: 0.0089  data_time: 0.0008  memory: 662  
2025/10/25 20:46:45 - mmengine - INFO - Iter(val) [190/237]    eta: 0:00:00  time: 0.0088  data_time: 0.0008  memory: 662  
2025/10/25 20:46:45 - mmengine - INFO - Iter(val) [195/237]    eta: 0:00:00  time: 0.0086  data_time: 0.0007  memory: 662  
2025/10/25 20:46:45 - mmengine - INFO - Iter(val) [200/237]    eta: 0:00:00  time: 0.0085  data_time: 0.0007  memory: 662  
2025/10/25 20:46:45 - mmengine - INFO - Iter(val) [205/237]    eta: 0:00:00  time: 0.0085  data_time: 0.0007  memory: 662  
2025/10/25 20:46:45 - mmengine - INFO - Iter(val) [210/237]    eta: 0:00:00  time: 0.0085  data_time: 0.0007  memory: 662  
2025/10/25 20:46:45 - mmengine - INFO - Iter(val) [215/237]    eta: 0:00:00  time: 0.0086  data_time: 0.0007  memory: 662  
2025/10/25 20:46:45 - mmengine - INFO - Iter(val) [220/237]    eta: 0:00:00  time: 0.0087  data_time: 0.0007  memory: 662  
2025/10/25 20:46:45 - mmengine - INFO - Iter(val) [225/237]    eta: 0:00:00  time: 0.0086  data_time: 0.0007  memory: 662  
2025/10/25 20:46:45 - mmengine - INFO - Iter(val) [230/237]    eta: 0:00:00  time: 0.0085  data_time: 0.0007  memory: 662  
2025/10/25 20:46:45 - mmengine - INFO - Iter(val) [235/237]    eta: 0:00:00  time: 0.0084  data_time: 0.0007  memory: 662  
2025/10/25 20:46:45 - mmengine - INFO - per class results:
2025/10/25 20:46:45 - mmengine - INFO - 
+------------+-------+-------+
|   Class    |  IoU  |  Acc  |
+------------+-------+-------+
| background | 96.66 | 97.88 |
|   crack    | 49.09 | 72.08 |
+------------+-------+-------+
2025/10/25 20:46:45 - mmengine - INFO - Iter(val) [237/237]    aAcc: 96.7700  mIoU: 72.8700  mAcc: 84.9800  data_time: 0.0007  time: 0.0086
2025/10/25 20:46:45 - mmengine - INFO - The previous best checkpoint /home/szw/segmentation_ws/work_1/work_dirs/deepcrack_pspnet_optimized_v2/best_mIoU_iter_60.pth is removed
2025/10/25 20:46:46 - mmengine - INFO - The best checkpoint with 72.8700 mIoU at 70 iter is saved to best_mIoU_iter_70.pth.
2025/10/25 20:46:48 - mmengine - INFO - Iter(train) [  75/1000]  lr: 9.3375e-03  eta: 0:06:34  time: 0.3851  data_time: 0.1023  memory: 10177  loss: 0.5754  decode.loss_ce: 0.4063  decode.acc_seg: 95.9933  aux.loss_ce: 0.1691  aux.acc_seg: 95.8951
2025/10/25 20:46:49 - mmengine - INFO - Iter(train) [  80/1000]  lr: 9.2925e-03  eta: 0:06:24  time: 0.3854  data_time: 0.1024  memory: 10177  loss: 0.5718  decode.loss_ce: 0.4030  decode.acc_seg: 92.9660  aux.loss_ce: 0.1688  aux.acc_seg: 92.1664
2025/10/25 20:46:49 - mmengine - INFO - Saving checkpoint at 80 iterations
2025/10/25 20:46:50 - mmengine - INFO - Iter(val) [  5/237]    eta: 0:00:02  time: 0.0094  data_time: 0.0013  memory: 662  
2025/10/25 20:46:50 - mmengine - INFO - Iter(val) [ 10/237]    eta: 0:00:02  time: 0.0095  data_time: 0.0013  memory: 662  
2025/10/25 20:46:50 - mmengine - INFO - Iter(val) [ 15/237]    eta: 0:00:02  time: 0.0085  data_time: 0.0007  memory: 662  
2025/10/25 20:46:50 - mmengine - INFO - Iter(val) [ 20/237]    eta: 0:00:01  time: 0.0086  data_time: 0.0008  memory: 662  
2025/10/25 20:46:50 - mmengine - INFO - Iter(val) [ 25/237]    eta: 0:00:01  time: 0.0086  data_time: 0.0008  memory: 662  
2025/10/25 20:46:50 - mmengine - INFO - Iter(val) [ 30/237]    eta: 0:00:01  time: 0.0087  data_time: 0.0008  memory: 662  
2025/10/25 20:46:50 - mmengine - INFO - Iter(val) [ 35/237]    eta: 0:00:01  time: 0.0087  data_time: 0.0008  memory: 662  
2025/10/25 20:46:50 - mmengine - INFO - Iter(val) [ 40/237]    eta: 0:00:01  time: 0.0093  data_time: 0.0009  memory: 662  
2025/10/25 20:46:50 - mmengine - INFO - Iter(val) [ 45/237]    eta: 0:00:01  time: 0.0095  data_time: 0.0010  memory: 662  
2025/10/25 20:46:50 - mmengine - INFO - Iter(val) [ 50/237]    eta: 0:00:01  time: 0.0090  data_time: 0.0009  memory: 662  
2025/10/25 20:46:50 - mmengine - INFO - Iter(val) [ 55/237]    eta: 0:00:01  time: 0.0088  data_time: 0.0008  memory: 662  
2025/10/25 20:46:50 - mmengine - INFO - Iter(val) [ 60/237]    eta: 0:00:01  time: 0.0087  data_time: 0.0008  memory: 662  
2025/10/25 20:46:50 - mmengine - INFO - Iter(val) [ 65/237]    eta: 0:00:01  time: 0.0087  data_time: 0.0008  memory: 662  
2025/10/25 20:46:50 - mmengine - INFO - Iter(val) [ 70/237]    eta: 0:00:01  time: 0.0087  data_time: 0.0008  memory: 662  
2025/10/25 20:46:50 - mmengine - INFO - Iter(val) [ 75/237]    eta: 0:00:01  time: 0.0087  data_time: 0.0008  memory: 662  
2025/10/25 20:46:50 - mmengine - INFO - Iter(val) [ 80/237]    eta: 0:00:01  time: 0.0088  data_time: 0.0009  memory: 662  
2025/10/25 20:46:50 - mmengine - INFO - Iter(val) [ 85/237]    eta: 0:00:01  time: 0.0089  data_time: 0.0009  memory: 662  
2025/10/25 20:46:50 - mmengine - INFO - Iter(val) [ 90/237]    eta: 0:00:01  time: 0.0089  data_time: 0.0009  memory: 662  
2025/10/25 20:46:51 - mmengine - INFO - Iter(val) [ 95/237]    eta: 0:00:01  time: 0.0088  data_time: 0.0008  memory: 662  
2025/10/25 20:46:51 - mmengine - INFO - Iter(val) [100/237]    eta: 0:00:01  time: 0.0087  data_time: 0.0008  memory: 662  
2025/10/25 20:46:51 - mmengine - INFO - Iter(val) [105/237]    eta: 0:00:01  time: 0.0087  data_time: 0.0008  memory: 662  
2025/10/25 20:46:51 - mmengine - INFO - Iter(val) [110/237]    eta: 0:00:01  time: 0.0087  data_time: 0.0008  memory: 662  
2025/10/25 20:46:51 - mmengine - INFO - Iter(val) [115/237]    eta: 0:00:01  time: 0.0087  data_time: 0.0008  memory: 662  
2025/10/25 20:46:51 - mmengine - INFO - Iter(val) [120/237]    eta: 0:00:01  time: 0.0087  data_time: 0.0008  memory: 662  
2025/10/25 20:46:51 - mmengine - INFO - Iter(val) [125/237]    eta: 0:00:00  time: 0.0087  data_time: 0.0009  memory: 662  
2025/10/25 20:46:51 - mmengine - INFO - Iter(val) [130/237]    eta: 0:00:00  time: 0.0087  data_time: 0.0008  memory: 662  
2025/10/25 20:46:51 - mmengine - INFO - Iter(val) [135/237]    eta: 0:00:00  time: 0.0086  data_time: 0.0008  memory: 662  
2025/10/25 20:46:51 - mmengine - INFO - Iter(val) [140/237]    eta: 0:00:00  time: 0.0086  data_time: 0.0008  memory: 662  
2025/10/25 20:46:51 - mmengine - INFO - Iter(val) [145/237]    eta: 0:00:00  time: 0.0086  data_time: 0.0008  memory: 662  
2025/10/25 20:46:51 - mmengine - INFO - Iter(val) [150/237]    eta: 0:00:00  time: 0.0087  data_time: 0.0008  memory: 662  
2025/10/25 20:46:51 - mmengine - INFO - Iter(val) [155/237]    eta: 0:00:00  time: 0.0087  data_time: 0.0008  memory: 662  
2025/10/25 20:46:51 - mmengine - INFO - Iter(val) [160/237]    eta: 0:00:00  time: 0.0087  data_time: 0.0008  memory: 662  
2025/10/25 20:46:51 - mmengine - INFO - Iter(val) [165/237]    eta: 0:00:00  time: 0.0086  data_time: 0.0007  memory: 662  
2025/10/25 20:46:51 - mmengine - INFO - Iter(val) [170/237]    eta: 0:00:00  time: 0.0086  data_time: 0.0007  memory: 662  
2025/10/25 20:46:51 - mmengine - INFO - Iter(val) [175/237]    eta: 0:00:00  time: 0.0086  data_time: 0.0007  memory: 662  
2025/10/25 20:46:51 - mmengine - INFO - Iter(val) [180/237]    eta: 0:00:00  time: 0.0086  data_time: 0.0007  memory: 662  
2025/10/25 20:46:51 - mmengine - INFO - Iter(val) [185/237]    eta: 0:00:00  time: 0.0086  data_time: 0.0007  memory: 662  
2025/10/25 20:46:51 - mmengine - INFO - Iter(val) [190/237]    eta: 0:00:00  time: 0.0086  data_time: 0.0007  memory: 662  
2025/10/25 20:46:51 - mmengine - INFO - Iter(val) [195/237]    eta: 0:00:00  time: 0.0086  data_time: 0.0008  memory: 662  
2025/10/25 20:46:51 - mmengine - INFO - Iter(val) [200/237]    eta: 0:00:00  time: 0.0087  data_time: 0.0008  memory: 662  
2025/10/25 20:46:51 - mmengine - INFO - Iter(val) [205/237]    eta: 0:00:00  time: 0.0088  data_time: 0.0009  memory: 662  
2025/10/25 20:46:52 - mmengine - INFO - Iter(val) [210/237]    eta: 0:00:00  time: 0.0088  data_time: 0.0009  memory: 662  
2025/10/25 20:46:52 - mmengine - INFO - Iter(val) [215/237]    eta: 0:00:00  time: 0.0088  data_time: 0.0008  memory: 662  
2025/10/25 20:46:52 - mmengine - INFO - Iter(val) [220/237]    eta: 0:00:00  time: 0.0087  data_time: 0.0008  memory: 662  
2025/10/25 20:46:52 - mmengine - INFO - Iter(val) [225/237]    eta: 0:00:00  time: 0.0087  data_time: 0.0008  memory: 662  
2025/10/25 20:46:52 - mmengine - INFO - Iter(val) [230/237]    eta: 0:00:00  time: 0.0087  data_time: 0.0008  memory: 662  
2025/10/25 20:46:52 - mmengine - INFO - Iter(val) [235/237]    eta: 0:00:00  time: 0.0086  data_time: 0.0008  memory: 662  
2025/10/25 20:46:52 - mmengine - INFO - per class results:
2025/10/25 20:46:52 - mmengine - INFO - 
+------------+-------+-------+
|   Class    |  IoU  |  Acc  |
+------------+-------+-------+
| background | 96.09 | 97.01 |
|   crack    | 47.47 | 78.91 |
+------------+-------+-------+
2025/10/25 20:46:52 - mmengine - INFO - Iter(val) [237/237]    aAcc: 96.2200  mIoU: 71.7800  mAcc: 87.9600  data_time: 0.0008  time: 0.0088
2025/10/25 20:46:53 - mmengine - INFO - Iter(train) [  85/1000]  lr: 9.2476e-03  eta: 0:06:15  time: 0.2877  data_time: 0.0047  memory: 10177  loss: 0.5479  decode.loss_ce: 0.3868  decode.acc_seg: 94.3829  aux.loss_ce: 0.1611  aux.acc_seg: 93.6974
2025/10/25 20:46:55 - mmengine - INFO - Iter(train) [  90/1000]  lr: 9.2026e-03  eta: 0:06:06  time: 0.2873  data_time: 0.0046  memory: 10177  loss: 0.6049  decode.loss_ce: 0.4250  decode.acc_seg: 91.4937  aux.loss_ce: 0.1799  aux.acc_seg: 92.5438
2025/10/25 20:46:55 - mmengine - INFO - Saving checkpoint at 90 iterations
2025/10/25 20:46:55 - mmengine - INFO - Iter(val) [  5/237]    eta: 0:00:02  time: 0.0094  data_time: 0.0013  memory: 662  
2025/10/25 20:46:55 - mmengine - INFO - Iter(val) [ 10/237]    eta: 0:00:02  time: 0.0094  data_time: 0.0013  memory: 662  
2025/10/25 20:46:55 - mmengine - INFO - Iter(val) [ 15/237]    eta: 0:00:02  time: 0.0085  data_time: 0.0007  memory: 662  
2025/10/25 20:46:55 - mmengine - INFO - Iter(val) [ 20/237]    eta: 0:00:01  time: 0.0086  data_time: 0.0008  memory: 662  
2025/10/25 20:46:55 - mmengine - INFO - Iter(val) [ 25/237]    eta: 0:00:01  time: 0.0086  data_time: 0.0008  memory: 662  
2025/10/25 20:46:55 - mmengine - INFO - Iter(val) [ 30/237]    eta: 0:00:01  time: 0.0087  data_time: 0.0008  memory: 662  
2025/10/25 20:46:56 - mmengine - INFO - Iter(val) [ 35/237]    eta: 0:00:01  time: 0.0087  data_time: 0.0008  memory: 662  
2025/10/25 20:46:56 - mmengine - INFO - Iter(val) [ 40/237]    eta: 0:00:01  time: 0.0087  data_time: 0.0008  memory: 662  
2025/10/25 20:46:56 - mmengine - INFO - Iter(val) [ 45/237]    eta: 0:00:01  time: 0.0086  data_time: 0.0008  memory: 662  
2025/10/25 20:46:56 - mmengine - INFO - Iter(val) [ 50/237]    eta: 0:00:01  time: 0.0086  data_time: 0.0008  memory: 662  
2025/10/25 20:46:56 - mmengine - INFO - Iter(val) [ 55/237]    eta: 0:00:01  time: 0.0086  data_time: 0.0008  memory: 662  
2025/10/25 20:46:56 - mmengine - INFO - Iter(val) [ 60/237]    eta: 0:00:01  time: 0.0087  data_time: 0.0008  memory: 662  
2025/10/25 20:46:56 - mmengine - INFO - Iter(val) [ 65/237]    eta: 0:00:01  time: 0.0087  data_time: 0.0008  memory: 662  
2025/10/25 20:46:56 - mmengine - INFO - Iter(val) [ 70/237]    eta: 0:00:01  time: 0.0086  data_time: 0.0008  memory: 662  
2025/10/25 20:46:56 - mmengine - INFO - Iter(val) [ 75/237]    eta: 0:00:01  time: 0.0086  data_time: 0.0008  memory: 662  
2025/10/25 20:46:56 - mmengine - INFO - Iter(val) [ 80/237]    eta: 0:00:01  time: 0.0087  data_time: 0.0008  memory: 662  
2025/10/25 20:46:56 - mmengine - INFO - Iter(val) [ 85/237]    eta: 0:00:01  time: 0.0087  data_time: 0.0008  memory: 662  
2025/10/25 20:46:56 - mmengine - INFO - Iter(val) [ 90/237]    eta: 0:00:01  time: 0.0088  data_time: 0.0008  memory: 662  
2025/10/25 20:46:56 - mmengine - INFO - Iter(val) [ 95/237]    eta: 0:00:01  time: 0.0089  data_time: 0.0009  memory: 662  
2025/10/25 20:46:56 - mmengine - INFO - Iter(val) [100/237]    eta: 0:00:01  time: 0.0088  data_time: 0.0009  memory: 662  
2025/10/25 20:46:56 - mmengine - INFO - Iter(val) [105/237]    eta: 0:00:01  time: 0.0087  data_time: 0.0008  memory: 662  
2025/10/25 20:46:56 - mmengine - INFO - Iter(val) [110/237]    eta: 0:00:01  time: 0.0087  data_time: 0.0008  memory: 662  
2025/10/25 20:46:56 - mmengine - INFO - Iter(val) [115/237]    eta: 0:00:01  time: 0.0087  data_time: 0.0008  memory: 662  
2025/10/25 20:46:56 - mmengine - INFO - Iter(val) [120/237]    eta: 0:00:01  time: 0.0087  data_time: 0.0008  memory: 662  
2025/10/25 20:46:56 - mmengine - INFO - Iter(val) [125/237]    eta: 0:00:00  time: 0.0086  data_time: 0.0008  memory: 662  
2025/10/25 20:46:56 - mmengine - INFO - Iter(val) [130/237]    eta: 0:00:00  time: 0.0087  data_time: 0.0008  memory: 662  
2025/10/25 20:46:56 - mmengine - INFO - Iter(val) [135/237]    eta: 0:00:00  time: 0.0088  data_time: 0.0009  memory: 662  
2025/10/25 20:46:56 - mmengine - INFO - Iter(val) [140/237]    eta: 0:00:00  time: 0.0089  data_time: 0.0009  memory: 662  
2025/10/25 20:46:56 - mmengine - INFO - Iter(val) [145/237]    eta: 0:00:00  time: 0.0088  data_time: 0.0008  memory: 662  
2025/10/25 20:46:57 - mmengine - INFO - Iter(val) [150/237]    eta: 0:00:00  time: 0.0087  data_time: 0.0008  memory: 662  
2025/10/25 20:46:57 - mmengine - INFO - Iter(val) [155/237]    eta: 0:00:00  time: 0.0090  data_time: 0.0009  memory: 662  
2025/10/25 20:46:57 - mmengine - INFO - Iter(val) [160/237]    eta: 0:00:00  time: 0.0090  data_time: 0.0009  memory: 662  
2025/10/25 20:46:57 - mmengine - INFO - Iter(val) [165/237]    eta: 0:00:00  time: 0.0086  data_time: 0.0008  memory: 662  
2025/10/25 20:46:57 - mmengine - INFO - Iter(val) [170/237]    eta: 0:00:00  time: 0.0086  data_time: 0.0008  memory: 662  
2025/10/25 20:46:57 - mmengine - INFO - Iter(val) [175/237]    eta: 0:00:00  time: 0.0087  data_time: 0.0008  memory: 662  
2025/10/25 20:46:57 - mmengine - INFO - Iter(val) [180/237]    eta: 0:00:00  time: 0.0088  data_time: 0.0008  memory: 662  
2025/10/25 20:46:57 - mmengine - INFO - Iter(val) [185/237]    eta: 0:00:00  time: 0.0089  data_time: 0.0009  memory: 662  
2025/10/25 20:46:57 - mmengine - INFO - Iter(val) [190/237]    eta: 0:00:00  time: 0.0088  data_time: 0.0009  memory: 662  
2025/10/25 20:46:57 - mmengine - INFO - Iter(val) [195/237]    eta: 0:00:00  time: 0.0087  data_time: 0.0008  memory: 662  
2025/10/25 20:46:57 - mmengine - INFO - Iter(val) [200/237]    eta: 0:00:00  time: 0.0087  data_time: 0.0008  memory: 662  
2025/10/25 20:46:57 - mmengine - INFO - Iter(val) [205/237]    eta: 0:00:00  time: 0.0086  data_time: 0.0008  memory: 662  
2025/10/25 20:46:57 - mmengine - INFO - Iter(val) [210/237]    eta: 0:00:00  time: 0.0086  data_time: 0.0008  memory: 662  
2025/10/25 20:46:57 - mmengine - INFO - Iter(val) [215/237]    eta: 0:00:00  time: 0.0087  data_time: 0.0008  memory: 662  
2025/10/25 20:46:57 - mmengine - INFO - Iter(val) [220/237]    eta: 0:00:00  time: 0.0087  data_time: 0.0008  memory: 662  
2025/10/25 20:46:57 - mmengine - INFO - Iter(val) [225/237]    eta: 0:00:00  time: 0.0086  data_time: 0.0008  memory: 662  
2025/10/25 20:46:57 - mmengine - INFO - Iter(val) [230/237]    eta: 0:00:00  time: 0.0087  data_time: 0.0008  memory: 662  
2025/10/25 20:46:57 - mmengine - INFO - Iter(val) [235/237]    eta: 0:00:00  time: 0.0087  data_time: 0.0008  memory: 662  
2025/10/25 20:46:57 - mmengine - INFO - per class results:
2025/10/25 20:46:57 - mmengine - INFO - 
+------------+-------+-------+
|   Class    |  IoU  |  Acc  |
+------------+-------+-------+
| background | 94.18 | 94.67 |
|   crack    | 40.64 | 88.51 |
+------------+-------+-------+
2025/10/25 20:46:57 - mmengine - INFO - Iter(val) [237/237]    aAcc: 94.4100  mIoU: 67.4100  mAcc: 91.5900  data_time: 0.0008  time: 0.0087
2025/10/25 20:46:59 - mmengine - INFO - Iter(train) [  95/1000]  lr: 9.1575e-03  eta: 0:05:59  time: 0.2870  data_time: 0.0044  memory: 10177  loss: 0.5784  decode.loss_ce: 0.4090  decode.acc_seg: 94.0755  aux.loss_ce: 0.1694  aux.acc_seg: 95.0488
2025/10/25 20:47:00 - mmengine - INFO - Iter(train) [ 100/1000]  lr: 9.1125e-03  eta: 0:05:52  time: 0.2874  data_time: 0.0046  memory: 10177  loss: 0.5148  decode.loss_ce: 0.3671  decode.acc_seg: 97.3205  aux.loss_ce: 0.1476  aux.acc_seg: 94.9296
2025/10/25 20:47:00 - mmengine - INFO - Saving checkpoint at 100 iterations
2025/10/25 20:47:01 - mmengine - INFO - Iter(val) [  5/237]    eta: 0:00:02  time: 0.0096  data_time: 0.0015  memory: 662  
2025/10/25 20:47:01 - mmengine - INFO - Iter(val) [ 10/237]    eta: 0:00:02  time: 0.0095  data_time: 0.0014  memory: 662  
2025/10/25 20:47:01 - mmengine - INFO - Iter(val) [ 15/237]    eta: 0:00:02  time: 0.0086  data_time: 0.0007  memory: 662  
2025/10/25 20:47:01 - mmengine - INFO - Iter(val) [ 20/237]    eta: 0:00:01  time: 0.0087  data_time: 0.0008  memory: 662  
2025/10/25 20:47:01 - mmengine - INFO - Iter(val) [ 25/237]    eta: 0:00:01  time: 0.0086  data_time: 0.0008  memory: 662  
2025/10/25 20:47:01 - mmengine - INFO - Iter(val) [ 30/237]    eta: 0:00:01  time: 0.0086  data_time: 0.0007  memory: 662  
2025/10/25 20:47:01 - mmengine - INFO - Iter(val) [ 35/237]    eta: 0:00:01  time: 0.0086  data_time: 0.0007  memory: 662  
2025/10/25 20:47:01 - mmengine - INFO - Iter(val) [ 40/237]    eta: 0:00:01  time: 0.0086  data_time: 0.0008  memory: 662  
2025/10/25 20:47:01 - mmengine - INFO - Iter(val) [ 45/237]    eta: 0:00:01  time: 0.0086  data_time: 0.0007  memory: 662  
2025/10/25 20:47:01 - mmengine - INFO - Iter(val) [ 50/237]    eta: 0:00:01  time: 0.0086  data_time: 0.0007  memory: 662  
2025/10/25 20:47:01 - mmengine - INFO - Iter(val) [ 55/237]    eta: 0:00:01  time: 0.0085  data_time: 0.0007  memory: 662  
2025/10/25 20:47:01 - mmengine - INFO - Iter(val) [ 60/237]    eta: 0:00:01  time: 0.0085  data_time: 0.0007  memory: 662  
2025/10/25 20:47:01 - mmengine - INFO - Iter(val) [ 65/237]    eta: 0:00:01  time: 0.0086  data_time: 0.0008  memory: 662  
2025/10/25 20:47:01 - mmengine - INFO - Iter(val) [ 70/237]    eta: 0:00:01  time: 0.0088  data_time: 0.0008  memory: 662  
2025/10/25 20:47:01 - mmengine - INFO - Iter(val) [ 75/237]    eta: 0:00:01  time: 0.0089  data_time: 0.0009  memory: 662  
2025/10/25 20:47:01 - mmengine - INFO - Iter(val) [ 80/237]    eta: 0:00:01  time: 0.0088  data_time: 0.0009  memory: 662  
2025/10/25 20:47:01 - mmengine - INFO - Iter(val) [ 85/237]    eta: 0:00:01  time: 0.0086  data_time: 0.0008  memory: 662  
2025/10/25 20:47:01 - mmengine - INFO - Iter(val) [ 90/237]    eta: 0:00:01  time: 0.0087  data_time: 0.0007  memory: 662  
2025/10/25 20:47:02 - mmengine - INFO - Iter(val) [ 95/237]    eta: 0:00:01  time: 0.0088  data_time: 0.0008  memory: 662  
2025/10/25 20:47:02 - mmengine - INFO - Iter(val) [100/237]    eta: 0:00:01  time: 0.0087  data_time: 0.0007  memory: 662  
2025/10/25 20:47:02 - mmengine - INFO - Iter(val) [105/237]    eta: 0:00:01  time: 0.0086  data_time: 0.0007  memory: 662  
2025/10/25 20:47:02 - mmengine - INFO - Iter(val) [110/237]    eta: 0:00:01  time: 0.0086  data_time: 0.0007  memory: 662  
2025/10/25 20:47:02 - mmengine - INFO - Iter(val) [115/237]    eta: 0:00:01  time: 0.0086  data_time: 0.0007  memory: 662  
2025/10/25 20:47:02 - mmengine - INFO - Iter(val) [120/237]    eta: 0:00:01  time: 0.0086  data_time: 0.0007  memory: 662  
2025/10/25 20:47:02 - mmengine - INFO - Iter(val) [125/237]    eta: 0:00:00  time: 0.0085  data_time: 0.0007  memory: 662  
2025/10/25 20:47:02 - mmengine - INFO - Iter(val) [130/237]    eta: 0:00:00  time: 0.0085  data_time: 0.0007  memory: 662  
2025/10/25 20:47:02 - mmengine - INFO - Iter(val) [135/237]    eta: 0:00:00  time: 0.0085  data_time: 0.0007  memory: 662  
2025/10/25 20:47:02 - mmengine - INFO - Iter(val) [140/237]    eta: 0:00:00  time: 0.0088  data_time: 0.0008  memory: 662  
2025/10/25 20:47:02 - mmengine - INFO - Iter(val) [145/237]    eta: 0:00:00  time: 0.0091  data_time: 0.0009  memory: 662  
2025/10/25 20:47:02 - mmengine - INFO - Iter(val) [150/237]    eta: 0:00:00  time: 0.0088  data_time: 0.0009  memory: 662  
2025/10/25 20:47:02 - mmengine - INFO - Iter(val) [155/237]    eta: 0:00:00  time: 0.0087  data_time: 0.0008  memory: 662  
2025/10/25 20:47:02 - mmengine - INFO - Iter(val) [160/237]    eta: 0:00:00  time: 0.0087  data_time: 0.0008  memory: 662  
2025/10/25 20:47:02 - mmengine - INFO - Iter(val) [165/237]    eta: 0:00:00  time: 0.0087  data_time: 0.0008  memory: 662  
2025/10/25 20:47:02 - mmengine - INFO - Iter(val) [170/237]    eta: 0:00:00  time: 0.0087  data_time: 0.0008  memory: 662  
2025/10/25 20:47:02 - mmengine - INFO - Iter(val) [175/237]    eta: 0:00:00  time: 0.0087  data_time: 0.0008  memory: 662  
2025/10/25 20:47:02 - mmengine - INFO - Iter(val) [180/237]    eta: 0:00:00  time: 0.0087  data_time: 0.0008  memory: 662  
2025/10/25 20:47:02 - mmengine - INFO - Iter(val) [185/237]    eta: 0:00:00  time: 0.0087  data_time: 0.0008  memory: 662  
2025/10/25 20:47:02 - mmengine - INFO - Iter(val) [190/237]    eta: 0:00:00  time: 0.0087  data_time: 0.0008  memory: 662  
2025/10/25 20:47:02 - mmengine - INFO - Iter(val) [195/237]    eta: 0:00:00  time: 0.0088  data_time: 0.0009  memory: 662  
2025/10/25 20:47:02 - mmengine - INFO - Iter(val) [200/237]    eta: 0:00:00  time: 0.0089  data_time: 0.0009  memory: 662  
2025/10/25 20:47:02 - mmengine - INFO - Iter(val) [205/237]    eta: 0:00:00  time: 0.0088  data_time: 0.0009  memory: 662  
2025/10/25 20:47:03 - mmengine - INFO - Iter(val) [210/237]    eta: 0:00:00  time: 0.0087  data_time: 0.0008  memory: 662  
2025/10/25 20:47:03 - mmengine - INFO - Iter(val) [215/237]    eta: 0:00:00  time: 0.0087  data_time: 0.0008  memory: 662  
2025/10/25 20:47:03 - mmengine - INFO - Iter(val) [220/237]    eta: 0:00:00  time: 0.0086  data_time: 0.0008  memory: 662  
2025/10/25 20:47:03 - mmengine - INFO - Iter(val) [225/237]    eta: 0:00:00  time: 0.0087  data_time: 0.0008  memory: 662  
2025/10/25 20:47:03 - mmengine - INFO - Iter(val) [230/237]    eta: 0:00:00  time: 0.0087  data_time: 0.0008  memory: 662  
2025/10/25 20:47:03 - mmengine - INFO - Iter(val) [235/237]    eta: 0:00:00  time: 0.0086  data_time: 0.0008  memory: 662  
2025/10/25 20:47:03 - mmengine - INFO - per class results:
2025/10/25 20:47:03 - mmengine - INFO - 
+------------+-------+-------+
|   Class    |  IoU  |  Acc  |
+------------+-------+-------+
| background | 97.12 | 98.37 |
|   crack    | 52.64 | 71.64 |
+------------+-------+-------+
2025/10/25 20:47:03 - mmengine - INFO - Iter(val) [237/237]    aAcc: 97.2100  mIoU: 74.8800  mAcc: 85.0000  data_time: 0.0008  time: 0.0087
2025/10/25 20:47:03 - mmengine - INFO - The previous best checkpoint /home/szw/segmentation_ws/work_1/work_dirs/deepcrack_pspnet_optimized_v2/best_mIoU_iter_70.pth is removed
2025/10/25 20:47:03 - mmengine - INFO - The best checkpoint with 74.8800 mIoU at 100 iter is saved to best_mIoU_iter_100.pth.
2025/10/25 20:47:05 - mmengine - INFO - Iter(train) [ 105/1000]  lr: 9.0674e-03  eta: 0:05:53  time: 0.3743  data_time: 0.0914  memory: 10177  loss: 0.5424  decode.loss_ce: 0.3860  decode.acc_seg: 94.1538  aux.loss_ce: 0.1564  aux.acc_seg: 94.0795
2025/10/25 20:47:06 - mmengine - INFO - Iter(train) [ 110/1000]  lr: 9.0223e-03  eta: 0:05:46  time: 0.3738  data_time: 0.0912  memory: 10177  loss: 0.5318  decode.loss_ce: 0.3752  decode.acc_seg: 94.0610  aux.loss_ce: 0.1566  aux.acc_seg: 96.0499
2025/10/25 20:47:06 - mmengine - INFO - Saving checkpoint at 110 iterations
2025/10/25 20:47:07 - mmengine - INFO - Iter(val) [  5/237]    eta: 0:00:02  time: 0.0097  data_time: 0.0014  memory: 662  
2025/10/25 20:47:07 - mmengine - INFO - Iter(val) [ 10/237]    eta: 0:00:02  time: 0.0096  data_time: 0.0013  memory: 662  
2025/10/25 20:47:07 - mmengine - INFO - Iter(val) [ 15/237]    eta: 0:00:02  time: 0.0086  data_time: 0.0007  memory: 662  
2025/10/25 20:47:07 - mmengine - INFO - Iter(val) [ 20/237]    eta: 0:00:01  time: 0.0088  data_time: 0.0008  memory: 662  
2025/10/25 20:47:07 - mmengine - INFO - Iter(val) [ 25/237]    eta: 0:00:01  time: 0.0088  data_time: 0.0008  memory: 662  
2025/10/25 20:47:07 - mmengine - INFO - Iter(val) [ 30/237]    eta: 0:00:01  time: 0.0087  data_time: 0.0007  memory: 662  
2025/10/25 20:47:07 - mmengine - INFO - Iter(val) [ 35/237]    eta: 0:00:01  time: 0.0085  data_time: 0.0007  memory: 662  
2025/10/25 20:47:07 - mmengine - INFO - Iter(val) [ 40/237]    eta: 0:00:01  time: 0.0085  data_time: 0.0007  memory: 662  
2025/10/25 20:47:07 - mmengine - INFO - Iter(val) [ 45/237]    eta: 0:00:01  time: 0.0085  data_time: 0.0007  memory: 662  
2025/10/25 20:47:08 - mmengine - INFO - Iter(val) [ 50/237]    eta: 0:00:01  time: 0.0085  data_time: 0.0007  memory: 662  
2025/10/25 20:47:08 - mmengine - INFO - Iter(val) [ 55/237]    eta: 0:00:01  time: 0.0086  data_time: 0.0007  memory: 662  
2025/10/25 20:47:08 - mmengine - INFO - Iter(val) [ 60/237]    eta: 0:00:01  time: 0.0086  data_time: 0.0007  memory: 662  
2025/10/25 20:47:08 - mmengine - INFO - Iter(val) [ 65/237]    eta: 0:00:01  time: 0.0087  data_time: 0.0007  memory: 662  
2025/10/25 20:47:08 - mmengine - INFO - Iter(val) [ 70/237]    eta: 0:00:01  time: 0.0086  data_time: 0.0007  memory: 662  
2025/10/25 20:47:08 - mmengine - INFO - Iter(val) [ 75/237]    eta: 0:00:01  time: 0.0087  data_time: 0.0008  memory: 662  
2025/10/25 20:47:08 - mmengine - INFO - Iter(val) [ 80/237]    eta: 0:00:01  time: 0.0086  data_time: 0.0008  memory: 662  
2025/10/25 20:47:08 - mmengine - INFO - Iter(val) [ 85/237]    eta: 0:00:01  time: 0.0085  data_time: 0.0007  memory: 662  
2025/10/25 20:47:08 - mmengine - INFO - Iter(val) [ 90/237]    eta: 0:00:01  time: 0.0086  data_time: 0.0007  memory: 662  
2025/10/25 20:47:08 - mmengine - INFO - Iter(val) [ 95/237]    eta: 0:00:01  time: 0.0086  data_time: 0.0008  memory: 662  
2025/10/25 20:47:08 - mmengine - INFO - Iter(val) [100/237]    eta: 0:00:01  time: 0.0086  data_time: 0.0007  memory: 662  
2025/10/25 20:47:08 - mmengine - INFO - Iter(val) [105/237]    eta: 0:00:01  time: 0.0087  data_time: 0.0008  memory: 662  
2025/10/25 20:47:08 - mmengine - INFO - Iter(val) [110/237]    eta: 0:00:01  time: 0.0088  data_time: 0.0008  memory: 662  
2025/10/25 20:47:08 - mmengine - INFO - Iter(val) [115/237]    eta: 0:00:01  time: 0.0097  data_time: 0.0010  memory: 662  
2025/10/25 20:47:08 - mmengine - INFO - Iter(val) [120/237]    eta: 0:00:01  time: 0.0096  data_time: 0.0009  memory: 662  
2025/10/25 20:47:08 - mmengine - INFO - Iter(val) [125/237]    eta: 0:00:00  time: 0.0087  data_time: 0.0007  memory: 662  
2025/10/25 20:47:08 - mmengine - INFO - Iter(val) [130/237]    eta: 0:00:00  time: 0.0086  data_time: 0.0007  memory: 662  
2025/10/25 20:47:08 - mmengine - INFO - Iter(val) [135/237]    eta: 0:00:00  time: 0.0086  data_time: 0.0007  memory: 662  
2025/10/25 20:47:08 - mmengine - INFO - Iter(val) [140/237]    eta: 0:00:00  time: 0.0087  data_time: 0.0008  memory: 662  
2025/10/25 20:47:08 - mmengine - INFO - Iter(val) [145/237]    eta: 0:00:00  time: 0.0087  data_time: 0.0008  memory: 662  
2025/10/25 20:47:08 - mmengine - INFO - Iter(val) [150/237]    eta: 0:00:00  time: 0.0088  data_time: 0.0009  memory: 662  
2025/10/25 20:47:08 - mmengine - INFO - Iter(val) [155/237]    eta: 0:00:00  time: 0.0089  data_time: 0.0009  memory: 662  
2025/10/25 20:47:08 - mmengine - INFO - Iter(val) [160/237]    eta: 0:00:00  time: 0.0089  data_time: 0.0009  memory: 662  
2025/10/25 20:47:09 - mmengine - INFO - Iter(val) [165/237]    eta: 0:00:00  time: 0.0088  data_time: 0.0009  memory: 662  
2025/10/25 20:47:09 - mmengine - INFO - Iter(val) [170/237]    eta: 0:00:00  time: 0.0087  data_time: 0.0008  memory: 662  
2025/10/25 20:47:09 - mmengine - INFO - Iter(val) [175/237]    eta: 0:00:00  time: 0.0088  data_time: 0.0007  memory: 662  
2025/10/25 20:47:09 - mmengine - INFO - Iter(val) [180/237]    eta: 0:00:00  time: 0.0089  data_time: 0.0008  memory: 662  
2025/10/25 20:47:09 - mmengine - INFO - Iter(val) [185/237]    eta: 0:00:00  time: 0.0090  data_time: 0.0008  memory: 662  
2025/10/25 20:47:09 - mmengine - INFO - Iter(val) [190/237]    eta: 0:00:00  time: 0.0090  data_time: 0.0009  memory: 662  
2025/10/25 20:47:09 - mmengine - INFO - Iter(val) [195/237]    eta: 0:00:00  time: 0.0087  data_time: 0.0008  memory: 662  
2025/10/25 20:47:09 - mmengine - INFO - Iter(val) [200/237]    eta: 0:00:00  time: 0.0087  data_time: 0.0008  memory: 662  
2025/10/25 20:47:09 - mmengine - INFO - Iter(val) [205/237]    eta: 0:00:00  time: 0.0087  data_time: 0.0008  memory: 662  
2025/10/25 20:47:09 - mmengine - INFO - Iter(val) [210/237]    eta: 0:00:00  time: 0.0087  data_time: 0.0008  memory: 662  
2025/10/25 20:47:09 - mmengine - INFO - Iter(val) [215/237]    eta: 0:00:00  time: 0.0087  data_time: 0.0008  memory: 662  
2025/10/25 20:47:09 - mmengine - INFO - Iter(val) [220/237]    eta: 0:00:00  time: 0.0087  data_time: 0.0008  memory: 662  
2025/10/25 20:47:09 - mmengine - INFO - Iter(val) [225/237]    eta: 0:00:00  time: 0.0087  data_time: 0.0008  memory: 662  
2025/10/25 20:47:09 - mmengine - INFO - Iter(val) [230/237]    eta: 0:00:00  time: 0.0086  data_time: 0.0008  memory: 662  
2025/10/25 20:47:09 - mmengine - INFO - Iter(val) [235/237]    eta: 0:00:00  time: 0.0085  data_time: 0.0007  memory: 662  
2025/10/25 20:47:09 - mmengine - INFO - per class results:
2025/10/25 20:47:09 - mmengine - INFO - 
+------------+-------+------+
|   Class    |  IoU  | Acc  |
+------------+-------+------+
| background | 94.83 | 95.3 |
|   crack    | 43.68 | 89.1 |
+------------+-------+------+
2025/10/25 20:47:09 - mmengine - INFO - Iter(val) [237/237]    aAcc: 95.0300  mIoU: 69.2600  mAcc: 92.2000  data_time: 0.0008  time: 0.0088
2025/10/25 20:47:11 - mmengine - INFO - Iter(train) [ 115/1000]  lr: 8.9772e-03  eta: 0:05:41  time: 0.2872  data_time: 0.0045  memory: 10177  loss: 0.4985  decode.loss_ce: 0.3522  decode.acc_seg: 93.9102  aux.loss_ce: 0.1463  aux.acc_seg: 93.9178
2025/10/25 20:47:12 - mmengine - INFO - Iter(train) [ 120/1000]  lr: 8.9320e-03  eta: 0:05:35  time: 0.2874  data_time: 0.0045  memory: 10177  loss: 0.5300  decode.loss_ce: 0.3740  decode.acc_seg: 95.5372  aux.loss_ce: 0.1560  aux.acc_seg: 94.9803
2025/10/25 20:47:12 - mmengine - INFO - Saving checkpoint at 120 iterations
2025/10/25 20:47:13 - mmengine - INFO - Iter(val) [  5/237]    eta: 0:00:02  time: 0.0092  data_time: 0.0012  memory: 662  
2025/10/25 20:47:13 - mmengine - INFO - Iter(val) [ 10/237]    eta: 0:00:02  time: 0.0092  data_time: 0.0012  memory: 662  
2025/10/25 20:47:13 - mmengine - INFO - Iter(val) [ 15/237]    eta: 0:00:01  time: 0.0086  data_time: 0.0007  memory: 662  
2025/10/25 20:47:13 - mmengine - INFO - Iter(val) [ 20/237]    eta: 0:00:01  time: 0.0086  data_time: 0.0008  memory: 662  
2025/10/25 20:47:13 - mmengine - INFO - Iter(val) [ 25/237]    eta: 0:00:01  time: 0.0086  data_time: 0.0008  memory: 662  
2025/10/25 20:47:13 - mmengine - INFO - Iter(val) [ 30/237]    eta: 0:00:01  time: 0.0087  data_time: 0.0008  memory: 662  
2025/10/25 20:47:13 - mmengine - INFO - Iter(val) [ 35/237]    eta: 0:00:01  time: 0.0087  data_time: 0.0008  memory: 662  
2025/10/25 20:47:13 - mmengine - INFO - Iter(val) [ 40/237]    eta: 0:00:01  time: 0.0087  data_time: 0.0008  memory: 662  
2025/10/25 20:47:13 - mmengine - INFO - Iter(val) [ 45/237]    eta: 0:00:01  time: 0.0087  data_time: 0.0008  memory: 662  
2025/10/25 20:47:13 - mmengine - INFO - Iter(val) [ 50/237]    eta: 0:00:01  time: 0.0087  data_time: 0.0008  memory: 662  
2025/10/25 20:47:13 - mmengine - INFO - Iter(val) [ 55/237]    eta: 0:00:01  time: 0.0088  data_time: 0.0008  memory: 662  
2025/10/25 20:47:13 - mmengine - INFO - Iter(val) [ 60/237]    eta: 0:00:01  time: 0.0086  data_time: 0.0008  memory: 662  
2025/10/25 20:47:13 - mmengine - INFO - Iter(val) [ 65/237]    eta: 0:00:01  time: 0.0086  data_time: 0.0007  memory: 662  
2025/10/25 20:47:13 - mmengine - INFO - Iter(val) [ 70/237]    eta: 0:00:01  time: 0.0089  data_time: 0.0008  memory: 662  
2025/10/25 20:47:13 - mmengine - INFO - Iter(val) [ 75/237]    eta: 0:00:01  time: 0.0090  data_time: 0.0008  memory: 662  
2025/10/25 20:47:13 - mmengine - INFO - Iter(val) [ 80/237]    eta: 0:00:01  time: 0.0087  data_time: 0.0008  memory: 662  
2025/10/25 20:47:13 - mmengine - INFO - Iter(val) [ 85/237]    eta: 0:00:01  time: 0.0087  data_time: 0.0008  memory: 662  
2025/10/25 20:47:13 - mmengine - INFO - Iter(val) [ 90/237]    eta: 0:00:01  time: 0.0087  data_time: 0.0008  memory: 662  
2025/10/25 20:47:13 - mmengine - INFO - Iter(val) [ 95/237]    eta: 0:00:01  time: 0.0087  data_time: 0.0008  memory: 662  
2025/10/25 20:47:13 - mmengine - INFO - Iter(val) [100/237]    eta: 0:00:01  time: 0.0086  data_time: 0.0007  memory: 662  
2025/10/25 20:47:13 - mmengine - INFO - Iter(val) [105/237]    eta: 0:00:01  time: 0.0087  data_time: 0.0008  memory: 662  
2025/10/25 20:47:14 - mmengine - INFO - Iter(val) [110/237]    eta: 0:00:01  time: 0.0087  data_time: 0.0008  memory: 662  
2025/10/25 20:47:14 - mmengine - INFO - Iter(val) [115/237]    eta: 0:00:01  time: 0.0086  data_time: 0.0007  memory: 662  
2025/10/25 20:47:14 - mmengine - INFO - Iter(val) [120/237]    eta: 0:00:01  time: 0.0087  data_time: 0.0008  memory: 662  
2025/10/25 20:47:14 - mmengine - INFO - Iter(val) [125/237]    eta: 0:00:00  time: 0.0088  data_time: 0.0008  memory: 662  
2025/10/25 20:47:14 - mmengine - INFO - Iter(val) [130/237]    eta: 0:00:00  time: 0.0088  data_time: 0.0009  memory: 662  
2025/10/25 20:47:14 - mmengine - INFO - Iter(val) [135/237]    eta: 0:00:00  time: 0.0087  data_time: 0.0009  memory: 662  
2025/10/25 20:47:14 - mmengine - INFO - Iter(val) [140/237]    eta: 0:00:00  time: 0.0087  data_time: 0.0008  memory: 662  
2025/10/25 20:47:14 - mmengine - INFO - Iter(val) [145/237]    eta: 0:00:00  time: 0.0087  data_time: 0.0008  memory: 662  
2025/10/25 20:47:14 - mmengine - INFO - Iter(val) [150/237]    eta: 0:00:00  time: 0.0087  data_time: 0.0008  memory: 662  
2025/10/25 20:47:14 - mmengine - INFO - Iter(val) [155/237]    eta: 0:00:00  time: 0.0087  data_time: 0.0008  memory: 662  
2025/10/25 20:47:14 - mmengine - INFO - Iter(val) [160/237]    eta: 0:00:00  time: 0.0087  data_time: 0.0008  memory: 662  
2025/10/25 20:47:14 - mmengine - INFO - Iter(val) [165/237]    eta: 0:00:00  time: 0.0087  data_time: 0.0008  memory: 662  
2025/10/25 20:47:14 - mmengine - INFO - Iter(val) [170/237]    eta: 0:00:00  time: 0.0087  data_time: 0.0008  memory: 662  
2025/10/25 20:47:14 - mmengine - INFO - Iter(val) [175/237]    eta: 0:00:00  time: 0.0090  data_time: 0.0009  memory: 662  
2025/10/25 20:47:14 - mmengine - INFO - Iter(val) [180/237]    eta: 0:00:00  time: 0.0090  data_time: 0.0008  memory: 662  
2025/10/25 20:47:14 - mmengine - INFO - Iter(val) [185/237]    eta: 0:00:00  time: 0.0087  data_time: 0.0008  memory: 662  
2025/10/25 20:47:14 - mmengine - INFO - Iter(val) [190/237]    eta: 0:00:00  time: 0.0087  data_time: 0.0008  memory: 662  
2025/10/25 20:47:14 - mmengine - INFO - Iter(val) [195/237]    eta: 0:00:00  time: 0.0086  data_time: 0.0007  memory: 662  
2025/10/25 20:47:14 - mmengine - INFO - Iter(val) [200/237]    eta: 0:00:00  time: 0.0086  data_time: 0.0007  memory: 662  
2025/10/25 20:47:14 - mmengine - INFO - Iter(val) [205/237]    eta: 0:00:00  time: 0.0087  data_time: 0.0008  memory: 662  
2025/10/25 20:47:14 - mmengine - INFO - Iter(val) [210/237]    eta: 0:00:00  time: 0.0087  data_time: 0.0008  memory: 662  
2025/10/25 20:47:14 - mmengine - INFO - Iter(val) [215/237]    eta: 0:00:00  time: 0.0087  data_time: 0.0008  memory: 662  
2025/10/25 20:47:14 - mmengine - INFO - Iter(val) [220/237]    eta: 0:00:00  time: 0.0088  data_time: 0.0008  memory: 662  
2025/10/25 20:47:15 - mmengine - INFO - Iter(val) [225/237]    eta: 0:00:00  time: 0.0087  data_time: 0.0008  memory: 662  
2025/10/25 20:47:15 - mmengine - INFO - Iter(val) [230/237]    eta: 0:00:00  time: 0.0086  data_time: 0.0007  memory: 662  
2025/10/25 20:47:15 - mmengine - INFO - Iter(val) [235/237]    eta: 0:00:00  time: 0.0086  data_time: 0.0007  memory: 662  
2025/10/25 20:47:15 - mmengine - INFO - per class results:
2025/10/25 20:47:15 - mmengine - INFO - 
+------------+-------+-------+
|   Class    |  IoU  |  Acc  |
+------------+-------+-------+
| background | 95.77 | 96.36 |
|   crack    | 47.83 | 86.36 |
+------------+-------+-------+
2025/10/25 20:47:15 - mmengine - INFO - Iter(val) [237/237]    aAcc: 95.9300  mIoU: 71.8000  mAcc: 91.3600  data_time: 0.0008  time: 0.0087
2025/10/25 20:47:16 - mmengine - INFO - Iter(train) [ 125/1000]  lr: 8.8869e-03  eta: 0:05:30  time: 0.2877  data_time: 0.0046  memory: 10177  loss: 0.5197  decode.loss_ce: 0.3661  decode.acc_seg: 94.7652  aux.loss_ce: 0.1536  aux.acc_seg: 93.5682
2025/10/25 20:47:17 - mmengine - INFO - Iter(train) [ 130/1000]  lr: 8.8417e-03  eta: 0:05:25  time: 0.2877  data_time: 0.0045  memory: 10177  loss: 0.4533  decode.loss_ce: 0.3188  decode.acc_seg: 96.6290  aux.loss_ce: 0.1345  aux.acc_seg: 95.4797
2025/10/25 20:47:17 - mmengine - INFO - Saving checkpoint at 130 iterations
2025/10/25 20:47:18 - mmengine - INFO - Iter(val) [  5/237]    eta: 0:00:02  time: 0.0092  data_time: 0.0013  memory: 662  
2025/10/25 20:47:18 - mmengine - INFO - Iter(val) [ 10/237]    eta: 0:00:02  time: 0.0092  data_time: 0.0012  memory: 662  
2025/10/25 20:47:18 - mmengine - INFO - Iter(val) [ 15/237]    eta: 0:00:01  time: 0.0086  data_time: 0.0007  memory: 662  
2025/10/25 20:47:18 - mmengine - INFO - Iter(val) [ 20/237]    eta: 0:00:01  time: 0.0086  data_time: 0.0007  memory: 662  
2025/10/25 20:47:18 - mmengine - INFO - Iter(val) [ 25/237]    eta: 0:00:01  time: 0.0086  data_time: 0.0007  memory: 662  
2025/10/25 20:47:18 - mmengine - INFO - Iter(val) [ 30/237]    eta: 0:00:01  time: 0.0088  data_time: 0.0008  memory: 662  
2025/10/25 20:47:18 - mmengine - INFO - Iter(val) [ 35/237]    eta: 0:00:01  time: 0.0090  data_time: 0.0009  memory: 662  
2025/10/25 20:47:18 - mmengine - INFO - Iter(val) [ 40/237]    eta: 0:00:01  time: 0.0090  data_time: 0.0009  memory: 662  
2025/10/25 20:47:18 - mmengine - INFO - Iter(val) [ 45/237]    eta: 0:00:01  time: 0.0093  data_time: 0.0009  memory: 662  
2025/10/25 20:47:18 - mmengine - INFO - Iter(val) [ 50/237]    eta: 0:00:01  time: 0.0092  data_time: 0.0009  memory: 662  
2025/10/25 20:47:19 - mmengine - INFO - Iter(val) [ 55/237]    eta: 0:00:01  time: 0.0089  data_time: 0.0008  memory: 662  
2025/10/25 20:47:19 - mmengine - INFO - Iter(val) [ 60/237]    eta: 0:00:01  time: 0.0089  data_time: 0.0008  memory: 662  
2025/10/25 20:47:19 - mmengine - INFO - Iter(val) [ 65/237]    eta: 0:00:01  time: 0.0087  data_time: 0.0008  memory: 662  
2025/10/25 20:47:19 - mmengine - INFO - Iter(val) [ 70/237]    eta: 0:00:01  time: 0.0086  data_time: 0.0008  memory: 662  
2025/10/25 20:47:19 - mmengine - INFO - Iter(val) [ 75/237]    eta: 0:00:01  time: 0.0087  data_time: 0.0008  memory: 662  
2025/10/25 20:47:19 - mmengine - INFO - Iter(val) [ 80/237]    eta: 0:00:01  time: 0.0088  data_time: 0.0008  memory: 662  
2025/10/25 20:47:19 - mmengine - INFO - Iter(val) [ 85/237]    eta: 0:00:01  time: 0.0088  data_time: 0.0008  memory: 662  
2025/10/25 20:47:19 - mmengine - INFO - Iter(val) [ 90/237]    eta: 0:00:01  time: 0.0088  data_time: 0.0008  memory: 662  
2025/10/25 20:47:19 - mmengine - INFO - Iter(val) [ 95/237]    eta: 0:00:01  time: 0.0091  data_time: 0.0009  memory: 662  
2025/10/25 20:47:19 - mmengine - INFO - Iter(val) [100/237]    eta: 0:00:01  time: 0.0090  data_time: 0.0009  memory: 662  
2025/10/25 20:47:19 - mmengine - INFO - Iter(val) [105/237]    eta: 0:00:01  time: 0.0088  data_time: 0.0008  memory: 662  
2025/10/25 20:47:19 - mmengine - INFO - Iter(val) [110/237]    eta: 0:00:01  time: 0.0088  data_time: 0.0008  memory: 662  
2025/10/25 20:47:19 - mmengine - INFO - Iter(val) [115/237]    eta: 0:00:01  time: 0.0088  data_time: 0.0008  memory: 662  
2025/10/25 20:47:19 - mmengine - INFO - Iter(val) [120/237]    eta: 0:00:01  time: 0.0088  data_time: 0.0008  memory: 662  
2025/10/25 20:47:19 - mmengine - INFO - Iter(val) [125/237]    eta: 0:00:00  time: 0.0088  data_time: 0.0009  memory: 662  
2025/10/25 20:47:19 - mmengine - INFO - Iter(val) [130/237]    eta: 0:00:00  time: 0.0087  data_time: 0.0008  memory: 662  
2025/10/25 20:47:19 - mmengine - INFO - Iter(val) [135/237]    eta: 0:00:00  time: 0.0088  data_time: 0.0009  memory: 662  
2025/10/25 20:47:19 - mmengine - INFO - Iter(val) [140/237]    eta: 0:00:00  time: 0.0089  data_time: 0.0009  memory: 662  
2025/10/25 20:47:19 - mmengine - INFO - Iter(val) [145/237]    eta: 0:00:00  time: 0.0089  data_time: 0.0009  memory: 662  
2025/10/25 20:47:19 - mmengine - INFO - Iter(val) [150/237]    eta: 0:00:00  time: 0.0088  data_time: 0.0009  memory: 662  
2025/10/25 20:47:19 - mmengine - INFO - Iter(val) [155/237]    eta: 0:00:00  time: 0.0087  data_time: 0.0008  memory: 662  
2025/10/25 20:47:19 - mmengine - INFO - Iter(val) [160/237]    eta: 0:00:00  time: 0.0087  data_time: 0.0008  memory: 662  
2025/10/25 20:47:19 - mmengine - INFO - Iter(val) [165/237]    eta: 0:00:00  time: 0.0087  data_time: 0.0008  memory: 662  
2025/10/25 20:47:20 - mmengine - INFO - Iter(val) [170/237]    eta: 0:00:00  time: 0.0087  data_time: 0.0008  memory: 662  
2025/10/25 20:47:20 - mmengine - INFO - Iter(val) [175/237]    eta: 0:00:00  time: 0.0087  data_time: 0.0008  memory: 662  
2025/10/25 20:47:20 - mmengine - INFO - Iter(val) [180/237]    eta: 0:00:00  time: 0.0087  data_time: 0.0008  memory: 662  
2025/10/25 20:47:20 - mmengine - INFO - Iter(val) [185/237]    eta: 0:00:00  time: 0.0087  data_time: 0.0008  memory: 662  
2025/10/25 20:47:20 - mmengine - INFO - Iter(val) [190/237]    eta: 0:00:00  time: 0.0087  data_time: 0.0008  memory: 662  
2025/10/25 20:47:20 - mmengine - INFO - Iter(val) [195/237]    eta: 0:00:00  time: 0.0088  data_time: 0.0009  memory: 662  
2025/10/25 20:47:20 - mmengine - INFO - Iter(val) [200/237]    eta: 0:00:00  time: 0.0087  data_time: 0.0008  memory: 662  
2025/10/25 20:47:20 - mmengine - INFO - Iter(val) [205/237]    eta: 0:00:00  time: 0.0087  data_time: 0.0008  memory: 662  
2025/10/25 20:47:20 - mmengine - INFO - Iter(val) [210/237]    eta: 0:00:00  time: 0.0087  data_time: 0.0008  memory: 662  
2025/10/25 20:47:20 - mmengine - INFO - Iter(val) [215/237]    eta: 0:00:00  time: 0.0087  data_time: 0.0008  memory: 662  
2025/10/25 20:47:20 - mmengine - INFO - Iter(val) [220/237]    eta: 0:00:00  time: 0.0088  data_time: 0.0009  memory: 662  
2025/10/25 20:47:20 - mmengine - INFO - Iter(val) [225/237]    eta: 0:00:00  time: 0.0088  data_time: 0.0009  memory: 662  
2025/10/25 20:47:20 - mmengine - INFO - Iter(val) [230/237]    eta: 0:00:00  time: 0.0088  data_time: 0.0009  memory: 662  
2025/10/25 20:47:20 - mmengine - INFO - Iter(val) [235/237]    eta: 0:00:00  time: 0.0087  data_time: 0.0008  memory: 662  
2025/10/25 20:47:20 - mmengine - INFO - per class results:
2025/10/25 20:47:20 - mmengine - INFO - 
+------------+-------+-------+
|   Class    |  IoU  |  Acc  |
+------------+-------+-------+
| background | 96.85 | 97.94 |
|   crack    | 51.67 | 75.24 |
+------------+-------+-------+
2025/10/25 20:47:20 - mmengine - INFO - Iter(val) [237/237]    aAcc: 96.9600  mIoU: 74.2600  mAcc: 86.5900  data_time: 0.0009  time: 0.0088
2025/10/25 20:47:22 - mmengine - INFO - Iter(train) [ 135/1000]  lr: 8.7964e-03  eta: 0:05:20  time: 0.2883  data_time: 0.0048  memory: 10177  loss: 0.4810  decode.loss_ce: 0.3392  decode.acc_seg: 95.3245  aux.loss_ce: 0.1418  aux.acc_seg: 95.2848
2025/10/25 20:47:23 - mmengine - INFO - Iter(train) [ 140/1000]  lr: 8.7512e-03  eta: 0:05:16  time: 0.2885  data_time: 0.0049  memory: 10177  loss: 0.5275  decode.loss_ce: 0.3740  decode.acc_seg: 93.6358  aux.loss_ce: 0.1535  aux.acc_seg: 95.5223
2025/10/25 20:47:23 - mmengine - INFO - Saving checkpoint at 140 iterations
2025/10/25 20:47:24 - mmengine - INFO - Iter(val) [  5/237]    eta: 0:00:02  time: 0.0092  data_time: 0.0012  memory: 662  
2025/10/25 20:47:24 - mmengine - INFO - Iter(val) [ 10/237]    eta: 0:00:02  time: 0.0092  data_time: 0.0012  memory: 662  
2025/10/25 20:47:24 - mmengine - INFO - Iter(val) [ 15/237]    eta: 0:00:02  time: 0.0087  data_time: 0.0007  memory: 662  
2025/10/25 20:47:24 - mmengine - INFO - Iter(val) [ 20/237]    eta: 0:00:01  time: 0.0087  data_time: 0.0008  memory: 662  
2025/10/25 20:47:24 - mmengine - INFO - Iter(val) [ 25/237]    eta: 0:00:01  time: 0.0087  data_time: 0.0008  memory: 662  
2025/10/25 20:47:24 - mmengine - INFO - Iter(val) [ 30/237]    eta: 0:00:01  time: 0.0088  data_time: 0.0009  memory: 662  
2025/10/25 20:47:24 - mmengine - INFO - Iter(val) [ 35/237]    eta: 0:00:01  time: 0.0091  data_time: 0.0010  memory: 662  
2025/10/25 20:47:24 - mmengine - INFO - Iter(val) [ 40/237]    eta: 0:00:01  time: 0.0090  data_time: 0.0009  memory: 662  
2025/10/25 20:47:24 - mmengine - INFO - Iter(val) [ 45/237]    eta: 0:00:01  time: 0.0087  data_time: 0.0008  memory: 662  
2025/10/25 20:47:24 - mmengine - INFO - Iter(val) [ 50/237]    eta: 0:00:01  time: 0.0087  data_time: 0.0008  memory: 662  
2025/10/25 20:47:24 - mmengine - INFO - Iter(val) [ 55/237]    eta: 0:00:01  time: 0.0088  data_time: 0.0009  memory: 662  
2025/10/25 20:47:24 - mmengine - INFO - Iter(val) [ 60/237]    eta: 0:00:01  time: 0.0087  data_time: 0.0008  memory: 662  
2025/10/25 20:47:24 - mmengine - INFO - Iter(val) [ 65/237]    eta: 0:00:01  time: 0.0086  data_time: 0.0007  memory: 662  
2025/10/25 20:47:24 - mmengine - INFO - Iter(val) [ 70/237]    eta: 0:00:01  time: 0.0086  data_time: 0.0008  memory: 662  
2025/10/25 20:47:24 - mmengine - INFO - Iter(val) [ 75/237]    eta: 0:00:01  time: 0.0086  data_time: 0.0007  memory: 662  
2025/10/25 20:47:24 - mmengine - INFO - Iter(val) [ 80/237]    eta: 0:00:01  time: 0.0086  data_time: 0.0007  memory: 662  
2025/10/25 20:47:24 - mmengine - INFO - Iter(val) [ 85/237]    eta: 0:00:01  time: 0.0085  data_time: 0.0007  memory: 662  
2025/10/25 20:47:24 - mmengine - INFO - Iter(val) [ 90/237]    eta: 0:00:01  time: 0.0086  data_time: 0.0007  memory: 662  
2025/10/25 20:47:24 - mmengine - INFO - Iter(val) [ 95/237]    eta: 0:00:01  time: 0.0091  data_time: 0.0009  memory: 662  
2025/10/25 20:47:24 - mmengine - INFO - Iter(val) [100/237]    eta: 0:00:01  time: 0.0092  data_time: 0.0009  memory: 662  
2025/10/25 20:47:24 - mmengine - INFO - Iter(val) [105/237]    eta: 0:00:01  time: 0.0090  data_time: 0.0008  memory: 662  
2025/10/25 20:47:25 - mmengine - INFO - Iter(val) [110/237]    eta: 0:00:01  time: 0.0091  data_time: 0.0008  memory: 662  
2025/10/25 20:47:25 - mmengine - INFO - Iter(val) [115/237]    eta: 0:00:01  time: 0.0089  data_time: 0.0008  memory: 662  
2025/10/25 20:47:25 - mmengine - INFO - Iter(val) [120/237]    eta: 0:00:01  time: 0.0086  data_time: 0.0007  memory: 662  
2025/10/25 20:47:25 - mmengine - INFO - Iter(val) [125/237]    eta: 0:00:00  time: 0.0086  data_time: 0.0007  memory: 662  
2025/10/25 20:47:25 - mmengine - INFO - Iter(val) [130/237]    eta: 0:00:00  time: 0.0086  data_time: 0.0007  memory: 662  
2025/10/25 20:47:25 - mmengine - INFO - Iter(val) [135/237]    eta: 0:00:00  time: 0.0087  data_time: 0.0008  memory: 662  
2025/10/25 20:47:25 - mmengine - INFO - Iter(val) [140/237]    eta: 0:00:00  time: 0.0087  data_time: 0.0008  memory: 662  
2025/10/25 20:47:25 - mmengine - INFO - Iter(val) [145/237]    eta: 0:00:00  time: 0.0087  data_time: 0.0008  memory: 662  
2025/10/25 20:47:25 - mmengine - INFO - Iter(val) [150/237]    eta: 0:00:00  time: 0.0086  data_time: 0.0007  memory: 662  
2025/10/25 20:47:25 - mmengine - INFO - Iter(val) [155/237]    eta: 0:00:00  time: 0.0087  data_time: 0.0008  memory: 662  
2025/10/25 20:47:25 - mmengine - INFO - Iter(val) [160/237]    eta: 0:00:00  time: 0.0088  data_time: 0.0008  memory: 662  
2025/10/25 20:47:25 - mmengine - INFO - Iter(val) [165/237]    eta: 0:00:00  time: 0.0088  data_time: 0.0008  memory: 662  
2025/10/25 20:47:25 - mmengine - INFO - Iter(val) [170/237]    eta: 0:00:00  time: 0.0087  data_time: 0.0008  memory: 662  
2025/10/25 20:47:25 - mmengine - INFO - Iter(val) [175/237]    eta: 0:00:00  time: 0.0086  data_time: 0.0008  memory: 662  
2025/10/25 20:47:25 - mmengine - INFO - Iter(val) [180/237]    eta: 0:00:00  time: 0.0087  data_time: 0.0008  memory: 662  
2025/10/25 20:47:25 - mmengine - INFO - Iter(val) [185/237]    eta: 0:00:00  time: 0.0086  data_time: 0.0007  memory: 662  
2025/10/25 20:47:25 - mmengine - INFO - Iter(val) [190/237]    eta: 0:00:00  time: 0.0087  data_time: 0.0008  memory: 662  
2025/10/25 20:47:25 - mmengine - INFO - Iter(val) [195/237]    eta: 0:00:00  time: 0.0087  data_time: 0.0009  memory: 662  
2025/10/25 20:47:25 - mmengine - INFO - Iter(val) [200/237]    eta: 0:00:00  time: 0.0088  data_time: 0.0009  memory: 662  
2025/10/25 20:47:25 - mmengine - INFO - Iter(val) [205/237]    eta: 0:00:00  time: 0.0088  data_time: 0.0009  memory: 662  
2025/10/25 20:47:25 - mmengine - INFO - Iter(val) [210/237]    eta: 0:00:00  time: 0.0087  data_time: 0.0008  memory: 662  
2025/10/25 20:47:25 - mmengine - INFO - Iter(val) [215/237]    eta: 0:00:00  time: 0.0087  data_time: 0.0008  memory: 662  
2025/10/25 20:47:25 - mmengine - INFO - Iter(val) [220/237]    eta: 0:00:00  time: 0.0087  data_time: 0.0008  memory: 662  
2025/10/25 20:47:26 - mmengine - INFO - Iter(val) [225/237]    eta: 0:00:00  time: 0.0086  data_time: 0.0007  memory: 662  
2025/10/25 20:47:26 - mmengine - INFO - Iter(val) [230/237]    eta: 0:00:00  time: 0.0086  data_time: 0.0008  memory: 662  
2025/10/25 20:47:26 - mmengine - INFO - Iter(val) [235/237]    eta: 0:00:00  time: 0.0086  data_time: 0.0007  memory: 662  
2025/10/25 20:47:26 - mmengine - INFO - per class results:
2025/10/25 20:47:26 - mmengine - INFO - 
+------------+-------+-------+
|   Class    |  IoU  |  Acc  |
+------------+-------+-------+
| background |  96.3 | 96.96 |
|   crack    | 50.75 | 84.92 |
+------------+-------+-------+
2025/10/25 20:47:26 - mmengine - INFO - Iter(val) [237/237]    aAcc: 96.4300  mIoU: 73.5200  mAcc: 90.9400  data_time: 0.0008  time: 0.0087
2025/10/25 20:47:27 - mmengine - INFO - Iter(train) [ 145/1000]  lr: 8.7059e-03  eta: 0:05:12  time: 0.2880  data_time: 0.0047  memory: 10177  loss: 0.5258  decode.loss_ce: 0.3705  decode.acc_seg: 94.1040  aux.loss_ce: 0.1554  aux.acc_seg: 94.4060
2025/10/25 20:47:28 - mmengine - INFO - Iter(train) [ 150/1000]  lr: 8.6606e-03  eta: 0:05:08  time: 0.2879  data_time: 0.0047  memory: 10177  loss: 0.5273  decode.loss_ce: 0.3733  decode.acc_seg: 95.7077  aux.loss_ce: 0.1540  aux.acc_seg: 94.6115
2025/10/25 20:47:28 - mmengine - INFO - Saving checkpoint at 150 iterations
2025/10/25 20:47:29 - mmengine - INFO - Iter(val) [  5/237]    eta: 0:00:02  time: 0.0092  data_time: 0.0013  memory: 662  
2025/10/25 20:47:29 - mmengine - INFO - Iter(val) [ 10/237]    eta: 0:00:02  time: 0.0091  data_time: 0.0012  memory: 662  
2025/10/25 20:47:29 - mmengine - INFO - Iter(val) [ 15/237]    eta: 0:00:02  time: 0.0088  data_time: 0.0007  memory: 662  
2025/10/25 20:47:29 - mmengine - INFO - Iter(val) [ 20/237]    eta: 0:00:01  time: 0.0088  data_time: 0.0008  memory: 662  
2025/10/25 20:47:29 - mmengine - INFO - Iter(val) [ 25/237]    eta: 0:00:01  time: 0.0086  data_time: 0.0007  memory: 662  
2025/10/25 20:47:29 - mmengine - INFO - Iter(val) [ 30/237]    eta: 0:00:01  time: 0.0086  data_time: 0.0007  memory: 662  
2025/10/25 20:47:29 - mmengine - INFO - Iter(val) [ 35/237]    eta: 0:00:01  time: 0.0085  data_time: 0.0007  memory: 662  
2025/10/25 20:47:29 - mmengine - INFO - Iter(val) [ 40/237]    eta: 0:00:01  time: 0.0085  data_time: 0.0007  memory: 662  
2025/10/25 20:47:29 - mmengine - INFO - Iter(val) [ 45/237]    eta: 0:00:01  time: 0.0088  data_time: 0.0008  memory: 662  
2025/10/25 20:47:30 - mmengine - INFO - Iter(val) [ 50/237]    eta: 0:00:01  time: 0.0089  data_time: 0.0008  memory: 662  
2025/10/25 20:47:30 - mmengine - INFO - Iter(val) [ 55/237]    eta: 0:00:01  time: 0.0088  data_time: 0.0007  memory: 662  
2025/10/25 20:47:30 - mmengine - INFO - Iter(val) [ 60/237]    eta: 0:00:01  time: 0.0090  data_time: 0.0008  memory: 662  
2025/10/25 20:47:30 - mmengine - INFO - Iter(val) [ 65/237]    eta: 0:00:01  time: 0.0089  data_time: 0.0008  memory: 662  
2025/10/25 20:47:30 - mmengine - INFO - Iter(val) [ 70/237]    eta: 0:00:01  time: 0.0087  data_time: 0.0008  memory: 662  
2025/10/25 20:47:30 - mmengine - INFO - Iter(val) [ 75/237]    eta: 0:00:01  time: 0.0086  data_time: 0.0008  memory: 662  
2025/10/25 20:47:30 - mmengine - INFO - Iter(val) [ 80/237]    eta: 0:00:01  time: 0.0087  data_time: 0.0008  memory: 662  
2025/10/25 20:47:30 - mmengine - INFO - Iter(val) [ 85/237]    eta: 0:00:01  time: 0.0087  data_time: 0.0008  memory: 662  
2025/10/25 20:47:30 - mmengine - INFO - Iter(val) [ 90/237]    eta: 0:00:01  time: 0.0087  data_time: 0.0008  memory: 662  
2025/10/25 20:47:30 - mmengine - INFO - Iter(val) [ 95/237]    eta: 0:00:01  time: 0.0086  data_time: 0.0007  memory: 662  
2025/10/25 20:47:30 - mmengine - INFO - Iter(val) [100/237]    eta: 0:00:01  time: 0.0085  data_time: 0.0007  memory: 662  
2025/10/25 20:47:30 - mmengine - INFO - Iter(val) [105/237]    eta: 0:00:01  time: 0.0086  data_time: 0.0007  memory: 662  
2025/10/25 20:47:30 - mmengine - INFO - Iter(val) [110/237]    eta: 0:00:01  time: 0.0087  data_time: 0.0008  memory: 662  
2025/10/25 20:47:30 - mmengine - INFO - Iter(val) [115/237]    eta: 0:00:01  time: 0.0087  data_time: 0.0008  memory: 662  
2025/10/25 20:47:30 - mmengine - INFO - Iter(val) [120/237]    eta: 0:00:01  time: 0.0087  data_time: 0.0007  memory: 662  
2025/10/25 20:47:30 - mmengine - INFO - Iter(val) [125/237]    eta: 0:00:00  time: 0.0087  data_time: 0.0008  memory: 662  
2025/10/25 20:47:30 - mmengine - INFO - Iter(val) [130/237]    eta: 0:00:00  time: 0.0088  data_time: 0.0008  memory: 662  
2025/10/25 20:47:30 - mmengine - INFO - Iter(val) [135/237]    eta: 0:00:00  time: 0.0087  data_time: 0.0007  memory: 662  
2025/10/25 20:47:30 - mmengine - INFO - Iter(val) [140/237]    eta: 0:00:00  time: 0.0087  data_time: 0.0007  memory: 662  
2025/10/25 20:47:30 - mmengine - INFO - Iter(val) [145/237]    eta: 0:00:00  time: 0.0088  data_time: 0.0008  memory: 662  
2025/10/25 20:47:30 - mmengine - INFO - Iter(val) [150/237]    eta: 0:00:00  time: 0.0089  data_time: 0.0008  memory: 662  
2025/10/25 20:47:30 - mmengine - INFO - Iter(val) [155/237]    eta: 0:00:00  time: 0.0088  data_time: 0.0008  memory: 662  
2025/10/25 20:47:30 - mmengine - INFO - Iter(val) [160/237]    eta: 0:00:00  time: 0.0088  data_time: 0.0009  memory: 662  
2025/10/25 20:47:31 - mmengine - INFO - Iter(val) [165/237]    eta: 0:00:00  time: 0.0089  data_time: 0.0009  memory: 662  
2025/10/25 20:47:31 - mmengine - INFO - Iter(val) [170/237]    eta: 0:00:00  time: 0.0092  data_time: 0.0009  memory: 662  
2025/10/25 20:47:31 - mmengine - INFO - Iter(val) [175/237]    eta: 0:00:00  time: 0.0091  data_time: 0.0009  memory: 662  
2025/10/25 20:47:31 - mmengine - INFO - Iter(val) [180/237]    eta: 0:00:00  time: 0.0087  data_time: 0.0008  memory: 662  
2025/10/25 20:47:31 - mmengine - INFO - Iter(val) [185/237]    eta: 0:00:00  time: 0.0086  data_time: 0.0008  memory: 662  
2025/10/25 20:47:31 - mmengine - INFO - Iter(val) [190/237]    eta: 0:00:00  time: 0.0087  data_time: 0.0008  memory: 662  
2025/10/25 20:47:31 - mmengine - INFO - Iter(val) [195/237]    eta: 0:00:00  time: 0.0087  data_time: 0.0008  memory: 662  
2025/10/25 20:47:31 - mmengine - INFO - Iter(val) [200/237]    eta: 0:00:00  time: 0.0087  data_time: 0.0008  memory: 662  
2025/10/25 20:47:31 - mmengine - INFO - Iter(val) [205/237]    eta: 0:00:00  time: 0.0087  data_time: 0.0008  memory: 662  
2025/10/25 20:47:31 - mmengine - INFO - Iter(val) [210/237]    eta: 0:00:00  time: 0.0087  data_time: 0.0008  memory: 662  
2025/10/25 20:47:31 - mmengine - INFO - Iter(val) [215/237]    eta: 0:00:00  time: 0.0087  data_time: 0.0008  memory: 662  
2025/10/25 20:47:31 - mmengine - INFO - Iter(val) [220/237]    eta: 0:00:00  time: 0.0087  data_time: 0.0008  memory: 662  
2025/10/25 20:47:31 - mmengine - INFO - Iter(val) [225/237]    eta: 0:00:00  time: 0.0087  data_time: 0.0008  memory: 662  
2025/10/25 20:47:31 - mmengine - INFO - Iter(val) [230/237]    eta: 0:00:00  time: 0.0087  data_time: 0.0008  memory: 662  
2025/10/25 20:47:31 - mmengine - INFO - Iter(val) [235/237]    eta: 0:00:00  time: 0.0086  data_time: 0.0008  memory: 662  
2025/10/25 20:47:31 - mmengine - INFO - per class results:
2025/10/25 20:47:31 - mmengine - INFO - 
+------------+-------+-------+
|   Class    |  IoU  |  Acc  |
+------------+-------+-------+
| background | 97.03 | 97.97 |
|   crack    | 54.28 | 78.69 |
+------------+-------+-------+
2025/10/25 20:47:31 - mmengine - INFO - Iter(val) [237/237]    aAcc: 97.1300  mIoU: 75.6500  mAcc: 88.3300  data_time: 0.0008  time: 0.0087
2025/10/25 20:47:31 - mmengine - INFO - The previous best checkpoint /home/szw/segmentation_ws/work_1/work_dirs/deepcrack_pspnet_optimized_v2/best_mIoU_iter_100.pth is removed
2025/10/25 20:47:31 - mmengine - INFO - The best checkpoint with 75.6500 mIoU at 150 iter is saved to best_mIoU_iter_150.pth.
2025/10/25 20:47:33 - mmengine - INFO - Iter(train) [ 155/1000]  lr: 8.6152e-03  eta: 0:05:09  time: 0.3756  data_time: 0.0927  memory: 10177  loss: 0.5361  decode.loss_ce: 0.3795  decode.acc_seg: 96.5329  aux.loss_ce: 0.1567  aux.acc_seg: 95.4490
2025/10/25 20:47:35 - mmengine - INFO - Iter(train) [ 160/1000]  lr: 8.5699e-03  eta: 0:05:05  time: 0.3763  data_time: 0.0930  memory: 10177  loss: 0.5041  decode.loss_ce: 0.3510  decode.acc_seg: 93.7880  aux.loss_ce: 0.1531  aux.acc_seg: 93.2343
2025/10/25 20:47:35 - mmengine - INFO - Saving checkpoint at 160 iterations
2025/10/25 20:47:36 - mmengine - INFO - Iter(val) [  5/237]    eta: 0:00:02  time: 0.0092  data_time: 0.0013  memory: 662  
2025/10/25 20:47:36 - mmengine - INFO - Iter(val) [ 10/237]    eta: 0:00:02  time: 0.0091  data_time: 0.0012  memory: 662  
2025/10/25 20:47:36 - mmengine - INFO - Iter(val) [ 15/237]    eta: 0:00:01  time: 0.0085  data_time: 0.0006  memory: 662  
2025/10/25 20:47:36 - mmengine - INFO - Iter(val) [ 20/237]    eta: 0:00:01  time: 0.0085  data_time: 0.0007  memory: 662  
2025/10/25 20:47:36 - mmengine - INFO - Iter(val) [ 25/237]    eta: 0:00:01  time: 0.0086  data_time: 0.0007  memory: 662  
2025/10/25 20:47:36 - mmengine - INFO - Iter(val) [ 30/237]    eta: 0:00:01  time: 0.0086  data_time: 0.0008  memory: 662  
2025/10/25 20:47:36 - mmengine - INFO - Iter(val) [ 35/237]    eta: 0:00:01  time: 0.0086  data_time: 0.0008  memory: 662  
2025/10/25 20:47:36 - mmengine - INFO - Iter(val) [ 40/237]    eta: 0:00:01  time: 0.0086  data_time: 0.0008  memory: 662  
2025/10/25 20:47:36 - mmengine - INFO - Iter(val) [ 45/237]    eta: 0:00:01  time: 0.0086  data_time: 0.0007  memory: 662  
2025/10/25 20:47:36 - mmengine - INFO - Iter(val) [ 50/237]    eta: 0:00:01  time: 0.0087  data_time: 0.0007  memory: 662  
2025/10/25 20:47:36 - mmengine - INFO - Iter(val) [ 55/237]    eta: 0:00:01  time: 0.0087  data_time: 0.0007  memory: 662  
2025/10/25 20:47:36 - mmengine - INFO - Iter(val) [ 60/237]    eta: 0:00:01  time: 0.0087  data_time: 0.0008  memory: 662  
2025/10/25 20:47:36 - mmengine - INFO - Iter(val) [ 65/237]    eta: 0:00:01  time: 0.0087  data_time: 0.0008  memory: 662  
2025/10/25 20:47:36 - mmengine - INFO - Iter(val) [ 70/237]    eta: 0:00:01  time: 0.0087  data_time: 0.0008  memory: 662  
2025/10/25 20:47:36 - mmengine - INFO - Iter(val) [ 75/237]    eta: 0:00:01  time: 0.0086  data_time: 0.0008  memory: 662  
2025/10/25 20:47:36 - mmengine - INFO - Iter(val) [ 80/237]    eta: 0:00:01  time: 0.0086  data_time: 0.0008  memory: 662  
2025/10/25 20:47:36 - mmengine - INFO - Iter(val) [ 85/237]    eta: 0:00:01  time: 0.0087  data_time: 0.0008  memory: 662  
2025/10/25 20:47:36 - mmengine - INFO - Iter(val) [ 90/237]    eta: 0:00:01  time: 0.0086  data_time: 0.0008  memory: 662  
2025/10/25 20:47:36 - mmengine - INFO - Iter(val) [ 95/237]    eta: 0:00:01  time: 0.0087  data_time: 0.0008  memory: 662  
2025/10/25 20:47:36 - mmengine - INFO - Iter(val) [100/237]    eta: 0:00:01  time: 0.0088  data_time: 0.0008  memory: 662  
2025/10/25 20:47:36 - mmengine - INFO - Iter(val) [105/237]    eta: 0:00:01  time: 0.0089  data_time: 0.0008  memory: 662  
2025/10/25 20:47:36 - mmengine - INFO - Iter(val) [110/237]    eta: 0:00:01  time: 0.0088  data_time: 0.0008  memory: 662  
2025/10/25 20:47:37 - mmengine - INFO - Iter(val) [115/237]    eta: 0:00:01  time: 0.0087  data_time: 0.0008  memory: 662  
2025/10/25 20:47:37 - mmengine - INFO - Iter(val) [120/237]    eta: 0:00:01  time: 0.0088  data_time: 0.0008  memory: 662  
2025/10/25 20:47:37 - mmengine - INFO - Iter(val) [125/237]    eta: 0:00:00  time: 0.0087  data_time: 0.0008  memory: 662  
2025/10/25 20:47:37 - mmengine - INFO - Iter(val) [130/237]    eta: 0:00:00  time: 0.0086  data_time: 0.0008  memory: 662  
2025/10/25 20:47:37 - mmengine - INFO - Iter(val) [135/237]    eta: 0:00:00  time: 0.0087  data_time: 0.0008  memory: 662  
2025/10/25 20:47:37 - mmengine - INFO - Iter(val) [140/237]    eta: 0:00:00  time: 0.0087  data_time: 0.0008  memory: 662  
2025/10/25 20:47:37 - mmengine - INFO - Iter(val) [145/237]    eta: 0:00:00  time: 0.0087  data_time: 0.0008  memory: 662  
2025/10/25 20:47:37 - mmengine - INFO - Iter(val) [150/237]    eta: 0:00:00  time: 0.0086  data_time: 0.0008  memory: 662  
2025/10/25 20:47:37 - mmengine - INFO - Iter(val) [155/237]    eta: 0:00:00  time: 0.0086  data_time: 0.0008  memory: 662  
2025/10/25 20:47:37 - mmengine - INFO - Iter(val) [160/237]    eta: 0:00:00  time: 0.0086  data_time: 0.0008  memory: 662  
2025/10/25 20:47:37 - mmengine - INFO - Iter(val) [165/237]    eta: 0:00:00  time: 0.0086  data_time: 0.0008  memory: 662  
2025/10/25 20:47:37 - mmengine - INFO - Iter(val) [170/237]    eta: 0:00:00  time: 0.0086  data_time: 0.0008  memory: 662  
2025/10/25 20:47:37 - mmengine - INFO - Iter(val) [175/237]    eta: 0:00:00  time: 0.0086  data_time: 0.0008  memory: 662  
2025/10/25 20:47:37 - mmengine - INFO - Iter(val) [180/237]    eta: 0:00:00  time: 0.0086  data_time: 0.0007  memory: 662  
2025/10/25 20:47:37 - mmengine - INFO - Iter(val) [185/237]    eta: 0:00:00  time: 0.0086  data_time: 0.0008  memory: 662  
2025/10/25 20:47:37 - mmengine - INFO - Iter(val) [190/237]    eta: 0:00:00  time: 0.0086  data_time: 0.0008  memory: 662  
2025/10/25 20:47:37 - mmengine - INFO - Iter(val) [195/237]    eta: 0:00:00  time: 0.0086  data_time: 0.0007  memory: 662  
2025/10/25 20:47:37 - mmengine - INFO - Iter(val) [200/237]    eta: 0:00:00  time: 0.0087  data_time: 0.0008  memory: 662  
2025/10/25 20:47:37 - mmengine - INFO - Iter(val) [205/237]    eta: 0:00:00  time: 0.0088  data_time: 0.0009  memory: 662  
2025/10/25 20:47:37 - mmengine - INFO - Iter(val) [210/237]    eta: 0:00:00  time: 0.0089  data_time: 0.0009  memory: 662  
2025/10/25 20:47:37 - mmengine - INFO - Iter(val) [215/237]    eta: 0:00:00  time: 0.0088  data_time: 0.0008  memory: 662  
2025/10/25 20:47:37 - mmengine - INFO - Iter(val) [220/237]    eta: 0:00:00  time: 0.0087  data_time: 0.0008  memory: 662  
2025/10/25 20:47:37 - mmengine - INFO - Iter(val) [225/237]    eta: 0:00:00  time: 0.0087  data_time: 0.0008  memory: 662  
2025/10/25 20:47:38 - mmengine - INFO - Iter(val) [230/237]    eta: 0:00:00  time: 0.0087  data_time: 0.0008  memory: 662  
2025/10/25 20:47:38 - mmengine - INFO - Iter(val) [235/237]    eta: 0:00:00  time: 0.0086  data_time: 0.0008  memory: 662  
2025/10/25 20:47:38 - mmengine - INFO - per class results:
2025/10/25 20:47:38 - mmengine - INFO - 
+------------+-------+-------+
|   Class    |  IoU  |  Acc  |
+------------+-------+-------+
| background | 96.59 | 97.36 |
|   crack    | 52.03 | 82.43 |
+------------+-------+-------+
2025/10/25 20:47:38 - mmengine - INFO - Iter(val) [237/237]    aAcc: 96.7100  mIoU: 74.3100  mAcc: 89.8900  data_time: 0.0008  time: 0.0087
2025/10/25 20:47:39 - mmengine - INFO - Iter(train) [ 165/1000]  lr: 8.5245e-03  eta: 0:05:01  time: 0.2884  data_time: 0.0049  memory: 10177  loss: 0.4894  decode.loss_ce: 0.3405  decode.acc_seg: 94.2206  aux.loss_ce: 0.1490  aux.acc_seg: 94.7155
2025/10/25 20:47:40 - mmengine - INFO - Iter(train) [ 170/1000]  lr: 8.4791e-03  eta: 0:04:58  time: 0.2877  data_time: 0.0046  memory: 10177  loss: 0.5343  decode.loss_ce: 0.3736  decode.acc_seg: 93.0628  aux.loss_ce: 0.1608  aux.acc_seg: 93.9813
2025/10/25 20:47:40 - mmengine - INFO - Saving checkpoint at 170 iterations
2025/10/25 20:47:41 - mmengine - INFO - Iter(val) [  5/237]    eta: 0:00:02  time: 0.0099  data_time: 0.0015  memory: 662  
2025/10/25 20:47:41 - mmengine - INFO - Iter(val) [ 10/237]    eta: 0:00:02  time: 0.0100  data_time: 0.0015  memory: 662  
2025/10/25 20:47:41 - mmengine - INFO - Iter(val) [ 15/237]    eta: 0:00:02  time: 0.0087  data_time: 0.0007  memory: 662  
2025/10/25 20:47:41 - mmengine - INFO - Iter(val) [ 20/237]    eta: 0:00:02  time: 0.0086  data_time: 0.0008  memory: 662  
2025/10/25 20:47:41 - mmengine - INFO - Iter(val) [ 25/237]    eta: 0:00:01  time: 0.0086  data_time: 0.0007  memory: 662  
2025/10/25 20:47:41 - mmengine - INFO - Iter(val) [ 30/237]    eta: 0:00:01  time: 0.0092  data_time: 0.0009  memory: 662  
2025/10/25 20:47:41 - mmengine - INFO - Iter(val) [ 35/237]    eta: 0:00:01  time: 0.0093  data_time: 0.0010  memory: 662  
2025/10/25 20:47:41 - mmengine - INFO - Iter(val) [ 40/237]    eta: 0:00:01  time: 0.0087  data_time: 0.0008  memory: 662  
2025/10/25 20:47:41 - mmengine - INFO - Iter(val) [ 45/237]    eta: 0:00:01  time: 0.0086  data_time: 0.0007  memory: 662  
2025/10/25 20:47:41 - mmengine - INFO - Iter(val) [ 50/237]    eta: 0:00:01  time: 0.0086  data_time: 0.0007  memory: 662  
2025/10/25 20:47:41 - mmengine - INFO - Iter(val) [ 55/237]    eta: 0:00:01  time: 0.0086  data_time: 0.0007  memory: 662  
2025/10/25 20:47:42 - mmengine - INFO - Iter(val) [ 60/237]    eta: 0:00:01  time: 0.0087  data_time: 0.0008  memory: 662  
2025/10/25 20:47:42 - mmengine - INFO - Iter(val) [ 65/237]    eta: 0:00:01  time: 0.0087  data_time: 0.0008  memory: 662  
2025/10/25 20:47:42 - mmengine - INFO - Iter(val) [ 70/237]    eta: 0:00:01  time: 0.0086  data_time: 0.0008  memory: 662  
2025/10/25 20:47:42 - mmengine - INFO - Iter(val) [ 75/237]    eta: 0:00:01  time: 0.0086  data_time: 0.0008  memory: 662  
2025/10/25 20:47:42 - mmengine - INFO - Iter(val) [ 80/237]    eta: 0:00:01  time: 0.0086  data_time: 0.0008  memory: 662  
2025/10/25 20:47:42 - mmengine - INFO - Iter(val) [ 85/237]    eta: 0:00:01  time: 0.0087  data_time: 0.0008  memory: 662  
2025/10/25 20:47:42 - mmengine - INFO - Iter(val) [ 90/237]    eta: 0:00:01  time: 0.0088  data_time: 0.0009  memory: 662  
2025/10/25 20:47:42 - mmengine - INFO - Iter(val) [ 95/237]    eta: 0:00:01  time: 0.0097  data_time: 0.0010  memory: 662  
2025/10/25 20:47:42 - mmengine - INFO - Iter(val) [100/237]    eta: 0:00:01  time: 0.0095  data_time: 0.0009  memory: 662  
2025/10/25 20:47:42 - mmengine - INFO - Iter(val) [105/237]    eta: 0:00:01  time: 0.0087  data_time: 0.0008  memory: 662  
2025/10/25 20:47:42 - mmengine - INFO - Iter(val) [110/237]    eta: 0:00:01  time: 0.0087  data_time: 0.0008  memory: 662  
2025/10/25 20:47:42 - mmengine - INFO - Iter(val) [115/237]    eta: 0:00:01  time: 0.0087  data_time: 0.0008  memory: 662  
2025/10/25 20:47:42 - mmengine - INFO - Iter(val) [120/237]    eta: 0:00:01  time: 0.0087  data_time: 0.0008  memory: 662  
2025/10/25 20:47:42 - mmengine - INFO - Iter(val) [125/237]    eta: 0:00:00  time: 0.0086  data_time: 0.0008  memory: 662  
2025/10/25 20:47:42 - mmengine - INFO - Iter(val) [130/237]    eta: 0:00:00  time: 0.0087  data_time: 0.0008  memory: 662  
2025/10/25 20:47:42 - mmengine - INFO - Iter(val) [135/237]    eta: 0:00:00  time: 0.0087  data_time: 0.0008  memory: 662  
2025/10/25 20:47:42 - mmengine - INFO - Iter(val) [140/237]    eta: 0:00:00  time: 0.0086  data_time: 0.0008  memory: 662  
2025/10/25 20:47:42 - mmengine - INFO - Iter(val) [145/237]    eta: 0:00:00  time: 0.0086  data_time: 0.0008  memory: 662  
2025/10/25 20:47:42 - mmengine - INFO - Iter(val) [150/237]    eta: 0:00:00  time: 0.0086  data_time: 0.0008  memory: 662  
2025/10/25 20:47:42 - mmengine - INFO - Iter(val) [155/237]    eta: 0:00:00  time: 0.0087  data_time: 0.0008  memory: 662  
2025/10/25 20:47:42 - mmengine - INFO - Iter(val) [160/237]    eta: 0:00:00  time: 0.0088  data_time: 0.0008  memory: 662  
2025/10/25 20:47:42 - mmengine - INFO - Iter(val) [165/237]    eta: 0:00:00  time: 0.0089  data_time: 0.0009  memory: 662  
2025/10/25 20:47:42 - mmengine - INFO - Iter(val) [170/237]    eta: 0:00:00  time: 0.0091  data_time: 0.0010  memory: 662  
2025/10/25 20:47:43 - mmengine - INFO - Iter(val) [175/237]    eta: 0:00:00  time: 0.0089  data_time: 0.0009  memory: 662  
2025/10/25 20:47:43 - mmengine - INFO - Iter(val) [180/237]    eta: 0:00:00  time: 0.0087  data_time: 0.0008  memory: 662  
2025/10/25 20:47:43 - mmengine - INFO - Iter(val) [185/237]    eta: 0:00:00  time: 0.0092  data_time: 0.0009  memory: 662  
2025/10/25 20:47:43 - mmengine - INFO - Iter(val) [190/237]    eta: 0:00:00  time: 0.0095  data_time: 0.0009  memory: 662  
2025/10/25 20:47:43 - mmengine - INFO - Iter(val) [195/237]    eta: 0:00:00  time: 0.0090  data_time: 0.0008  memory: 662  
2025/10/25 20:47:43 - mmengine - INFO - Iter(val) [200/237]    eta: 0:00:00  time: 0.0086  data_time: 0.0007  memory: 662  
2025/10/25 20:47:43 - mmengine - INFO - Iter(val) [205/237]    eta: 0:00:00  time: 0.0086  data_time: 0.0008  memory: 662  
2025/10/25 20:47:43 - mmengine - INFO - Iter(val) [210/237]    eta: 0:00:00  time: 0.0087  data_time: 0.0008  memory: 662  
2025/10/25 20:47:43 - mmengine - INFO - Iter(val) [215/237]    eta: 0:00:00  time: 0.0086  data_time: 0.0008  memory: 662  
2025/10/25 20:47:43 - mmengine - INFO - Iter(val) [220/237]    eta: 0:00:00  time: 0.0086  data_time: 0.0007  memory: 662  
2025/10/25 20:47:43 - mmengine - INFO - Iter(val) [225/237]    eta: 0:00:00  time: 0.0086  data_time: 0.0008  memory: 662  
2025/10/25 20:47:43 - mmengine - INFO - Iter(val) [230/237]    eta: 0:00:00  time: 0.0086  data_time: 0.0007  memory: 662  
2025/10/25 20:47:43 - mmengine - INFO - Iter(val) [235/237]    eta: 0:00:00  time: 0.0086  data_time: 0.0007  memory: 662  
2025/10/25 20:47:43 - mmengine - INFO - per class results:
2025/10/25 20:47:43 - mmengine - INFO - 
+------------+-------+-------+
|   Class    |  IoU  |  Acc  |
+------------+-------+-------+
| background | 95.65 | 96.17 |
|   crack    | 47.61 | 87.91 |
+------------+-------+-------+
2025/10/25 20:47:43 - mmengine - INFO - Iter(val) [237/237]    aAcc: 95.8100  mIoU: 71.6300  mAcc: 92.0400  data_time: 0.0008  time: 0.0088
2025/10/25 20:47:45 - mmengine - INFO - Iter(train) [ 175/1000]  lr: 8.4336e-03  eta: 0:04:54  time: 0.2878  data_time: 0.0046  memory: 10177  loss: 0.5579  decode.loss_ce: 0.3920  decode.acc_seg: 91.7616  aux.loss_ce: 0.1659  aux.acc_seg: 93.4751
2025/10/25 20:47:46 - mmengine - INFO - Iter(train) [ 180/1000]  lr: 8.3882e-03  eta: 0:04:51  time: 0.2877  data_time: 0.0047  memory: 10177  loss: 0.5543  decode.loss_ce: 0.3909  decode.acc_seg: 95.0762  aux.loss_ce: 0.1634  aux.acc_seg: 93.9599
2025/10/25 20:47:46 - mmengine - INFO - Saving checkpoint at 180 iterations
2025/10/25 20:47:47 - mmengine - INFO - Iter(val) [  5/237]    eta: 0:00:02  time: 0.0093  data_time: 0.0013  memory: 662  
2025/10/25 20:47:47 - mmengine - INFO - Iter(val) [ 10/237]    eta: 0:00:02  time: 0.0093  data_time: 0.0014  memory: 662  
2025/10/25 20:47:47 - mmengine - INFO - Iter(val) [ 15/237]    eta: 0:00:02  time: 0.0087  data_time: 0.0008  memory: 662  
2025/10/25 20:47:47 - mmengine - INFO - Iter(val) [ 20/237]    eta: 0:00:01  time: 0.0087  data_time: 0.0008  memory: 662  
2025/10/25 20:47:47 - mmengine - INFO - Iter(val) [ 25/237]    eta: 0:00:01  time: 0.0087  data_time: 0.0008  memory: 662  
2025/10/25 20:47:47 - mmengine - INFO - Iter(val) [ 30/237]    eta: 0:00:01  time: 0.0086  data_time: 0.0008  memory: 662  
2025/10/25 20:47:47 - mmengine - INFO - Iter(val) [ 35/237]    eta: 0:00:01  time: 0.0086  data_time: 0.0007  memory: 662  
2025/10/25 20:47:47 - mmengine - INFO - Iter(val) [ 40/237]    eta: 0:00:01  time: 0.0086  data_time: 0.0007  memory: 662  
2025/10/25 20:47:47 - mmengine - INFO - Iter(val) [ 45/237]    eta: 0:00:01  time: 0.0086  data_time: 0.0007  memory: 662  
2025/10/25 20:47:47 - mmengine - INFO - Iter(val) [ 50/237]    eta: 0:00:01  time: 0.0086  data_time: 0.0007  memory: 662  
2025/10/25 20:47:47 - mmengine - INFO - Iter(val) [ 55/237]    eta: 0:00:01  time: 0.0086  data_time: 0.0007  memory: 662  
2025/10/25 20:47:47 - mmengine - INFO - Iter(val) [ 60/237]    eta: 0:00:01  time: 0.0087  data_time: 0.0008  memory: 662  
2025/10/25 20:47:47 - mmengine - INFO - Iter(val) [ 65/237]    eta: 0:00:01  time: 0.0088  data_time: 0.0008  memory: 662  
2025/10/25 20:47:47 - mmengine - INFO - Iter(val) [ 70/237]    eta: 0:00:01  time: 0.0087  data_time: 0.0008  memory: 662  
2025/10/25 20:47:47 - mmengine - INFO - Iter(val) [ 75/237]    eta: 0:00:01  time: 0.0087  data_time: 0.0008  memory: 662  
2025/10/25 20:47:47 - mmengine - INFO - Iter(val) [ 80/237]    eta: 0:00:01  time: 0.0087  data_time: 0.0008  memory: 662  
2025/10/25 20:47:47 - mmengine - INFO - Iter(val) [ 85/237]    eta: 0:00:01  time: 0.0087  data_time: 0.0008  memory: 662  
2025/10/25 20:47:47 - mmengine - INFO - Iter(val) [ 90/237]    eta: 0:00:01  time: 0.0088  data_time: 0.0009  memory: 662  
2025/10/25 20:47:47 - mmengine - INFO - Iter(val) [ 95/237]    eta: 0:00:01  time: 0.0089  data_time: 0.0009  memory: 662  
2025/10/25 20:47:47 - mmengine - INFO - Iter(val) [100/237]    eta: 0:00:01  time: 0.0088  data_time: 0.0008  memory: 662  
2025/10/25 20:47:47 - mmengine - INFO - Iter(val) [105/237]    eta: 0:00:01  time: 0.0087  data_time: 0.0008  memory: 662  
2025/10/25 20:47:47 - mmengine - INFO - Iter(val) [110/237]    eta: 0:00:01  time: 0.0087  data_time: 0.0008  memory: 662  
2025/10/25 20:47:48 - mmengine - INFO - Iter(val) [115/237]    eta: 0:00:01  time: 0.0086  data_time: 0.0008  memory: 662  
2025/10/25 20:47:48 - mmengine - INFO - Iter(val) [120/237]    eta: 0:00:01  time: 0.0087  data_time: 0.0009  memory: 662  
2025/10/25 20:47:48 - mmengine - INFO - Iter(val) [125/237]    eta: 0:00:00  time: 0.0089  data_time: 0.0009  memory: 662  
2025/10/25 20:47:48 - mmengine - INFO - Iter(val) [130/237]    eta: 0:00:00  time: 0.0090  data_time: 0.0009  memory: 662  
2025/10/25 20:47:48 - mmengine - INFO - Iter(val) [135/237]    eta: 0:00:00  time: 0.0091  data_time: 0.0009  memory: 662  
2025/10/25 20:47:48 - mmengine - INFO - Iter(val) [140/237]    eta: 0:00:00  time: 0.0089  data_time: 0.0008  memory: 662  
2025/10/25 20:47:48 - mmengine - INFO - Iter(val) [145/237]    eta: 0:00:00  time: 0.0087  data_time: 0.0008  memory: 662  
2025/10/25 20:47:48 - mmengine - INFO - Iter(val) [150/237]    eta: 0:00:00  time: 0.0088  data_time: 0.0008  memory: 662  
2025/10/25 20:47:48 - mmengine - INFO - Iter(val) [155/237]    eta: 0:00:00  time: 0.0087  data_time: 0.0008  memory: 662  
2025/10/25 20:47:48 - mmengine - INFO - Iter(val) [160/237]    eta: 0:00:00  time: 0.0087  data_time: 0.0008  memory: 662  
2025/10/25 20:47:48 - mmengine - INFO - Iter(val) [165/237]    eta: 0:00:00  time: 0.0086  data_time: 0.0008  memory: 662  
2025/10/25 20:47:48 - mmengine - INFO - Iter(val) [170/237]    eta: 0:00:00  time: 0.0086  data_time: 0.0007  memory: 662  
2025/10/25 20:47:48 - mmengine - INFO - Iter(val) [175/237]    eta: 0:00:00  time: 0.0086  data_time: 0.0007  memory: 662  
2025/10/25 20:47:48 - mmengine - INFO - Iter(val) [180/237]    eta: 0:00:00  time: 0.0086  data_time: 0.0008  memory: 662  
2025/10/25 20:47:48 - mmengine - INFO - Iter(val) [185/237]    eta: 0:00:00  time: 0.0086  data_time: 0.0007  memory: 662  
2025/10/25 20:47:48 - mmengine - INFO - Iter(val) [190/237]    eta: 0:00:00  time: 0.0086  data_time: 0.0007  memory: 662  
2025/10/25 20:47:48 - mmengine - INFO - Iter(val) [195/237]    eta: 0:00:00  time: 0.0086  data_time: 0.0007  memory: 662  
2025/10/25 20:47:48 - mmengine - INFO - Iter(val) [200/237]    eta: 0:00:00  time: 0.0087  data_time: 0.0007  memory: 662  
2025/10/25 20:47:48 - mmengine - INFO - Iter(val) [205/237]    eta: 0:00:00  time: 0.0086  data_time: 0.0007  memory: 662  
2025/10/25 20:47:48 - mmengine - INFO - Iter(val) [210/237]    eta: 0:00:00  time: 0.0087  data_time: 0.0008  memory: 662  
2025/10/25 20:47:48 - mmengine - INFO - Iter(val) [215/237]    eta: 0:00:00  time: 0.0089  data_time: 0.0009  memory: 662  
2025/10/25 20:47:48 - mmengine - INFO - Iter(val) [220/237]    eta: 0:00:00  time: 0.0090  data_time: 0.0009  memory: 662  
2025/10/25 20:47:48 - mmengine - INFO - Iter(val) [225/237]    eta: 0:00:00  time: 0.0088  data_time: 0.0008  memory: 662  
2025/10/25 20:47:49 - mmengine - INFO - Iter(val) [230/237]    eta: 0:00:00  time: 0.0088  data_time: 0.0008  memory: 662  
2025/10/25 20:47:49 - mmengine - INFO - Iter(val) [235/237]    eta: 0:00:00  time: 0.0088  data_time: 0.0008  memory: 662  
2025/10/25 20:47:49 - mmengine - INFO - per class results:
2025/10/25 20:47:49 - mmengine - INFO - 
+------------+-------+-------+
|   Class    |  IoU  |  Acc  |
+------------+-------+-------+
| background | 97.12 |  98.2 |
|   crack    | 53.84 | 75.23 |
+------------+-------+-------+
2025/10/25 20:47:49 - mmengine - INFO - Iter(val) [237/237]    aAcc: 97.2100  mIoU: 75.4800  mAcc: 86.7200  data_time: 0.0008  time: 0.0088
2025/10/25 20:47:50 - mmengine - INFO - Iter(train) [ 185/1000]  lr: 8.3427e-03  eta: 0:04:47  time: 0.2877  data_time: 0.0048  memory: 10177  loss: 0.4805  decode.loss_ce: 0.3376  decode.acc_seg: 96.6938  aux.loss_ce: 0.1430  aux.acc_seg: 97.2041
2025/10/25 20:47:51 - mmengine - INFO - Iter(train) [ 190/1000]  lr: 8.2971e-03  eta: 0:04:44  time: 0.2878  data_time: 0.0049  memory: 10177  loss: 0.4638  decode.loss_ce: 0.3258  decode.acc_seg: 93.4886  aux.loss_ce: 0.1380  aux.acc_seg: 95.1390
2025/10/25 20:47:51 - mmengine - INFO - Saving checkpoint at 190 iterations
2025/10/25 20:47:52 - mmengine - INFO - Iter(val) [  5/237]    eta: 0:00:02  time: 0.0093  data_time: 0.0013  memory: 662  
2025/10/25 20:47:52 - mmengine - INFO - Iter(val) [ 10/237]    eta: 0:00:02  time: 0.0091  data_time: 0.0012  memory: 662  
2025/10/25 20:47:52 - mmengine - INFO - Iter(val) [ 15/237]    eta: 0:00:01  time: 0.0085  data_time: 0.0006  memory: 662  
2025/10/25 20:47:52 - mmengine - INFO - Iter(val) [ 20/237]    eta: 0:00:01  time: 0.0086  data_time: 0.0007  memory: 662  
2025/10/25 20:47:52 - mmengine - INFO - Iter(val) [ 25/237]    eta: 0:00:01  time: 0.0086  data_time: 0.0008  memory: 662  
2025/10/25 20:47:52 - mmengine - INFO - Iter(val) [ 30/237]    eta: 0:00:01  time: 0.0086  data_time: 0.0008  memory: 662  
2025/10/25 20:47:52 - mmengine - INFO - Iter(val) [ 35/237]    eta: 0:00:01  time: 0.0087  data_time: 0.0008  memory: 662  
2025/10/25 20:47:52 - mmengine - INFO - Iter(val) [ 40/237]    eta: 0:00:01  time: 0.0088  data_time: 0.0009  memory: 662  
2025/10/25 20:47:52 - mmengine - INFO - Iter(val) [ 45/237]    eta: 0:00:01  time: 0.0088  data_time: 0.0009  memory: 662  
2025/10/25 20:47:52 - mmengine - INFO - Iter(val) [ 50/237]    eta: 0:00:01  time: 0.0088  data_time: 0.0009  memory: 662  
2025/10/25 20:47:52 - mmengine - INFO - Iter(val) [ 55/237]    eta: 0:00:01  time: 0.0088  data_time: 0.0009  memory: 662  
2025/10/25 20:47:53 - mmengine - INFO - Iter(val) [ 60/237]    eta: 0:00:01  time: 0.0087  data_time: 0.0008  memory: 662  
2025/10/25 20:47:53 - mmengine - INFO - Iter(val) [ 65/237]    eta: 0:00:01  time: 0.0086  data_time: 0.0008  memory: 662  
2025/10/25 20:47:53 - mmengine - INFO - Iter(val) [ 70/237]    eta: 0:00:01  time: 0.0088  data_time: 0.0008  memory: 662  
2025/10/25 20:47:53 - mmengine - INFO - Iter(val) [ 75/237]    eta: 0:00:01  time: 0.0088  data_time: 0.0008  memory: 662  
2025/10/25 20:47:53 - mmengine - INFO - Iter(val) [ 80/237]    eta: 0:00:01  time: 0.0087  data_time: 0.0007  memory: 662  
2025/10/25 20:47:53 - mmengine - INFO - Iter(val) [ 85/237]    eta: 0:00:01  time: 0.0087  data_time: 0.0008  memory: 662  
2025/10/25 20:47:53 - mmengine - INFO - Iter(val) [ 90/237]    eta: 0:00:01  time: 0.0087  data_time: 0.0008  memory: 662  
2025/10/25 20:47:53 - mmengine - INFO - Iter(val) [ 95/237]    eta: 0:00:01  time: 0.0087  data_time: 0.0008  memory: 662  
2025/10/25 20:47:53 - mmengine - INFO - Iter(val) [100/237]    eta: 0:00:01  time: 0.0087  data_time: 0.0008  memory: 662  
2025/10/25 20:47:53 - mmengine - INFO - Iter(val) [105/237]    eta: 0:00:01  time: 0.0089  data_time: 0.0008  memory: 662  
2025/10/25 20:47:53 - mmengine - INFO - Iter(val) [110/237]    eta: 0:00:01  time: 0.0089  data_time: 0.0008  memory: 662  
2025/10/25 20:47:53 - mmengine - INFO - Iter(val) [115/237]    eta: 0:00:01  time: 0.0093  data_time: 0.0009  memory: 662  
2025/10/25 20:47:53 - mmengine - INFO - Iter(val) [120/237]    eta: 0:00:01  time: 0.0102  data_time: 0.0011  memory: 662  
2025/10/25 20:47:53 - mmengine - INFO - Iter(val) [125/237]    eta: 0:00:00  time: 0.0097  data_time: 0.0010  memory: 662  
2025/10/25 20:47:53 - mmengine - INFO - Iter(val) [130/237]    eta: 0:00:00  time: 0.0088  data_time: 0.0008  memory: 662  
2025/10/25 20:47:53 - mmengine - INFO - Iter(val) [135/237]    eta: 0:00:00  time: 0.0087  data_time: 0.0007  memory: 662  
2025/10/25 20:47:53 - mmengine - INFO - Iter(val) [140/237]    eta: 0:00:00  time: 0.0087  data_time: 0.0007  memory: 662  
2025/10/25 20:47:53 - mmengine - INFO - Iter(val) [145/237]    eta: 0:00:00  time: 0.0087  data_time: 0.0007  memory: 662  
2025/10/25 20:47:53 - mmengine - INFO - Iter(val) [150/237]    eta: 0:00:00  time: 0.0086  data_time: 0.0007  memory: 662  
2025/10/25 20:47:53 - mmengine - INFO - Iter(val) [155/237]    eta: 0:00:00  time: 0.0087  data_time: 0.0007  memory: 662  
2025/10/25 20:47:53 - mmengine - INFO - Iter(val) [160/237]    eta: 0:00:00  time: 0.0087  data_time: 0.0007  memory: 662  
2025/10/25 20:47:53 - mmengine - INFO - Iter(val) [165/237]    eta: 0:00:00  time: 0.0087  data_time: 0.0007  memory: 662  
2025/10/25 20:47:54 - mmengine - INFO - Iter(val) [170/237]    eta: 0:00:00  time: 0.0087  data_time: 0.0008  memory: 662  
2025/10/25 20:47:54 - mmengine - INFO - Iter(val) [175/237]    eta: 0:00:00  time: 0.0087  data_time: 0.0008  memory: 662  
2025/10/25 20:47:54 - mmengine - INFO - Iter(val) [180/237]    eta: 0:00:00  time: 0.0087  data_time: 0.0008  memory: 662  
2025/10/25 20:47:54 - mmengine - INFO - Iter(val) [185/237]    eta: 0:00:00  time: 0.0088  data_time: 0.0009  memory: 662  
2025/10/25 20:47:54 - mmengine - INFO - Iter(val) [190/237]    eta: 0:00:00  time: 0.0088  data_time: 0.0009  memory: 662  
2025/10/25 20:47:54 - mmengine - INFO - Iter(val) [195/237]    eta: 0:00:00  time: 0.0086  data_time: 0.0008  memory: 662  
2025/10/25 20:47:54 - mmengine - INFO - Iter(val) [200/237]    eta: 0:00:00  time: 0.0087  data_time: 0.0008  memory: 662  
2025/10/25 20:47:54 - mmengine - INFO - Iter(val) [205/237]    eta: 0:00:00  time: 0.0087  data_time: 0.0008  memory: 662  
2025/10/25 20:47:54 - mmengine - INFO - Iter(val) [210/237]    eta: 0:00:00  time: 0.0086  data_time: 0.0007  memory: 662  
2025/10/25 20:47:54 - mmengine - INFO - Iter(val) [215/237]    eta: 0:00:00  time: 0.0087  data_time: 0.0008  memory: 662  
2025/10/25 20:47:54 - mmengine - INFO - Iter(val) [220/237]    eta: 0:00:00  time: 0.0087  data_time: 0.0008  memory: 662  
2025/10/25 20:47:54 - mmengine - INFO - Iter(val) [225/237]    eta: 0:00:00  time: 0.0086  data_time: 0.0007  memory: 662  
2025/10/25 20:47:54 - mmengine - INFO - Iter(val) [230/237]    eta: 0:00:00  time: 0.0086  data_time: 0.0007  memory: 662  
2025/10/25 20:47:54 - mmengine - INFO - Iter(val) [235/237]    eta: 0:00:00  time: 0.0085  data_time: 0.0007  memory: 662  
2025/10/25 20:47:54 - mmengine - INFO - per class results:
2025/10/25 20:47:54 - mmengine - INFO - 
+------------+-------+-------+
|   Class    |  IoU  |  Acc  |
+------------+-------+-------+
| background | 95.17 | 95.51 |
|   crack    |  46.2 | 92.01 |
+------------+-------+-------+
2025/10/25 20:47:54 - mmengine - INFO - Iter(val) [237/237]    aAcc: 95.3600  mIoU: 70.6800  mAcc: 93.7600  data_time: 0.0008  time: 0.0088
2025/10/25 20:47:56 - mmengine - INFO - Iter(train) [ 195/1000]  lr: 8.2516e-03  eta: 0:04:41  time: 0.2876  data_time: 0.0046  memory: 10177  loss: 0.4963  decode.loss_ce: 0.3504  decode.acc_seg: 96.4352  aux.loss_ce: 0.1459  aux.acc_seg: 96.5725
2025/10/25 20:47:57 - mmengine - INFO - Iter(train) [ 200/1000]  lr: 8.2060e-03  eta: 0:04:38  time: 0.2876  data_time: 0.0046  memory: 10177  loss: 0.4433  decode.loss_ce: 0.3125  decode.acc_seg: 95.8658  aux.loss_ce: 0.1308  aux.acc_seg: 94.5946
2025/10/25 20:47:57 - mmengine - INFO - Saving checkpoint at 200 iterations
2025/10/25 20:47:58 - mmengine - INFO - Iter(val) [  5/237]    eta: 0:00:02  time: 0.0093  data_time: 0.0014  memory: 662  
2025/10/25 20:47:58 - mmengine - INFO - Iter(val) [ 10/237]    eta: 0:00:02  time: 0.0093  data_time: 0.0013  memory: 662  
2025/10/25 20:47:58 - mmengine - INFO - Iter(val) [ 15/237]    eta: 0:00:02  time: 0.0085  data_time: 0.0007  memory: 662  
2025/10/25 20:47:58 - mmengine - INFO - Iter(val) [ 20/237]    eta: 0:00:01  time: 0.0086  data_time: 0.0007  memory: 662  
2025/10/25 20:47:58 - mmengine - INFO - Iter(val) [ 25/237]    eta: 0:00:01  time: 0.0086  data_time: 0.0008  memory: 662  
2025/10/25 20:47:58 - mmengine - INFO - Iter(val) [ 30/237]    eta: 0:00:01  time: 0.0087  data_time: 0.0008  memory: 662  
2025/10/25 20:47:58 - mmengine - INFO - Iter(val) [ 35/237]    eta: 0:00:01  time: 0.0087  data_time: 0.0008  memory: 662  
2025/10/25 20:47:58 - mmengine - INFO - Iter(val) [ 40/237]    eta: 0:00:01  time: 0.0086  data_time: 0.0008  memory: 662  
2025/10/25 20:47:58 - mmengine - INFO - Iter(val) [ 45/237]    eta: 0:00:01  time: 0.0088  data_time: 0.0008  memory: 662  
2025/10/25 20:47:58 - mmengine - INFO - Iter(val) [ 50/237]    eta: 0:00:01  time: 0.0087  data_time: 0.0008  memory: 662  
2025/10/25 20:47:58 - mmengine - INFO - Iter(val) [ 55/237]    eta: 0:00:01  time: 0.0086  data_time: 0.0007  memory: 662  
2025/10/25 20:47:58 - mmengine - INFO - Iter(val) [ 60/237]    eta: 0:00:01  time: 0.0087  data_time: 0.0008  memory: 662  
2025/10/25 20:47:58 - mmengine - INFO - Iter(val) [ 65/237]    eta: 0:00:01  time: 0.0088  data_time: 0.0009  memory: 662  
2025/10/25 20:47:58 - mmengine - INFO - Iter(val) [ 70/237]    eta: 0:00:01  time: 0.0087  data_time: 0.0008  memory: 662  
2025/10/25 20:47:58 - mmengine - INFO - Iter(val) [ 75/237]    eta: 0:00:01  time: 0.0087  data_time: 0.0008  memory: 662  
2025/10/25 20:47:58 - mmengine - INFO - Iter(val) [ 80/237]    eta: 0:00:01  time: 0.0087  data_time: 0.0008  memory: 662  
2025/10/25 20:47:58 - mmengine - INFO - Iter(val) [ 85/237]    eta: 0:00:01  time: 0.0087  data_time: 0.0008  memory: 662  
2025/10/25 20:47:58 - mmengine - INFO - Iter(val) [ 90/237]    eta: 0:00:01  time: 0.0088  data_time: 0.0008  memory: 662  
2025/10/25 20:47:58 - mmengine - INFO - Iter(val) [ 95/237]    eta: 0:00:01  time: 0.0089  data_time: 0.0009  memory: 662  
2025/10/25 20:47:58 - mmengine - INFO - Iter(val) [100/237]    eta: 0:00:01  time: 0.0090  data_time: 0.0009  memory: 662  
2025/10/25 20:47:58 - mmengine - INFO - Iter(val) [105/237]    eta: 0:00:01  time: 0.0090  data_time: 0.0009  memory: 662  
2025/10/25 20:47:59 - mmengine - INFO - Iter(val) [110/237]    eta: 0:00:01  time: 0.0088  data_time: 0.0008  memory: 662  
2025/10/25 20:47:59 - mmengine - INFO - Iter(val) [115/237]    eta: 0:00:01  time: 0.0089  data_time: 0.0009  memory: 662  
2025/10/25 20:47:59 - mmengine - INFO - Iter(val) [120/237]    eta: 0:00:01  time: 0.0090  data_time: 0.0009  memory: 662  
2025/10/25 20:47:59 - mmengine - INFO - Iter(val) [125/237]    eta: 0:00:00  time: 0.0088  data_time: 0.0008  memory: 662  
2025/10/25 20:47:59 - mmengine - INFO - Iter(val) [130/237]    eta: 0:00:00  time: 0.0089  data_time: 0.0008  memory: 662  
2025/10/25 20:47:59 - mmengine - INFO - Iter(val) [135/237]    eta: 0:00:00  time: 0.0088  data_time: 0.0008  memory: 662  
2025/10/25 20:47:59 - mmengine - INFO - Iter(val) [140/237]    eta: 0:00:00  time: 0.0087  data_time: 0.0007  memory: 662  
2025/10/25 20:47:59 - mmengine - INFO - Iter(val) [145/237]    eta: 0:00:00  time: 0.0087  data_time: 0.0008  memory: 662  
2025/10/25 20:47:59 - mmengine - INFO - Iter(val) [150/237]    eta: 0:00:00  time: 0.0088  data_time: 0.0008  memory: 662  
2025/10/25 20:47:59 - mmengine - INFO - Iter(val) [155/237]    eta: 0:00:00  time: 0.0089  data_time: 0.0008  memory: 662  
2025/10/25 20:47:59 - mmengine - INFO - Iter(val) [160/237]    eta: 0:00:00  time: 0.0088  data_time: 0.0008  memory: 662  
2025/10/25 20:47:59 - mmengine - INFO - Iter(val) [165/237]    eta: 0:00:00  time: 0.0087  data_time: 0.0008  memory: 662  
2025/10/25 20:47:59 - mmengine - INFO - Iter(val) [170/237]    eta: 0:00:00  time: 0.0092  data_time: 0.0009  memory: 662  
2025/10/25 20:47:59 - mmengine - INFO - Iter(val) [175/237]    eta: 0:00:00  time: 0.0091  data_time: 0.0009  memory: 662  
2025/10/25 20:47:59 - mmengine - INFO - Iter(val) [180/237]    eta: 0:00:00  time: 0.0086  data_time: 0.0008  memory: 662  
2025/10/25 20:47:59 - mmengine - INFO - Iter(val) [185/237]    eta: 0:00:00  time: 0.0086  data_time: 0.0008  memory: 662  
2025/10/25 20:47:59 - mmengine - INFO - Iter(val) [190/237]    eta: 0:00:00  time: 0.0087  data_time: 0.0008  memory: 662  
2025/10/25 20:47:59 - mmengine - INFO - Iter(val) [195/237]    eta: 0:00:00  time: 0.0087  data_time: 0.0008  memory: 662  
2025/10/25 20:47:59 - mmengine - INFO - Iter(val) [200/237]    eta: 0:00:00  time: 0.0087  data_time: 0.0008  memory: 662  
2025/10/25 20:47:59 - mmengine - INFO - Iter(val) [205/237]    eta: 0:00:00  time: 0.0086  data_time: 0.0008  memory: 662  
2025/10/25 20:47:59 - mmengine - INFO - Iter(val) [210/237]    eta: 0:00:00  time: 0.0086  data_time: 0.0007  memory: 662  
2025/10/25 20:47:59 - mmengine - INFO - Iter(val) [215/237]    eta: 0:00:00  time: 0.0086  data_time: 0.0007  memory: 662  
2025/10/25 20:47:59 - mmengine - INFO - Iter(val) [220/237]    eta: 0:00:00  time: 0.0086  data_time: 0.0007  memory: 662  
2025/10/25 20:48:00 - mmengine - INFO - Iter(val) [225/237]    eta: 0:00:00  time: 0.0087  data_time: 0.0008  memory: 662  
2025/10/25 20:48:00 - mmengine - INFO - Iter(val) [230/237]    eta: 0:00:00  time: 0.0088  data_time: 0.0008  memory: 662  
2025/10/25 20:48:00 - mmengine - INFO - Iter(val) [235/237]    eta: 0:00:00  time: 0.0087  data_time: 0.0008  memory: 662  
2025/10/25 20:48:00 - mmengine - INFO - per class results:
2025/10/25 20:48:00 - mmengine - INFO - 
+------------+-------+-------+
|   Class    |  IoU  |  Acc  |
+------------+-------+-------+
| background | 97.02 | 97.69 |
|   crack    | 56.11 |  84.8 |
+------------+-------+-------+
2025/10/25 20:48:00 - mmengine - INFO - Iter(val) [237/237]    aAcc: 97.1300  mIoU: 76.5700  mAcc: 91.2400  data_time: 0.0008  time: 0.0088
2025/10/25 20:48:00 - mmengine - INFO - The previous best checkpoint /home/szw/segmentation_ws/work_1/work_dirs/deepcrack_pspnet_optimized_v2/best_mIoU_iter_150.pth is removed
2025/10/25 20:48:00 - mmengine - INFO - The best checkpoint with 76.5700 mIoU at 200 iter is saved to best_mIoU_iter_200.pth.
2025/10/25 20:48:02 - mmengine - INFO - Iter(train) [ 205/1000]  lr: 8.1604e-03  eta: 0:04:39  time: 0.3745  data_time: 0.0915  memory: 10177  loss: 0.4427  decode.loss_ce: 0.3090  decode.acc_seg: 91.4395  aux.loss_ce: 0.1337  aux.acc_seg: 91.8761
2025/10/25 20:48:03 - mmengine - INFO - Iter(train) [ 210/1000]  lr: 8.1148e-03  eta: 0:04:36  time: 0.3745  data_time: 0.0914  memory: 10177  loss: 0.5154  decode.loss_ce: 0.3610  decode.acc_seg: 92.6083  aux.loss_ce: 0.1544  aux.acc_seg: 92.9407
2025/10/25 20:48:03 - mmengine - INFO - Saving checkpoint at 210 iterations
2025/10/25 20:48:04 - mmengine - INFO - Iter(val) [  5/237]    eta: 0:00:02  time: 0.0092  data_time: 0.0013  memory: 662  
2025/10/25 20:48:04 - mmengine - INFO - Iter(val) [ 10/237]    eta: 0:00:02  time: 0.0091  data_time: 0.0012  memory: 662  
2025/10/25 20:48:04 - mmengine - INFO - Iter(val) [ 15/237]    eta: 0:00:01  time: 0.0086  data_time: 0.0008  memory: 662  
2025/10/25 20:48:04 - mmengine - INFO - Iter(val) [ 20/237]    eta: 0:00:01  time: 0.0087  data_time: 0.0008  memory: 662  
2025/10/25 20:48:04 - mmengine - INFO - Iter(val) [ 25/237]    eta: 0:00:01  time: 0.0086  data_time: 0.0008  memory: 662  
2025/10/25 20:48:04 - mmengine - INFO - Iter(val) [ 30/237]    eta: 0:00:01  time: 0.0087  data_time: 0.0008  memory: 662  
2025/10/25 20:48:04 - mmengine - INFO - Iter(val) [ 35/237]    eta: 0:00:01  time: 0.0089  data_time: 0.0009  memory: 662  
2025/10/25 20:48:04 - mmengine - INFO - Iter(val) [ 40/237]    eta: 0:00:01  time: 0.0090  data_time: 0.0010  memory: 662  
2025/10/25 20:48:04 - mmengine - INFO - Iter(val) [ 45/237]    eta: 0:00:01  time: 0.0090  data_time: 0.0009  memory: 662  
2025/10/25 20:48:04 - mmengine - INFO - Iter(val) [ 50/237]    eta: 0:00:01  time: 0.0089  data_time: 0.0009  memory: 662  
2025/10/25 20:48:04 - mmengine - INFO - Iter(val) [ 55/237]    eta: 0:00:01  time: 0.0091  data_time: 0.0009  memory: 662  
2025/10/25 20:48:05 - mmengine - INFO - Iter(val) [ 60/237]    eta: 0:00:01  time: 0.0090  data_time: 0.0008  memory: 662  
2025/10/25 20:48:05 - mmengine - INFO - Iter(val) [ 65/237]    eta: 0:00:01  time: 0.0087  data_time: 0.0008  memory: 662  
2025/10/25 20:48:05 - mmengine - INFO - Iter(val) [ 70/237]    eta: 0:00:01  time: 0.0086  data_time: 0.0008  memory: 662  
2025/10/25 20:48:05 - mmengine - INFO - Iter(val) [ 75/237]    eta: 0:00:01  time: 0.0086  data_time: 0.0007  memory: 662  
2025/10/25 20:48:05 - mmengine - INFO - Iter(val) [ 80/237]    eta: 0:00:01  time: 0.0085  data_time: 0.0007  memory: 662  
2025/10/25 20:48:05 - mmengine - INFO - Iter(val) [ 85/237]    eta: 0:00:01  time: 0.0086  data_time: 0.0007  memory: 662  
2025/10/25 20:48:05 - mmengine - INFO - Iter(val) [ 90/237]    eta: 0:00:01  time: 0.0086  data_time: 0.0007  memory: 662  
2025/10/25 20:48:05 - mmengine - INFO - Iter(val) [ 95/237]    eta: 0:00:01  time: 0.0087  data_time: 0.0008  memory: 662  
2025/10/25 20:48:05 - mmengine - INFO - Iter(val) [100/237]    eta: 0:00:01  time: 0.0088  data_time: 0.0008  memory: 662  
2025/10/25 20:48:05 - mmengine - INFO - Iter(val) [105/237]    eta: 0:00:01  time: 0.0087  data_time: 0.0008  memory: 662  
2025/10/25 20:48:05 - mmengine - INFO - Iter(val) [110/237]    eta: 0:00:01  time: 0.0086  data_time: 0.0008  memory: 662  
2025/10/25 20:48:05 - mmengine - INFO - Iter(val) [115/237]    eta: 0:00:01  time: 0.0086  data_time: 0.0007  memory: 662  
2025/10/25 20:48:05 - mmengine - INFO - Iter(val) [120/237]    eta: 0:00:01  time: 0.0085  data_time: 0.0007  memory: 662  
2025/10/25 20:48:05 - mmengine - INFO - Iter(val) [125/237]    eta: 0:00:00  time: 0.0085  data_time: 0.0007  memory: 662  
2025/10/25 20:48:05 - mmengine - INFO - Iter(val) [130/237]    eta: 0:00:00  time: 0.0085  data_time: 0.0007  memory: 662  
2025/10/25 20:48:05 - mmengine - INFO - Iter(val) [135/237]    eta: 0:00:00  time: 0.0084  data_time: 0.0007  memory: 662  
2025/10/25 20:48:05 - mmengine - INFO - Iter(val) [140/237]    eta: 0:00:00  time: 0.0085  data_time: 0.0007  memory: 662  
2025/10/25 20:48:05 - mmengine - INFO - Iter(val) [145/237]    eta: 0:00:00  time: 0.0085  data_time: 0.0007  memory: 662  
2025/10/25 20:48:05 - mmengine - INFO - Iter(val) [150/237]    eta: 0:00:00  time: 0.0085  data_time: 0.0007  memory: 662  
2025/10/25 20:48:05 - mmengine - INFO - Iter(val) [155/237]    eta: 0:00:00  time: 0.0085  data_time: 0.0007  memory: 662  
2025/10/25 20:48:05 - mmengine - INFO - Iter(val) [160/237]    eta: 0:00:00  time: 0.0085  data_time: 0.0007  memory: 662  
2025/10/25 20:48:05 - mmengine - INFO - Iter(val) [165/237]    eta: 0:00:00  time: 0.0086  data_time: 0.0008  memory: 662  
2025/10/25 20:48:05 - mmengine - INFO - Iter(val) [170/237]    eta: 0:00:00  time: 0.0088  data_time: 0.0008  memory: 662  
2025/10/25 20:48:06 - mmengine - INFO - Iter(val) [175/237]    eta: 0:00:00  time: 0.0087  data_time: 0.0008  memory: 662  
2025/10/25 20:48:06 - mmengine - INFO - Iter(val) [180/237]    eta: 0:00:00  time: 0.0087  data_time: 0.0007  memory: 662  
2025/10/25 20:48:06 - mmengine - INFO - Iter(val) [185/237]    eta: 0:00:00  time: 0.0087  data_time: 0.0008  memory: 662  
2025/10/25 20:48:06 - mmengine - INFO - Iter(val) [190/237]    eta: 0:00:00  time: 0.0089  data_time: 0.0008  memory: 662  
2025/10/25 20:48:06 - mmengine - INFO - Iter(val) [195/237]    eta: 0:00:00  time: 0.0089  data_time: 0.0008  memory: 662  
2025/10/25 20:48:06 - mmengine - INFO - Iter(val) [200/237]    eta: 0:00:00  time: 0.0086  data_time: 0.0007  memory: 662  
2025/10/25 20:48:06 - mmengine - INFO - Iter(val) [205/237]    eta: 0:00:00  time: 0.0087  data_time: 0.0008  memory: 662  
2025/10/25 20:48:06 - mmengine - INFO - Iter(val) [210/237]    eta: 0:00:00  time: 0.0088  data_time: 0.0008  memory: 662  
2025/10/25 20:48:06 - mmengine - INFO - Iter(val) [215/237]    eta: 0:00:00  time: 0.0087  data_time: 0.0007  memory: 662  
2025/10/25 20:48:06 - mmengine - INFO - Iter(val) [220/237]    eta: 0:00:00  time: 0.0086  data_time: 0.0007  memory: 662  
2025/10/25 20:48:06 - mmengine - INFO - Iter(val) [225/237]    eta: 0:00:00  time: 0.0087  data_time: 0.0007  memory: 662  
2025/10/25 20:48:06 - mmengine - INFO - Iter(val) [230/237]    eta: 0:00:00  time: 0.0087  data_time: 0.0008  memory: 662  
2025/10/25 20:48:06 - mmengine - INFO - Iter(val) [235/237]    eta: 0:00:00  time: 0.0086  data_time: 0.0008  memory: 662  
2025/10/25 20:48:06 - mmengine - INFO - per class results:
2025/10/25 20:48:06 - mmengine - INFO - 
+------------+-------+-------+
|   Class    |  IoU  |  Acc  |
+------------+-------+-------+
| background | 95.79 | 96.17 |
|   crack    | 49.37 | 91.14 |
+------------+-------+-------+
2025/10/25 20:48:06 - mmengine - INFO - Iter(val) [237/237]    aAcc: 95.9600  mIoU: 72.5800  mAcc: 93.6600  data_time: 0.0008  time: 0.0087
2025/10/25 20:48:07 - mmengine - INFO - Iter(train) [ 215/1000]  lr: 8.0691e-03  eta: 0:04:33  time: 0.2879  data_time: 0.0046  memory: 10177  loss: 0.5198  decode.loss_ce: 0.3644  decode.acc_seg: 94.0493  aux.loss_ce: 0.1554  aux.acc_seg: 92.4800
2025/10/25 20:48:09 - mmengine - INFO - Iter(train) [ 220/1000]  lr: 8.0234e-03  eta: 0:04:30  time: 0.2880  data_time: 0.0047  memory: 10177  loss: 0.4723  decode.loss_ce: 0.3305  decode.acc_seg: 97.6033  aux.loss_ce: 0.1417  aux.acc_seg: 95.6085
2025/10/25 20:48:09 - mmengine - INFO - Saving checkpoint at 220 iterations
2025/10/25 20:48:10 - mmengine - INFO - Iter(val) [  5/237]    eta: 0:00:02  time: 0.0094  data_time: 0.0013  memory: 662  
2025/10/25 20:48:10 - mmengine - INFO - Iter(val) [ 10/237]    eta: 0:00:02  time: 0.0094  data_time: 0.0013  memory: 662  
2025/10/25 20:48:10 - mmengine - INFO - Iter(val) [ 15/237]    eta: 0:00:02  time: 0.0086  data_time: 0.0007  memory: 662  
2025/10/25 20:48:10 - mmengine - INFO - Iter(val) [ 20/237]    eta: 0:00:01  time: 0.0086  data_time: 0.0007  memory: 662  
2025/10/25 20:48:10 - mmengine - INFO - Iter(val) [ 25/237]    eta: 0:00:01  time: 0.0086  data_time: 0.0007  memory: 662  
2025/10/25 20:48:10 - mmengine - INFO - Iter(val) [ 30/237]    eta: 0:00:01  time: 0.0086  data_time: 0.0007  memory: 662  
2025/10/25 20:48:10 - mmengine - INFO - Iter(val) [ 35/237]    eta: 0:00:01  time: 0.0086  data_time: 0.0007  memory: 662  
2025/10/25 20:48:10 - mmengine - INFO - Iter(val) [ 40/237]    eta: 0:00:01  time: 0.0087  data_time: 0.0008  memory: 662  
2025/10/25 20:48:10 - mmengine - INFO - Iter(val) [ 45/237]    eta: 0:00:01  time: 0.0087  data_time: 0.0007  memory: 662  
2025/10/25 20:48:10 - mmengine - INFO - Iter(val) [ 50/237]    eta: 0:00:01  time: 0.0087  data_time: 0.0008  memory: 662  
2025/10/25 20:48:10 - mmengine - INFO - Iter(val) [ 55/237]    eta: 0:00:01  time: 0.0087  data_time: 0.0008  memory: 662  
2025/10/25 20:48:10 - mmengine - INFO - Iter(val) [ 60/237]    eta: 0:00:01  time: 0.0086  data_time: 0.0008  memory: 662  
2025/10/25 20:48:10 - mmengine - INFO - Iter(val) [ 65/237]    eta: 0:00:01  time: 0.0086  data_time: 0.0008  memory: 662  
2025/10/25 20:48:10 - mmengine - INFO - Iter(val) [ 70/237]    eta: 0:00:01  time: 0.0086  data_time: 0.0008  memory: 662  
2025/10/25 20:48:10 - mmengine - INFO - Iter(val) [ 75/237]    eta: 0:00:01  time: 0.0087  data_time: 0.0007  memory: 662  
2025/10/25 20:48:10 - mmengine - INFO - Iter(val) [ 80/237]    eta: 0:00:01  time: 0.0088  data_time: 0.0008  memory: 662  
2025/10/25 20:48:10 - mmengine - INFO - Iter(val) [ 85/237]    eta: 0:00:01  time: 0.0088  data_time: 0.0008  memory: 662  
2025/10/25 20:48:10 - mmengine - INFO - Iter(val) [ 90/237]    eta: 0:00:01  time: 0.0087  data_time: 0.0008  memory: 662  
2025/10/25 20:48:10 - mmengine - INFO - Iter(val) [ 95/237]    eta: 0:00:01  time: 0.0092  data_time: 0.0009  memory: 662  
2025/10/25 20:48:10 - mmengine - INFO - Iter(val) [100/237]    eta: 0:00:01  time: 0.0092  data_time: 0.0009  memory: 662  
2025/10/25 20:48:10 - mmengine - INFO - Iter(val) [105/237]    eta: 0:00:01  time: 0.0091  data_time: 0.0009  memory: 662  
2025/10/25 20:48:10 - mmengine - INFO - Iter(val) [110/237]    eta: 0:00:01  time: 0.0091  data_time: 0.0009  memory: 662  
2025/10/25 20:48:10 - mmengine - INFO - Iter(val) [115/237]    eta: 0:00:01  time: 0.0088  data_time: 0.0008  memory: 662  
2025/10/25 20:48:11 - mmengine - INFO - Iter(val) [120/237]    eta: 0:00:01  time: 0.0087  data_time: 0.0008  memory: 662  
2025/10/25 20:48:11 - mmengine - INFO - Iter(val) [125/237]    eta: 0:00:00  time: 0.0086  data_time: 0.0008  memory: 662  
2025/10/25 20:48:11 - mmengine - INFO - Iter(val) [130/237]    eta: 0:00:00  time: 0.0087  data_time: 0.0008  memory: 662  
2025/10/25 20:48:11 - mmengine - INFO - Iter(val) [135/237]    eta: 0:00:00  time: 0.0088  data_time: 0.0008  memory: 662  
2025/10/25 20:48:11 - mmengine - INFO - Iter(val) [140/237]    eta: 0:00:00  time: 0.0087  data_time: 0.0008  memory: 662  
2025/10/25 20:48:11 - mmengine - INFO - Iter(val) [145/237]    eta: 0:00:00  time: 0.0086  data_time: 0.0008  memory: 662  
2025/10/25 20:48:11 - mmengine - INFO - Iter(val) [150/237]    eta: 0:00:00  time: 0.0087  data_time: 0.0008  memory: 662  
2025/10/25 20:48:11 - mmengine - INFO - Iter(val) [155/237]    eta: 0:00:00  time: 0.0087  data_time: 0.0008  memory: 662  
2025/10/25 20:48:11 - mmengine - INFO - Iter(val) [160/237]    eta: 0:00:00  time: 0.0087  data_time: 0.0008  memory: 662  
2025/10/25 20:48:11 - mmengine - INFO - Iter(val) [165/237]    eta: 0:00:00  time: 0.0086  data_time: 0.0008  memory: 662  
2025/10/25 20:48:11 - mmengine - INFO - Iter(val) [170/237]    eta: 0:00:00  time: 0.0086  data_time: 0.0007  memory: 662  
2025/10/25 20:48:11 - mmengine - INFO - Iter(val) [175/237]    eta: 0:00:00  time: 0.0087  data_time: 0.0008  memory: 662  
2025/10/25 20:48:11 - mmengine - INFO - Iter(val) [180/237]    eta: 0:00:00  time: 0.0097  data_time: 0.0009  memory: 662  
2025/10/25 20:48:11 - mmengine - INFO - Iter(val) [185/237]    eta: 0:00:00  time: 0.0097  data_time: 0.0009  memory: 662  
2025/10/25 20:48:11 - mmengine - INFO - Iter(val) [190/237]    eta: 0:00:00  time: 0.0088  data_time: 0.0008  memory: 662  
2025/10/25 20:48:11 - mmengine - INFO - Iter(val) [195/237]    eta: 0:00:00  time: 0.0087  data_time: 0.0008  memory: 662  
2025/10/25 20:48:11 - mmengine - INFO - Iter(val) [200/237]    eta: 0:00:00  time: 0.0087  data_time: 0.0008  memory: 662  
2025/10/25 20:48:11 - mmengine - INFO - Iter(val) [205/237]    eta: 0:00:00  time: 0.0087  data_time: 0.0008  memory: 662  
2025/10/25 20:48:11 - mmengine - INFO - Iter(val) [210/237]    eta: 0:00:00  time: 0.0087  data_time: 0.0008  memory: 662  
2025/10/25 20:48:11 - mmengine - INFO - Iter(val) [215/237]    eta: 0:00:00  time: 0.0087  data_time: 0.0008  memory: 662  
2025/10/25 20:48:11 - mmengine - INFO - Iter(val) [220/237]    eta: 0:00:00  time: 0.0087  data_time: 0.0008  memory: 662  
2025/10/25 20:48:11 - mmengine - INFO - Iter(val) [225/237]    eta: 0:00:00  time: 0.0087  data_time: 0.0008  memory: 662  
2025/10/25 20:48:11 - mmengine - INFO - Iter(val) [230/237]    eta: 0:00:00  time: 0.0087  data_time: 0.0008  memory: 662  
2025/10/25 20:48:12 - mmengine - INFO - Iter(val) [235/237]    eta: 0:00:00  time: 0.0086  data_time: 0.0008  memory: 662  
2025/10/25 20:48:12 - mmengine - INFO - per class results:
2025/10/25 20:48:12 - mmengine - INFO - 
+------------+-------+-------+
|   Class    |  IoU  |  Acc  |
+------------+-------+-------+
| background | 97.57 | 99.14 |
|   crack    | 54.17 | 64.52 |
+------------+-------+-------+
2025/10/25 20:48:12 - mmengine - INFO - Iter(val) [237/237]    aAcc: 97.6400  mIoU: 75.8700  mAcc: 81.8300  data_time: 0.0008  time: 0.0088
2025/10/25 20:48:13 - mmengine - INFO - Iter(train) [ 225/1000]  lr: 7.9777e-03  eta: 0:04:27  time: 0.2880  data_time: 0.0048  memory: 10177  loss: 0.4992  decode.loss_ce: 0.3472  decode.acc_seg: 93.9683  aux.loss_ce: 0.1521  aux.acc_seg: 95.9634
2025/10/25 20:48:14 - mmengine - INFO - Iter(train) [ 230/1000]  lr: 7.9319e-03  eta: 0:04:25  time: 0.2877  data_time: 0.0045  memory: 10177  loss: 0.5170  decode.loss_ce: 0.3608  decode.acc_seg: 93.4951  aux.loss_ce: 0.1562  aux.acc_seg: 93.3723
2025/10/25 20:48:14 - mmengine - INFO - Saving checkpoint at 230 iterations
2025/10/25 20:48:15 - mmengine - INFO - Iter(val) [  5/237]    eta: 0:00:02  time: 0.0091  data_time: 0.0012  memory: 662  
2025/10/25 20:48:15 - mmengine - INFO - Iter(val) [ 10/237]    eta: 0:00:02  time: 0.0091  data_time: 0.0012  memory: 662  
2025/10/25 20:48:15 - mmengine - INFO - Iter(val) [ 15/237]    eta: 0:00:01  time: 0.0085  data_time: 0.0007  memory: 662  
2025/10/25 20:48:15 - mmengine - INFO - Iter(val) [ 20/237]    eta: 0:00:01  time: 0.0086  data_time: 0.0008  memory: 662  
2025/10/25 20:48:15 - mmengine - INFO - Iter(val) [ 25/237]    eta: 0:00:01  time: 0.0086  data_time: 0.0008  memory: 662  
2025/10/25 20:48:15 - mmengine - INFO - Iter(val) [ 30/237]    eta: 0:00:01  time: 0.0087  data_time: 0.0007  memory: 662  
2025/10/25 20:48:15 - mmengine - INFO - Iter(val) [ 35/237]    eta: 0:00:01  time: 0.0086  data_time: 0.0007  memory: 662  
2025/10/25 20:48:15 - mmengine - INFO - Iter(val) [ 40/237]    eta: 0:00:01  time: 0.0086  data_time: 0.0007  memory: 662  
2025/10/25 20:48:15 - mmengine - INFO - Iter(val) [ 45/237]    eta: 0:00:01  time: 0.0086  data_time: 0.0008  memory: 662  
2025/10/25 20:48:15 - mmengine - INFO - Iter(val) [ 50/237]    eta: 0:00:01  time: 0.0086  data_time: 0.0008  memory: 662  
2025/10/25 20:48:15 - mmengine - INFO - Iter(val) [ 55/237]    eta: 0:00:01  time: 0.0087  data_time: 0.0008  memory: 662  
2025/10/25 20:48:15 - mmengine - INFO - Iter(val) [ 60/237]    eta: 0:00:01  time: 0.0088  data_time: 0.0008  memory: 662  
2025/10/25 20:48:16 - mmengine - INFO - Iter(val) [ 65/237]    eta: 0:00:01  time: 0.0088  data_time: 0.0008  memory: 662  
2025/10/25 20:48:16 - mmengine - INFO - Iter(val) [ 70/237]    eta: 0:00:01  time: 0.0096  data_time: 0.0011  memory: 662  
2025/10/25 20:48:16 - mmengine - INFO - Iter(val) [ 75/237]    eta: 0:00:01  time: 0.0095  data_time: 0.0011  memory: 662  
2025/10/25 20:48:16 - mmengine - INFO - Iter(val) [ 80/237]    eta: 0:00:01  time: 0.0087  data_time: 0.0008  memory: 662  
2025/10/25 20:48:16 - mmengine - INFO - Iter(val) [ 85/237]    eta: 0:00:01  time: 0.0088  data_time: 0.0008  memory: 662  
2025/10/25 20:48:16 - mmengine - INFO - Iter(val) [ 90/237]    eta: 0:00:01  time: 0.0087  data_time: 0.0008  memory: 662  
2025/10/25 20:48:16 - mmengine - INFO - Iter(val) [ 95/237]    eta: 0:00:01  time: 0.0087  data_time: 0.0008  memory: 662  
2025/10/25 20:48:16 - mmengine - INFO - Iter(val) [100/237]    eta: 0:00:01  time: 0.0087  data_time: 0.0007  memory: 662  
2025/10/25 20:48:16 - mmengine - INFO - Iter(val) [105/237]    eta: 0:00:01  time: 0.0088  data_time: 0.0008  memory: 662  
2025/10/25 20:48:16 - mmengine - INFO - Iter(val) [110/237]    eta: 0:00:01  time: 0.0089  data_time: 0.0008  memory: 662  
2025/10/25 20:48:16 - mmengine - INFO - Iter(val) [115/237]    eta: 0:00:01  time: 0.0088  data_time: 0.0008  memory: 662  
2025/10/25 20:48:16 - mmengine - INFO - Iter(val) [120/237]    eta: 0:00:01  time: 0.0086  data_time: 0.0007  memory: 662  
2025/10/25 20:48:16 - mmengine - INFO - Iter(val) [125/237]    eta: 0:00:00  time: 0.0086  data_time: 0.0007  memory: 662  
2025/10/25 20:48:16 - mmengine - INFO - Iter(val) [130/237]    eta: 0:00:00  time: 0.0087  data_time: 0.0008  memory: 662  
2025/10/25 20:48:16 - mmengine - INFO - Iter(val) [135/237]    eta: 0:00:00  time: 0.0087  data_time: 0.0008  memory: 662  
2025/10/25 20:48:16 - mmengine - INFO - Iter(val) [140/237]    eta: 0:00:00  time: 0.0087  data_time: 0.0008  memory: 662  
2025/10/25 20:48:16 - mmengine - INFO - Iter(val) [145/237]    eta: 0:00:00  time: 0.0087  data_time: 0.0008  memory: 662  
2025/10/25 20:48:16 - mmengine - INFO - Iter(val) [150/237]    eta: 0:00:00  time: 0.0086  data_time: 0.0008  memory: 662  
2025/10/25 20:48:16 - mmengine - INFO - Iter(val) [155/237]    eta: 0:00:00  time: 0.0087  data_time: 0.0008  memory: 662  
2025/10/25 20:48:16 - mmengine - INFO - Iter(val) [160/237]    eta: 0:00:00  time: 0.0088  data_time: 0.0009  memory: 662  
2025/10/25 20:48:16 - mmengine - INFO - Iter(val) [165/237]    eta: 0:00:00  time: 0.0090  data_time: 0.0009  memory: 662  
2025/10/25 20:48:16 - mmengine - INFO - Iter(val) [170/237]    eta: 0:00:00  time: 0.0089  data_time: 0.0009  memory: 662  
2025/10/25 20:48:17 - mmengine - INFO - Iter(val) [175/237]    eta: 0:00:00  time: 0.0088  data_time: 0.0009  memory: 662  
2025/10/25 20:48:17 - mmengine - INFO - Iter(val) [180/237]    eta: 0:00:00  time: 0.0088  data_time: 0.0009  memory: 662  
2025/10/25 20:48:17 - mmengine - INFO - Iter(val) [185/237]    eta: 0:00:00  time: 0.0087  data_time: 0.0008  memory: 662  
2025/10/25 20:48:17 - mmengine - INFO - Iter(val) [190/237]    eta: 0:00:00  time: 0.0086  data_time: 0.0008  memory: 662  
2025/10/25 20:48:17 - mmengine - INFO - Iter(val) [195/237]    eta: 0:00:00  time: 0.0086  data_time: 0.0008  memory: 662  
2025/10/25 20:48:17 - mmengine - INFO - Iter(val) [200/237]    eta: 0:00:00  time: 0.0087  data_time: 0.0008  memory: 662  
2025/10/25 20:48:17 - mmengine - INFO - Iter(val) [205/237]    eta: 0:00:00  time: 0.0086  data_time: 0.0008  memory: 662  
2025/10/25 20:48:17 - mmengine - INFO - Iter(val) [210/237]    eta: 0:00:00  time: 0.0087  data_time: 0.0008  memory: 662  
2025/10/25 20:48:17 - mmengine - INFO - Iter(val) [215/237]    eta: 0:00:00  time: 0.0087  data_time: 0.0008  memory: 662  
2025/10/25 20:48:17 - mmengine - INFO - Iter(val) [220/237]    eta: 0:00:00  time: 0.0088  data_time: 0.0009  memory: 662  
2025/10/25 20:48:17 - mmengine - INFO - Iter(val) [225/237]    eta: 0:00:00  time: 0.0087  data_time: 0.0009  memory: 662  
2025/10/25 20:48:17 - mmengine - INFO - Iter(val) [230/237]    eta: 0:00:00  time: 0.0087  data_time: 0.0008  memory: 662  
2025/10/25 20:48:17 - mmengine - INFO - Iter(val) [235/237]    eta: 0:00:00  time: 0.0087  data_time: 0.0008  memory: 662  
2025/10/25 20:48:17 - mmengine - INFO - per class results:
2025/10/25 20:48:17 - mmengine - INFO - 
+------------+-------+-------+
|   Class    |  IoU  |  Acc  |
+------------+-------+-------+
| background | 97.01 | 97.81 |
|   crack    |  55.0 | 81.57 |
+------------+-------+-------+
2025/10/25 20:48:17 - mmengine - INFO - Iter(val) [237/237]    aAcc: 97.1100  mIoU: 76.0000  mAcc: 89.6900  data_time: 0.0008  time: 0.0088
2025/10/25 20:48:18 - mmengine - INFO - Iter(train) [ 235/1000]  lr: 7.8861e-03  eta: 0:04:22  time: 0.2877  data_time: 0.0045  memory: 10177  loss: 0.4554  decode.loss_ce: 0.3162  decode.acc_seg: 94.4202  aux.loss_ce: 0.1392  aux.acc_seg: 94.3534
2025/10/25 20:48:20 - mmengine - INFO - Iter(train) [ 240/1000]  lr: 7.8403e-03  eta: 0:04:19  time: 0.2878  data_time: 0.0047  memory: 10177  loss: 0.4278  decode.loss_ce: 0.2960  decode.acc_seg: 95.8536  aux.loss_ce: 0.1318  aux.acc_seg: 95.4585
2025/10/25 20:48:20 - mmengine - INFO - Saving checkpoint at 240 iterations
2025/10/25 20:48:21 - mmengine - INFO - Iter(val) [  5/237]    eta: 0:00:02  time: 0.0095  data_time: 0.0015  memory: 662  
2025/10/25 20:48:21 - mmengine - INFO - Iter(val) [ 10/237]    eta: 0:00:02  time: 0.0095  data_time: 0.0015  memory: 662  
2025/10/25 20:48:21 - mmengine - INFO - Iter(val) [ 15/237]    eta: 0:00:02  time: 0.0087  data_time: 0.0008  memory: 662  
2025/10/25 20:48:21 - mmengine - INFO - Iter(val) [ 20/237]    eta: 0:00:01  time: 0.0087  data_time: 0.0008  memory: 662  
2025/10/25 20:48:21 - mmengine - INFO - Iter(val) [ 25/237]    eta: 0:00:01  time: 0.0086  data_time: 0.0008  memory: 662  
2025/10/25 20:48:21 - mmengine - INFO - Iter(val) [ 30/237]    eta: 0:00:01  time: 0.0086  data_time: 0.0008  memory: 662  
2025/10/25 20:48:21 - mmengine - INFO - Iter(val) [ 35/237]    eta: 0:00:01  time: 0.0087  data_time: 0.0008  memory: 662  
2025/10/25 20:48:21 - mmengine - INFO - Iter(val) [ 40/237]    eta: 0:00:01  time: 0.0087  data_time: 0.0008  memory: 662  
2025/10/25 20:48:21 - mmengine - INFO - Iter(val) [ 45/237]    eta: 0:00:01  time: 0.0087  data_time: 0.0008  memory: 662  
2025/10/25 20:48:21 - mmengine - INFO - Iter(val) [ 50/237]    eta: 0:00:01  time: 0.0087  data_time: 0.0008  memory: 662  
2025/10/25 20:48:21 - mmengine - INFO - Iter(val) [ 55/237]    eta: 0:00:01  time: 0.0086  data_time: 0.0008  memory: 662  
2025/10/25 20:48:21 - mmengine - INFO - Iter(val) [ 60/237]    eta: 0:00:01  time: 0.0086  data_time: 0.0008  memory: 662  
2025/10/25 20:48:21 - mmengine - INFO - Iter(val) [ 65/237]    eta: 0:00:01  time: 0.0087  data_time: 0.0008  memory: 662  
2025/10/25 20:48:21 - mmengine - INFO - Iter(val) [ 70/237]    eta: 0:00:01  time: 0.0087  data_time: 0.0008  memory: 662  
2025/10/25 20:48:21 - mmengine - INFO - Iter(val) [ 75/237]    eta: 0:00:01  time: 0.0087  data_time: 0.0008  memory: 662  
2025/10/25 20:48:21 - mmengine - INFO - Iter(val) [ 80/237]    eta: 0:00:01  time: 0.0087  data_time: 0.0008  memory: 662  
2025/10/25 20:48:21 - mmengine - INFO - Iter(val) [ 85/237]    eta: 0:00:01  time: 0.0087  data_time: 0.0008  memory: 662  
2025/10/25 20:48:21 - mmengine - INFO - Iter(val) [ 90/237]    eta: 0:00:01  time: 0.0087  data_time: 0.0008  memory: 662  
2025/10/25 20:48:21 - mmengine - INFO - Iter(val) [ 95/237]    eta: 0:00:01  time: 0.0087  data_time: 0.0008  memory: 662  
2025/10/25 20:48:21 - mmengine - INFO - Iter(val) [100/237]    eta: 0:00:01  time: 0.0086  data_time: 0.0008  memory: 662  
2025/10/25 20:48:21 - mmengine - INFO - Iter(val) [105/237]    eta: 0:00:01  time: 0.0087  data_time: 0.0008  memory: 662  
2025/10/25 20:48:21 - mmengine - INFO - Iter(val) [110/237]    eta: 0:00:01  time: 0.0087  data_time: 0.0008  memory: 662  
2025/10/25 20:48:21 - mmengine - INFO - Iter(val) [115/237]    eta: 0:00:01  time: 0.0087  data_time: 0.0008  memory: 662  
2025/10/25 20:48:22 - mmengine - INFO - Iter(val) [120/237]    eta: 0:00:01  time: 0.0087  data_time: 0.0008  memory: 662  
2025/10/25 20:48:22 - mmengine - INFO - Iter(val) [125/237]    eta: 0:00:00  time: 0.0087  data_time: 0.0008  memory: 662  
2025/10/25 20:48:22 - mmengine - INFO - Iter(val) [130/237]    eta: 0:00:00  time: 0.0088  data_time: 0.0009  memory: 662  
2025/10/25 20:48:22 - mmengine - INFO - Iter(val) [135/237]    eta: 0:00:00  time: 0.0088  data_time: 0.0008  memory: 662  
2025/10/25 20:48:22 - mmengine - INFO - Iter(val) [140/237]    eta: 0:00:00  time: 0.0087  data_time: 0.0008  memory: 662  
2025/10/25 20:48:22 - mmengine - INFO - Iter(val) [145/237]    eta: 0:00:00  time: 0.0087  data_time: 0.0008  memory: 662  
2025/10/25 20:48:22 - mmengine - INFO - Iter(val) [150/237]    eta: 0:00:00  time: 0.0087  data_time: 0.0008  memory: 662  
2025/10/25 20:48:22 - mmengine - INFO - Iter(val) [155/237]    eta: 0:00:00  time: 0.0087  data_time: 0.0008  memory: 662  
2025/10/25 20:48:22 - mmengine - INFO - Iter(val) [160/237]    eta: 0:00:00  time: 0.0087  data_time: 0.0008  memory: 662  
2025/10/25 20:48:22 - mmengine - INFO - Iter(val) [165/237]    eta: 0:00:00  time: 0.0087  data_time: 0.0009  memory: 662  
2025/10/25 20:48:22 - mmengine - INFO - Iter(val) [170/237]    eta: 0:00:00  time: 0.0087  data_time: 0.0008  memory: 662  
2025/10/25 20:48:22 - mmengine - INFO - Iter(val) [175/237]    eta: 0:00:00  time: 0.0087  data_time: 0.0008  memory: 662  
2025/10/25 20:48:22 - mmengine - INFO - Iter(val) [180/237]    eta: 0:00:00  time: 0.0087  data_time: 0.0008  memory: 662  
2025/10/25 20:48:22 - mmengine - INFO - Iter(val) [185/237]    eta: 0:00:00  time: 0.0087  data_time: 0.0008  memory: 662  
2025/10/25 20:48:22 - mmengine - INFO - Iter(val) [190/237]    eta: 0:00:00  time: 0.0087  data_time: 0.0008  memory: 662  
2025/10/25 20:48:22 - mmengine - INFO - Iter(val) [195/237]    eta: 0:00:00  time: 0.0087  data_time: 0.0008  memory: 662  
2025/10/25 20:48:22 - mmengine - INFO - Iter(val) [200/237]    eta: 0:00:00  time: 0.0087  data_time: 0.0008  memory: 662  
2025/10/25 20:48:22 - mmengine - INFO - Iter(val) [205/237]    eta: 0:00:00  time: 0.0087  data_time: 0.0008  memory: 662  
2025/10/25 20:48:22 - mmengine - INFO - Iter(val) [210/237]    eta: 0:00:00  time: 0.0089  data_time: 0.0009  memory: 662  
2025/10/25 20:48:22 - mmengine - INFO - Iter(val) [215/237]    eta: 0:00:00  time: 0.0089  data_time: 0.0009  memory: 662  
2025/10/25 20:48:22 - mmengine - INFO - Iter(val) [220/237]    eta: 0:00:00  time: 0.0089  data_time: 0.0009  memory: 662  
2025/10/25 20:48:22 - mmengine - INFO - Iter(val) [225/237]    eta: 0:00:00  time: 0.0089  data_time: 0.0009  memory: 662  
2025/10/25 20:48:22 - mmengine - INFO - Iter(val) [230/237]    eta: 0:00:00  time: 0.0089  data_time: 0.0009  memory: 662  
2025/10/25 20:48:23 - mmengine - INFO - Iter(val) [235/237]    eta: 0:00:00  time: 0.0087  data_time: 0.0008  memory: 662  
2025/10/25 20:48:23 - mmengine - INFO - per class results:
2025/10/25 20:48:23 - mmengine - INFO - 
+------------+-------+-------+
|   Class    |  IoU  |  Acc  |
+------------+-------+-------+
| background | 96.86 | 97.57 |
|   crack    | 54.56 | 83.85 |
+------------+-------+-------+
2025/10/25 20:48:23 - mmengine - INFO - Iter(val) [237/237]    aAcc: 96.9800  mIoU: 75.7100  mAcc: 90.7100  data_time: 0.0008  time: 0.0087
2025/10/25 20:48:24 - mmengine - INFO - Iter(train) [ 245/1000]  lr: 7.7945e-03  eta: 0:04:17  time: 0.2878  data_time: 0.0046  memory: 10177  loss: 0.4482  decode.loss_ce: 0.3104  decode.acc_seg: 95.0458  aux.loss_ce: 0.1378  aux.acc_seg: 96.0150
2025/10/25 20:48:25 - mmengine - INFO - Iter(train) [ 250/1000]  lr: 7.7486e-03  eta: 0:04:14  time: 0.2881  data_time: 0.0047  memory: 10177  loss: 0.5054  decode.loss_ce: 0.3512  decode.acc_seg: 93.5232  aux.loss_ce: 0.1542  aux.acc_seg: 94.5439
2025/10/25 20:48:25 - mmengine - INFO - Saving checkpoint at 250 iterations
2025/10/25 20:48:26 - mmengine - INFO - Iter(val) [  5/237]    eta: 0:00:02  time: 0.0093  data_time: 0.0012  memory: 662  
2025/10/25 20:48:26 - mmengine - INFO - Iter(val) [ 10/237]    eta: 0:00:02  time: 0.0094  data_time: 0.0012  memory: 662  
2025/10/25 20:48:26 - mmengine - INFO - Iter(val) [ 15/237]    eta: 0:00:02  time: 0.0088  data_time: 0.0008  memory: 662  
2025/10/25 20:48:26 - mmengine - INFO - Iter(val) [ 20/237]    eta: 0:00:01  time: 0.0087  data_time: 0.0008  memory: 662  
2025/10/25 20:48:26 - mmengine - INFO - Iter(val) [ 25/237]    eta: 0:00:01  time: 0.0087  data_time: 0.0007  memory: 662  
2025/10/25 20:48:26 - mmengine - INFO - Iter(val) [ 30/237]    eta: 0:00:01  time: 0.0092  data_time: 0.0009  memory: 662  
2025/10/25 20:48:26 - mmengine - INFO - Iter(val) [ 35/237]    eta: 0:00:01  time: 0.0095  data_time: 0.0009  memory: 662  
2025/10/25 20:48:26 - mmengine - INFO - Iter(val) [ 40/237]    eta: 0:00:01  time: 0.0091  data_time: 0.0008  memory: 662  
2025/10/25 20:48:26 - mmengine - INFO - Iter(val) [ 45/237]    eta: 0:00:01  time: 0.0088  data_time: 0.0008  memory: 662  
2025/10/25 20:48:26 - mmengine - INFO - Iter(val) [ 50/237]    eta: 0:00:01  time: 0.0089  data_time: 0.0008  memory: 662  
2025/10/25 20:48:27 - mmengine - INFO - Iter(val) [ 55/237]    eta: 0:00:01  time: 0.0097  data_time: 0.0010  memory: 662  
2025/10/25 20:48:27 - mmengine - INFO - Iter(val) [ 60/237]    eta: 0:00:01  time: 0.0096  data_time: 0.0010  memory: 662  
2025/10/25 20:48:27 - mmengine - INFO - Iter(val) [ 65/237]    eta: 0:00:01  time: 0.0087  data_time: 0.0008  memory: 662  
2025/10/25 20:48:27 - mmengine - INFO - Iter(val) [ 70/237]    eta: 0:00:01  time: 0.0088  data_time: 0.0007  memory: 662  
2025/10/25 20:48:27 - mmengine - INFO - Iter(val) [ 75/237]    eta: 0:00:01  time: 0.0090  data_time: 0.0008  memory: 662  
2025/10/25 20:48:27 - mmengine - INFO - Iter(val) [ 80/237]    eta: 0:00:01  time: 0.0089  data_time: 0.0008  memory: 662  
2025/10/25 20:48:27 - mmengine - INFO - Iter(val) [ 85/237]    eta: 0:00:01  time: 0.0088  data_time: 0.0008  memory: 662  
2025/10/25 20:48:27 - mmengine - INFO - Iter(val) [ 90/237]    eta: 0:00:01  time: 0.0090  data_time: 0.0009  memory: 662  
2025/10/25 20:48:27 - mmengine - INFO - Iter(val) [ 95/237]    eta: 0:00:01  time: 0.0089  data_time: 0.0008  memory: 662  
2025/10/25 20:48:27 - mmengine - INFO - Iter(val) [100/237]    eta: 0:00:01  time: 0.0086  data_time: 0.0007  memory: 662  
2025/10/25 20:48:27 - mmengine - INFO - Iter(val) [105/237]    eta: 0:00:01  time: 0.0086  data_time: 0.0007  memory: 662  
2025/10/25 20:48:27 - mmengine - INFO - Iter(val) [110/237]    eta: 0:00:01  time: 0.0086  data_time: 0.0007  memory: 662  
2025/10/25 20:48:27 - mmengine - INFO - Iter(val) [115/237]    eta: 0:00:01  time: 0.0086  data_time: 0.0007  memory: 662  
2025/10/25 20:48:27 - mmengine - INFO - Iter(val) [120/237]    eta: 0:00:01  time: 0.0086  data_time: 0.0007  memory: 662  
2025/10/25 20:48:27 - mmengine - INFO - Iter(val) [125/237]    eta: 0:00:01  time: 0.0087  data_time: 0.0008  memory: 662  
2025/10/25 20:48:27 - mmengine - INFO - Iter(val) [130/237]    eta: 0:00:00  time: 0.0087  data_time: 0.0008  memory: 662  
2025/10/25 20:48:27 - mmengine - INFO - Iter(val) [135/237]    eta: 0:00:00  time: 0.0087  data_time: 0.0008  memory: 662  
2025/10/25 20:48:27 - mmengine - INFO - Iter(val) [140/237]    eta: 0:00:00  time: 0.0087  data_time: 0.0008  memory: 662  
2025/10/25 20:48:27 - mmengine - INFO - Iter(val) [145/237]    eta: 0:00:00  time: 0.0087  data_time: 0.0008  memory: 662  
2025/10/25 20:48:27 - mmengine - INFO - Iter(val) [150/237]    eta: 0:00:00  time: 0.0087  data_time: 0.0009  memory: 662  
2025/10/25 20:48:27 - mmengine - INFO - Iter(val) [155/237]    eta: 0:00:00  time: 0.0088  data_time: 0.0008  memory: 662  
2025/10/25 20:48:27 - mmengine - INFO - Iter(val) [160/237]    eta: 0:00:00  time: 0.0091  data_time: 0.0009  memory: 662  
2025/10/25 20:48:27 - mmengine - INFO - Iter(val) [165/237]    eta: 0:00:00  time: 0.0091  data_time: 0.0009  memory: 662  
2025/10/25 20:48:28 - mmengine - INFO - Iter(val) [170/237]    eta: 0:00:00  time: 0.0086  data_time: 0.0007  memory: 662  
2025/10/25 20:48:28 - mmengine - INFO - Iter(val) [175/237]    eta: 0:00:00  time: 0.0086  data_time: 0.0007  memory: 662  
2025/10/25 20:48:28 - mmengine - INFO - Iter(val) [180/237]    eta: 0:00:00  time: 0.0086  data_time: 0.0007  memory: 662  
2025/10/25 20:48:28 - mmengine - INFO - Iter(val) [185/237]    eta: 0:00:00  time: 0.0087  data_time: 0.0008  memory: 662  
2025/10/25 20:48:28 - mmengine - INFO - Iter(val) [190/237]    eta: 0:00:00  time: 0.0087  data_time: 0.0008  memory: 662  
2025/10/25 20:48:28 - mmengine - INFO - Iter(val) [195/237]    eta: 0:00:00  time: 0.0086  data_time: 0.0008  memory: 662  
2025/10/25 20:48:28 - mmengine - INFO - Iter(val) [200/237]    eta: 0:00:00  time: 0.0087  data_time: 0.0008  memory: 662  
2025/10/25 20:48:28 - mmengine - INFO - Iter(val) [205/237]    eta: 0:00:00  time: 0.0087  data_time: 0.0008  memory: 662  
2025/10/25 20:48:28 - mmengine - INFO - Iter(val) [210/237]    eta: 0:00:00  time: 0.0087  data_time: 0.0008  memory: 662  
2025/10/25 20:48:28 - mmengine - INFO - Iter(val) [215/237]    eta: 0:00:00  time: 0.0087  data_time: 0.0008  memory: 662  
2025/10/25 20:48:28 - mmengine - INFO - Iter(val) [220/237]    eta: 0:00:00  time: 0.0087  data_time: 0.0008  memory: 662  
2025/10/25 20:48:28 - mmengine - INFO - Iter(val) [225/237]    eta: 0:00:00  time: 0.0087  data_time: 0.0008  memory: 662  
2025/10/25 20:48:28 - mmengine - INFO - Iter(val) [230/237]    eta: 0:00:00  time: 0.0087  data_time: 0.0008  memory: 662  
2025/10/25 20:48:28 - mmengine - INFO - Iter(val) [235/237]    eta: 0:00:00  time: 0.0087  data_time: 0.0008  memory: 662  
2025/10/25 20:48:28 - mmengine - INFO - per class results:
2025/10/25 20:48:28 - mmengine - INFO - 
+------------+-------+-------+
|   Class    |  IoU  |  Acc  |
+------------+-------+-------+
| background | 96.33 | 96.88 |
|   crack    | 51.72 |  87.4 |
+------------+-------+-------+
2025/10/25 20:48:28 - mmengine - INFO - Iter(val) [237/237]    aAcc: 96.4700  mIoU: 74.0300  mAcc: 92.1400  data_time: 0.0008  time: 0.0088
2025/10/25 20:48:30 - mmengine - INFO - Iter(train) [ 255/1000]  lr: 7.7027e-03  eta: 0:04:12  time: 0.2883  data_time: 0.0048  memory: 10177  loss: 0.5011  decode.loss_ce: 0.3510  decode.acc_seg: 95.0243  aux.loss_ce: 0.1501  aux.acc_seg: 94.0244
2025/10/25 20:48:31 - mmengine - INFO - Iter(train) [ 260/1000]  lr: 7.6567e-03  eta: 0:04:09  time: 0.2882  data_time: 0.0046  memory: 10177  loss: 0.4578  decode.loss_ce: 0.3163  decode.acc_seg: 95.6181  aux.loss_ce: 0.1415  aux.acc_seg: 94.5108
2025/10/25 20:48:31 - mmengine - INFO - Saving checkpoint at 260 iterations
2025/10/25 20:48:32 - mmengine - INFO - Iter(val) [  5/237]    eta: 0:00:02  time: 0.0093  data_time: 0.0013  memory: 662  
2025/10/25 20:48:32 - mmengine - INFO - Iter(val) [ 10/237]    eta: 0:00:02  time: 0.0091  data_time: 0.0012  memory: 662  
2025/10/25 20:48:32 - mmengine - INFO - Iter(val) [ 15/237]    eta: 0:00:01  time: 0.0085  data_time: 0.0006  memory: 662  
2025/10/25 20:48:32 - mmengine - INFO - Iter(val) [ 20/237]    eta: 0:00:01  time: 0.0086  data_time: 0.0007  memory: 662  
2025/10/25 20:48:32 - mmengine - INFO - Iter(val) [ 25/237]    eta: 0:00:01  time: 0.0086  data_time: 0.0007  memory: 662  
2025/10/25 20:48:32 - mmengine - INFO - Iter(val) [ 30/237]    eta: 0:00:01  time: 0.0086  data_time: 0.0007  memory: 662  
2025/10/25 20:48:32 - mmengine - INFO - Iter(val) [ 35/237]    eta: 0:00:01  time: 0.0086  data_time: 0.0007  memory: 662  
2025/10/25 20:48:32 - mmengine - INFO - Iter(val) [ 40/237]    eta: 0:00:01  time: 0.0086  data_time: 0.0007  memory: 662  
2025/10/25 20:48:32 - mmengine - INFO - Iter(val) [ 45/237]    eta: 0:00:01  time: 0.0086  data_time: 0.0008  memory: 662  
2025/10/25 20:48:32 - mmengine - INFO - Iter(val) [ 50/237]    eta: 0:00:01  time: 0.0087  data_time: 0.0008  memory: 662  
2025/10/25 20:48:32 - mmengine - INFO - Iter(val) [ 55/237]    eta: 0:00:01  time: 0.0086  data_time: 0.0007  memory: 662  
2025/10/25 20:48:32 - mmengine - INFO - Iter(val) [ 60/237]    eta: 0:00:01  time: 0.0087  data_time: 0.0008  memory: 662  
2025/10/25 20:48:32 - mmengine - INFO - Iter(val) [ 65/237]    eta: 0:00:01  time: 0.0088  data_time: 0.0008  memory: 662  
2025/10/25 20:48:32 - mmengine - INFO - Iter(val) [ 70/237]    eta: 0:00:01  time: 0.0087  data_time: 0.0008  memory: 662  
2025/10/25 20:48:32 - mmengine - INFO - Iter(val) [ 75/237]    eta: 0:00:01  time: 0.0086  data_time: 0.0008  memory: 662  
2025/10/25 20:48:32 - mmengine - INFO - Iter(val) [ 80/237]    eta: 0:00:01  time: 0.0087  data_time: 0.0008  memory: 662  
2025/10/25 20:48:32 - mmengine - INFO - Iter(val) [ 85/237]    eta: 0:00:01  time: 0.0087  data_time: 0.0008  memory: 662  
2025/10/25 20:48:32 - mmengine - INFO - Iter(val) [ 90/237]    eta: 0:00:01  time: 0.0087  data_time: 0.0008  memory: 662  
2025/10/25 20:48:32 - mmengine - INFO - Iter(val) [ 95/237]    eta: 0:00:01  time: 0.0088  data_time: 0.0008  memory: 662  
2025/10/25 20:48:32 - mmengine - INFO - Iter(val) [100/237]    eta: 0:00:01  time: 0.0089  data_time: 0.0009  memory: 662  
2025/10/25 20:48:32 - mmengine - INFO - Iter(val) [105/237]    eta: 0:00:01  time: 0.0090  data_time: 0.0009  memory: 662  
2025/10/25 20:48:32 - mmengine - INFO - Iter(val) [110/237]    eta: 0:00:01  time: 0.0089  data_time: 0.0009  memory: 662  
2025/10/25 20:48:33 - mmengine - INFO - Iter(val) [115/237]    eta: 0:00:01  time: 0.0088  data_time: 0.0009  memory: 662  
2025/10/25 20:48:33 - mmengine - INFO - Iter(val) [120/237]    eta: 0:00:01  time: 0.0088  data_time: 0.0009  memory: 662  
2025/10/25 20:48:33 - mmengine - INFO - Iter(val) [125/237]    eta: 0:00:00  time: 0.0092  data_time: 0.0010  memory: 662  
2025/10/25 20:48:33 - mmengine - INFO - Iter(val) [130/237]    eta: 0:00:00  time: 0.0091  data_time: 0.0010  memory: 662  
2025/10/25 20:48:33 - mmengine - INFO - Iter(val) [135/237]    eta: 0:00:00  time: 0.0087  data_time: 0.0008  memory: 662  
2025/10/25 20:48:33 - mmengine - INFO - Iter(val) [140/237]    eta: 0:00:00  time: 0.0087  data_time: 0.0008  memory: 662  
2025/10/25 20:48:33 - mmengine - INFO - Iter(val) [145/237]    eta: 0:00:00  time: 0.0087  data_time: 0.0008  memory: 662  
2025/10/25 20:48:33 - mmengine - INFO - Iter(val) [150/237]    eta: 0:00:00  time: 0.0087  data_time: 0.0008  memory: 662  
2025/10/25 20:48:33 - mmengine - INFO - Iter(val) [155/237]    eta: 0:00:00  time: 0.0088  data_time: 0.0008  memory: 662  
2025/10/25 20:48:33 - mmengine - INFO - Iter(val) [160/237]    eta: 0:00:00  time: 0.0088  data_time: 0.0007  memory: 662  
2025/10/25 20:48:33 - mmengine - INFO - Iter(val) [165/237]    eta: 0:00:00  time: 0.0087  data_time: 0.0007  memory: 662  
2025/10/25 20:48:33 - mmengine - INFO - Iter(val) [170/237]    eta: 0:00:00  time: 0.0087  data_time: 0.0007  memory: 662  
2025/10/25 20:48:33 - mmengine - INFO - Iter(val) [175/237]    eta: 0:00:00  time: 0.0087  data_time: 0.0007  memory: 662  
2025/10/25 20:48:33 - mmengine - INFO - Iter(val) [180/237]    eta: 0:00:00  time: 0.0088  data_time: 0.0008  memory: 662  
2025/10/25 20:48:33 - mmengine - INFO - Iter(val) [185/237]    eta: 0:00:00  time: 0.0087  data_time: 0.0008  memory: 662  
2025/10/25 20:48:33 - mmengine - INFO - Iter(val) [190/237]    eta: 0:00:00  time: 0.0087  data_time: 0.0008  memory: 662  
2025/10/25 20:48:33 - mmengine - INFO - Iter(val) [195/237]    eta: 0:00:00  time: 0.0087  data_time: 0.0008  memory: 662  
2025/10/25 20:48:33 - mmengine - INFO - Iter(val) [200/237]    eta: 0:00:00  time: 0.0087  data_time: 0.0008  memory: 662  
2025/10/25 20:48:33 - mmengine - INFO - Iter(val) [205/237]    eta: 0:00:00  time: 0.0087  data_time: 0.0008  memory: 662  
2025/10/25 20:48:33 - mmengine - INFO - Iter(val) [210/237]    eta: 0:00:00  time: 0.0087  data_time: 0.0008  memory: 662  
2025/10/25 20:48:33 - mmengine - INFO - Iter(val) [215/237]    eta: 0:00:00  time: 0.0088  data_time: 0.0008  memory: 662  
2025/10/25 20:48:33 - mmengine - INFO - Iter(val) [220/237]    eta: 0:00:00  time: 0.0088  data_time: 0.0008  memory: 662  
2025/10/25 20:48:34 - mmengine - INFO - Iter(val) [225/237]    eta: 0:00:00  time: 0.0088  data_time: 0.0008  memory: 662  
2025/10/25 20:48:34 - mmengine - INFO - Iter(val) [230/237]    eta: 0:00:00  time: 0.0088  data_time: 0.0008  memory: 662  
2025/10/25 20:48:34 - mmengine - INFO - Iter(val) [235/237]    eta: 0:00:00  time: 0.0088  data_time: 0.0008  memory: 662  
2025/10/25 20:48:34 - mmengine - INFO - per class results:
2025/10/25 20:48:34 - mmengine - INFO - 
+------------+-------+-------+
|   Class    |  IoU  |  Acc  |
+------------+-------+-------+
| background | 97.54 | 98.94 |
|   crack    | 55.33 |  68.3 |
+------------+-------+-------+
2025/10/25 20:48:34 - mmengine - INFO - Iter(val) [237/237]    aAcc: 97.6100  mIoU: 76.4400  mAcc: 83.6200  data_time: 0.0008  time: 0.0088
2025/10/25 20:48:35 - mmengine - INFO - Iter(train) [ 265/1000]  lr: 7.6108e-03  eta: 0:04:07  time: 0.2880  data_time: 0.0044  memory: 10177  loss: 0.4711  decode.loss_ce: 0.3271  decode.acc_seg: 94.6038  aux.loss_ce: 0.1440  aux.acc_seg: 94.0404
2025/10/25 20:48:36 - mmengine - INFO - Iter(train) [ 270/1000]  lr: 7.5648e-03  eta: 0:04:05  time: 0.2881  data_time: 0.0046  memory: 10177  loss: 0.4454  decode.loss_ce: 0.3094  decode.acc_seg: 95.4434  aux.loss_ce: 0.1360  aux.acc_seg: 96.2783
2025/10/25 20:48:36 - mmengine - INFO - Saving checkpoint at 270 iterations
2025/10/25 20:48:37 - mmengine - INFO - Iter(val) [  5/237]    eta: 0:00:02  time: 0.0095  data_time: 0.0014  memory: 662  
2025/10/25 20:48:37 - mmengine - INFO - Iter(val) [ 10/237]    eta: 0:00:02  time: 0.0094  data_time: 0.0013  memory: 662  
2025/10/25 20:48:37 - mmengine - INFO - Iter(val) [ 15/237]    eta: 0:00:02  time: 0.0087  data_time: 0.0007  memory: 662  
2025/10/25 20:48:37 - mmengine - INFO - Iter(val) [ 20/237]    eta: 0:00:01  time: 0.0087  data_time: 0.0008  memory: 662  
2025/10/25 20:48:37 - mmengine - INFO - Iter(val) [ 25/237]    eta: 0:00:01  time: 0.0086  data_time: 0.0008  memory: 662  
2025/10/25 20:48:37 - mmengine - INFO - Iter(val) [ 30/237]    eta: 0:00:01  time: 0.0087  data_time: 0.0008  memory: 662  
2025/10/25 20:48:37 - mmengine - INFO - Iter(val) [ 35/237]    eta: 0:00:01  time: 0.0087  data_time: 0.0008  memory: 662  
2025/10/25 20:48:37 - mmengine - INFO - Iter(val) [ 40/237]    eta: 0:00:01  time: 0.0087  data_time: 0.0008  memory: 662  
2025/10/25 20:48:37 - mmengine - INFO - Iter(val) [ 45/237]    eta: 0:00:01  time: 0.0086  data_time: 0.0007  memory: 662  
2025/10/25 20:48:37 - mmengine - INFO - Iter(val) [ 50/237]    eta: 0:00:01  time: 0.0089  data_time: 0.0008  memory: 662  
2025/10/25 20:48:38 - mmengine - INFO - Iter(val) [ 55/237]    eta: 0:00:01  time: 0.0090  data_time: 0.0009  memory: 662  
2025/10/25 20:48:38 - mmengine - INFO - Iter(val) [ 60/237]    eta: 0:00:01  time: 0.0088  data_time: 0.0008  memory: 662  
2025/10/25 20:48:38 - mmengine - INFO - Iter(val) [ 65/237]    eta: 0:00:01  time: 0.0087  data_time: 0.0008  memory: 662  
2025/10/25 20:48:38 - mmengine - INFO - Iter(val) [ 70/237]    eta: 0:00:01  time: 0.0087  data_time: 0.0008  memory: 662  
2025/10/25 20:48:38 - mmengine - INFO - Iter(val) [ 75/237]    eta: 0:00:01  time: 0.0087  data_time: 0.0008  memory: 662  
2025/10/25 20:48:38 - mmengine - INFO - Iter(val) [ 80/237]    eta: 0:00:01  time: 0.0087  data_time: 0.0008  memory: 662  
2025/10/25 20:48:38 - mmengine - INFO - Iter(val) [ 85/237]    eta: 0:00:01  time: 0.0086  data_time: 0.0008  memory: 662  
2025/10/25 20:48:38 - mmengine - INFO - Iter(val) [ 90/237]    eta: 0:00:01  time: 0.0086  data_time: 0.0008  memory: 662  
2025/10/25 20:48:38 - mmengine - INFO - Iter(val) [ 95/237]    eta: 0:00:01  time: 0.0087  data_time: 0.0008  memory: 662  
2025/10/25 20:48:38 - mmengine - INFO - Iter(val) [100/237]    eta: 0:00:01  time: 0.0087  data_time: 0.0008  memory: 662  
2025/10/25 20:48:38 - mmengine - INFO - Iter(val) [105/237]    eta: 0:00:01  time: 0.0086  data_time: 0.0008  memory: 662  
2025/10/25 20:48:38 - mmengine - INFO - Iter(val) [110/237]    eta: 0:00:01  time: 0.0087  data_time: 0.0008  memory: 662  
2025/10/25 20:48:38 - mmengine - INFO - Iter(val) [115/237]    eta: 0:00:01  time: 0.0092  data_time: 0.0009  memory: 662  
2025/10/25 20:48:38 - mmengine - INFO - Iter(val) [120/237]    eta: 0:00:01  time: 0.0095  data_time: 0.0009  memory: 662  
2025/10/25 20:48:38 - mmengine - INFO - Iter(val) [125/237]    eta: 0:00:00  time: 0.0092  data_time: 0.0009  memory: 662  
2025/10/25 20:48:38 - mmengine - INFO - Iter(val) [130/237]    eta: 0:00:00  time: 0.0087  data_time: 0.0008  memory: 662  
2025/10/25 20:48:38 - mmengine - INFO - Iter(val) [135/237]    eta: 0:00:00  time: 0.0086  data_time: 0.0008  memory: 662  
2025/10/25 20:48:38 - mmengine - INFO - Iter(val) [140/237]    eta: 0:00:00  time: 0.0087  data_time: 0.0008  memory: 662  
2025/10/25 20:48:38 - mmengine - INFO - Iter(val) [145/237]    eta: 0:00:00  time: 0.0086  data_time: 0.0008  memory: 662  
2025/10/25 20:48:38 - mmengine - INFO - Iter(val) [150/237]    eta: 0:00:00  time: 0.0087  data_time: 0.0008  memory: 662  
2025/10/25 20:48:38 - mmengine - INFO - Iter(val) [155/237]    eta: 0:00:00  time: 0.0088  data_time: 0.0009  memory: 662  
2025/10/25 20:48:38 - mmengine - INFO - Iter(val) [160/237]    eta: 0:00:00  time: 0.0090  data_time: 0.0009  memory: 662  
2025/10/25 20:48:38 - mmengine - INFO - Iter(val) [165/237]    eta: 0:00:00  time: 0.0089  data_time: 0.0009  memory: 662  
2025/10/25 20:48:39 - mmengine - INFO - Iter(val) [170/237]    eta: 0:00:00  time: 0.0088  data_time: 0.0009  memory: 662  
2025/10/25 20:48:39 - mmengine - INFO - Iter(val) [175/237]    eta: 0:00:00  time: 0.0087  data_time: 0.0008  memory: 662  
2025/10/25 20:48:39 - mmengine - INFO - Iter(val) [180/237]    eta: 0:00:00  time: 0.0087  data_time: 0.0008  memory: 662  
2025/10/25 20:48:39 - mmengine - INFO - Iter(val) [185/237]    eta: 0:00:00  time: 0.0087  data_time: 0.0008  memory: 662  
2025/10/25 20:48:39 - mmengine - INFO - Iter(val) [190/237]    eta: 0:00:00  time: 0.0087  data_time: 0.0008  memory: 662  
2025/10/25 20:48:39 - mmengine - INFO - Iter(val) [195/237]    eta: 0:00:00  time: 0.0086  data_time: 0.0008  memory: 662  
2025/10/25 20:48:39 - mmengine - INFO - Iter(val) [200/237]    eta: 0:00:00  time: 0.0086  data_time: 0.0008  memory: 662  
2025/10/25 20:48:39 - mmengine - INFO - Iter(val) [205/237]    eta: 0:00:00  time: 0.0086  data_time: 0.0008  memory: 662  
2025/10/25 20:48:39 - mmengine - INFO - Iter(val) [210/237]    eta: 0:00:00  time: 0.0086  data_time: 0.0008  memory: 662  
2025/10/25 20:48:39 - mmengine - INFO - Iter(val) [215/237]    eta: 0:00:00  time: 0.0087  data_time: 0.0008  memory: 662  
2025/10/25 20:48:39 - mmengine - INFO - Iter(val) [220/237]    eta: 0:00:00  time: 0.0087  data_time: 0.0008  memory: 662  
2025/10/25 20:48:39 - mmengine - INFO - Iter(val) [225/237]    eta: 0:00:00  time: 0.0087  data_time: 0.0008  memory: 662  
2025/10/25 20:48:39 - mmengine - INFO - Iter(val) [230/237]    eta: 0:00:00  time: 0.0087  data_time: 0.0008  memory: 662  
2025/10/25 20:48:39 - mmengine - INFO - Iter(val) [235/237]    eta: 0:00:00  time: 0.0087  data_time: 0.0008  memory: 662  
2025/10/25 20:48:39 - mmengine - INFO - per class results:
2025/10/25 20:48:39 - mmengine - INFO - 
+------------+-------+-------+
|   Class    |  IoU  |  Acc  |
+------------+-------+-------+
| background | 96.41 | 96.83 |
|   crack    | 53.05 | 90.19 |
+------------+-------+-------+
2025/10/25 20:48:39 - mmengine - INFO - Iter(val) [237/237]    aAcc: 96.5500  mIoU: 74.7300  mAcc: 93.5100  data_time: 0.0008  time: 0.0088
2025/10/25 20:48:41 - mmengine - INFO - Iter(train) [ 275/1000]  lr: 7.5187e-03  eta: 0:04:02  time: 0.2885  data_time: 0.0049  memory: 10177  loss: 0.4256  decode.loss_ce: 0.2969  decode.acc_seg: 95.0680  aux.loss_ce: 0.1287  aux.acc_seg: 95.3925
2025/10/25 20:48:42 - mmengine - INFO - Iter(train) [ 280/1000]  lr: 7.4727e-03  eta: 0:04:00  time: 0.2884  data_time: 0.0048  memory: 10177  loss: 0.4206  decode.loss_ce: 0.2958  decode.acc_seg: 95.0118  aux.loss_ce: 0.1248  aux.acc_seg: 95.3893
2025/10/25 20:48:42 - mmengine - INFO - Saving checkpoint at 280 iterations
2025/10/25 20:48:43 - mmengine - INFO - Iter(val) [  5/237]    eta: 0:00:02  time: 0.0100  data_time: 0.0014  memory: 662  
2025/10/25 20:48:43 - mmengine - INFO - Iter(val) [ 10/237]    eta: 0:00:02  time: 0.0100  data_time: 0.0013  memory: 662  
2025/10/25 20:48:43 - mmengine - INFO - Iter(val) [ 15/237]    eta: 0:00:02  time: 0.0086  data_time: 0.0007  memory: 662  
2025/10/25 20:48:43 - mmengine - INFO - Iter(val) [ 20/237]    eta: 0:00:02  time: 0.0089  data_time: 0.0008  memory: 662  
2025/10/25 20:48:43 - mmengine - INFO - Iter(val) [ 25/237]    eta: 0:00:01  time: 0.0089  data_time: 0.0008  memory: 662  
2025/10/25 20:48:43 - mmengine - INFO - Iter(val) [ 30/237]    eta: 0:00:01  time: 0.0087  data_time: 0.0007  memory: 662  
2025/10/25 20:48:43 - mmengine - INFO - Iter(val) [ 35/237]    eta: 0:00:01  time: 0.0087  data_time: 0.0008  memory: 662  
2025/10/25 20:48:43 - mmengine - INFO - Iter(val) [ 40/237]    eta: 0:00:01  time: 0.0086  data_time: 0.0007  memory: 662  
2025/10/25 20:48:43 - mmengine - INFO - Iter(val) [ 45/237]    eta: 0:00:01  time: 0.0086  data_time: 0.0007  memory: 662  
2025/10/25 20:48:43 - mmengine - INFO - Iter(val) [ 50/237]    eta: 0:00:01  time: 0.0086  data_time: 0.0007  memory: 662  
2025/10/25 20:48:43 - mmengine - INFO - Iter(val) [ 55/237]    eta: 0:00:01  time: 0.0086  data_time: 0.0007  memory: 662  
2025/10/25 20:48:43 - mmengine - INFO - Iter(val) [ 60/237]    eta: 0:00:01  time: 0.0090  data_time: 0.0008  memory: 662  
2025/10/25 20:48:43 - mmengine - INFO - Iter(val) [ 65/237]    eta: 0:00:01  time: 0.0092  data_time: 0.0009  memory: 662  
2025/10/25 20:48:43 - mmengine - INFO - Iter(val) [ 70/237]    eta: 0:00:01  time: 0.0088  data_time: 0.0008  memory: 662  
2025/10/25 20:48:43 - mmengine - INFO - Iter(val) [ 75/237]    eta: 0:00:01  time: 0.0086  data_time: 0.0007  memory: 662  
2025/10/25 20:48:43 - mmengine - INFO - Iter(val) [ 80/237]    eta: 0:00:01  time: 0.0086  data_time: 0.0007  memory: 662  
2025/10/25 20:48:43 - mmengine - INFO - Iter(val) [ 85/237]    eta: 0:00:01  time: 0.0090  data_time: 0.0008  memory: 662  
2025/10/25 20:48:43 - mmengine - INFO - Iter(val) [ 90/237]    eta: 0:00:01  time: 0.0090  data_time: 0.0008  memory: 662  
2025/10/25 20:48:43 - mmengine - INFO - Iter(val) [ 95/237]    eta: 0:00:01  time: 0.0090  data_time: 0.0008  memory: 662  
2025/10/25 20:48:43 - mmengine - INFO - Iter(val) [100/237]    eta: 0:00:01  time: 0.0090  data_time: 0.0008  memory: 662  
2025/10/25 20:48:43 - mmengine - INFO - Iter(val) [105/237]    eta: 0:00:01  time: 0.0087  data_time: 0.0008  memory: 662  
2025/10/25 20:48:44 - mmengine - INFO - Iter(val) [110/237]    eta: 0:00:01  time: 0.0087  data_time: 0.0008  memory: 662  
2025/10/25 20:48:44 - mmengine - INFO - Iter(val) [115/237]    eta: 0:00:01  time: 0.0087  data_time: 0.0008  memory: 662  
2025/10/25 20:48:44 - mmengine - INFO - Iter(val) [120/237]    eta: 0:00:01  time: 0.0087  data_time: 0.0008  memory: 662  
2025/10/25 20:48:44 - mmengine - INFO - Iter(val) [125/237]    eta: 0:00:00  time: 0.0087  data_time: 0.0008  memory: 662  
2025/10/25 20:48:44 - mmengine - INFO - Iter(val) [130/237]    eta: 0:00:00  time: 0.0087  data_time: 0.0008  memory: 662  
2025/10/25 20:48:44 - mmengine - INFO - Iter(val) [135/237]    eta: 0:00:00  time: 0.0087  data_time: 0.0008  memory: 662  
2025/10/25 20:48:44 - mmengine - INFO - Iter(val) [140/237]    eta: 0:00:00  time: 0.0088  data_time: 0.0009  memory: 662  
2025/10/25 20:48:44 - mmengine - INFO - Iter(val) [145/237]    eta: 0:00:00  time: 0.0087  data_time: 0.0008  memory: 662  
2025/10/25 20:48:44 - mmengine - INFO - Iter(val) [150/237]    eta: 0:00:00  time: 0.0087  data_time: 0.0008  memory: 662  
2025/10/25 20:48:44 - mmengine - INFO - Iter(val) [155/237]    eta: 0:00:00  time: 0.0087  data_time: 0.0008  memory: 662  
2025/10/25 20:48:44 - mmengine - INFO - Iter(val) [160/237]    eta: 0:00:00  time: 0.0087  data_time: 0.0008  memory: 662  
2025/10/25 20:48:44 - mmengine - INFO - Iter(val) [165/237]    eta: 0:00:00  time: 0.0087  data_time: 0.0008  memory: 662  
2025/10/25 20:48:44 - mmengine - INFO - Iter(val) [170/237]    eta: 0:00:00  time: 0.0087  data_time: 0.0008  memory: 662  
2025/10/25 20:48:44 - mmengine - INFO - Iter(val) [175/237]    eta: 0:00:00  time: 0.0090  data_time: 0.0010  memory: 662  
2025/10/25 20:48:44 - mmengine - INFO - Iter(val) [180/237]    eta: 0:00:00  time: 0.0089  data_time: 0.0010  memory: 662  
2025/10/25 20:48:44 - mmengine - INFO - Iter(val) [185/237]    eta: 0:00:00  time: 0.0087  data_time: 0.0008  memory: 662  
2025/10/25 20:48:44 - mmengine - INFO - Iter(val) [190/237]    eta: 0:00:00  time: 0.0087  data_time: 0.0008  memory: 662  
2025/10/25 20:48:44 - mmengine - INFO - Iter(val) [195/237]    eta: 0:00:00  time: 0.0088  data_time: 0.0009  memory: 662  
2025/10/25 20:48:44 - mmengine - INFO - Iter(val) [200/237]    eta: 0:00:00  time: 0.0087  data_time: 0.0009  memory: 662  
2025/10/25 20:48:44 - mmengine - INFO - Iter(val) [205/237]    eta: 0:00:00  time: 0.0088  data_time: 0.0009  memory: 662  
2025/10/25 20:48:44 - mmengine - INFO - Iter(val) [210/237]    eta: 0:00:00  time: 0.0089  data_time: 0.0009  memory: 662  
2025/10/25 20:48:44 - mmengine - INFO - Iter(val) [215/237]    eta: 0:00:00  time: 0.0089  data_time: 0.0009  memory: 662  
2025/10/25 20:48:44 - mmengine - INFO - Iter(val) [220/237]    eta: 0:00:00  time: 0.0089  data_time: 0.0008  memory: 662  
2025/10/25 20:48:45 - mmengine - INFO - Iter(val) [225/237]    eta: 0:00:00  time: 0.0087  data_time: 0.0008  memory: 662  
2025/10/25 20:48:45 - mmengine - INFO - Iter(val) [230/237]    eta: 0:00:00  time: 0.0087  data_time: 0.0008  memory: 662  
2025/10/25 20:48:45 - mmengine - INFO - Iter(val) [235/237]    eta: 0:00:00  time: 0.0086  data_time: 0.0008  memory: 662  
2025/10/25 20:48:45 - mmengine - INFO - per class results:
2025/10/25 20:48:45 - mmengine - INFO - 
+------------+-------+-------+
|   Class    |  IoU  |  Acc  |
+------------+-------+-------+
| background | 97.66 | 98.55 |
|   crack    | 60.48 | 79.92 |
+------------+-------+-------+
2025/10/25 20:48:45 - mmengine - INFO - Iter(val) [237/237]    aAcc: 97.7400  mIoU: 79.0700  mAcc: 89.2300  data_time: 0.0008  time: 0.0088
2025/10/25 20:48:45 - mmengine - INFO - The previous best checkpoint /home/szw/segmentation_ws/work_1/work_dirs/deepcrack_pspnet_optimized_v2/best_mIoU_iter_200.pth is removed
2025/10/25 20:48:45 - mmengine - INFO - The best checkpoint with 79.0700 mIoU at 280 iter is saved to best_mIoU_iter_280.pth.
2025/10/25 20:48:47 - mmengine - INFO - Iter(train) [ 285/1000]  lr: 7.4266e-03  eta: 0:04:00  time: 0.3860  data_time: 0.1024  memory: 10177  loss: 0.4453  decode.loss_ce: 0.3069  decode.acc_seg: 93.7500  aux.loss_ce: 0.1385  aux.acc_seg: 93.9071
2025/10/25 20:48:48 - mmengine - INFO - Iter(train) [ 290/1000]  lr: 7.3805e-03  eta: 0:03:58  time: 0.3857  data_time: 0.1023  memory: 10177  loss: 0.4669  decode.loss_ce: 0.3216  decode.acc_seg: 94.7974  aux.loss_ce: 0.1453  aux.acc_seg: 94.7206
2025/10/25 20:48:48 - mmengine - INFO - Saving checkpoint at 290 iterations
2025/10/25 20:48:49 - mmengine - INFO - Iter(val) [  5/237]    eta: 0:00:02  time: 0.0091  data_time: 0.0012  memory: 662  
2025/10/25 20:48:49 - mmengine - INFO - Iter(val) [ 10/237]    eta: 0:00:02  time: 0.0091  data_time: 0.0012  memory: 662  
2025/10/25 20:48:49 - mmengine - INFO - Iter(val) [ 15/237]    eta: 0:00:01  time: 0.0087  data_time: 0.0008  memory: 662  
2025/10/25 20:48:49 - mmengine - INFO - Iter(val) [ 20/237]    eta: 0:00:01  time: 0.0087  data_time: 0.0008  memory: 662  
2025/10/25 20:48:49 - mmengine - INFO - Iter(val) [ 25/237]    eta: 0:00:01  time: 0.0088  data_time: 0.0009  memory: 662  
2025/10/25 20:48:49 - mmengine - INFO - Iter(val) [ 30/237]    eta: 0:00:01  time: 0.0089  data_time: 0.0009  memory: 662  
2025/10/25 20:48:49 - mmengine - INFO - Iter(val) [ 35/237]    eta: 0:00:01  time: 0.0089  data_time: 0.0009  memory: 662  
2025/10/25 20:48:49 - mmengine - INFO - Iter(val) [ 40/237]    eta: 0:00:01  time: 0.0088  data_time: 0.0008  memory: 662  
2025/10/25 20:48:49 - mmengine - INFO - Iter(val) [ 45/237]    eta: 0:00:01  time: 0.0087  data_time: 0.0008  memory: 662  
2025/10/25 20:48:49 - mmengine - INFO - Iter(val) [ 50/237]    eta: 0:00:01  time: 0.0087  data_time: 0.0008  memory: 662  
2025/10/25 20:48:50 - mmengine - INFO - Iter(val) [ 55/237]    eta: 0:00:01  time: 0.0088  data_time: 0.0009  memory: 662  
2025/10/25 20:48:50 - mmengine - INFO - Iter(val) [ 60/237]    eta: 0:00:01  time: 0.0088  data_time: 0.0009  memory: 662  
2025/10/25 20:48:50 - mmengine - INFO - Iter(val) [ 65/237]    eta: 0:00:01  time: 0.0086  data_time: 0.0008  memory: 662  
2025/10/25 20:48:50 - mmengine - INFO - Iter(val) [ 70/237]    eta: 0:00:01  time: 0.0086  data_time: 0.0007  memory: 662  
2025/10/25 20:48:50 - mmengine - INFO - Iter(val) [ 75/237]    eta: 0:00:01  time: 0.0086  data_time: 0.0007  memory: 662  
2025/10/25 20:48:50 - mmengine - INFO - Iter(val) [ 80/237]    eta: 0:00:01  time: 0.0086  data_time: 0.0007  memory: 662  
2025/10/25 20:48:50 - mmengine - INFO - Iter(val) [ 85/237]    eta: 0:00:01  time: 0.0089  data_time: 0.0008  memory: 662  
2025/10/25 20:48:50 - mmengine - INFO - Iter(val) [ 90/237]    eta: 0:00:01  time: 0.0090  data_time: 0.0008  memory: 662  
2025/10/25 20:48:50 - mmengine - INFO - Iter(val) [ 95/237]    eta: 0:00:01  time: 0.0087  data_time: 0.0007  memory: 662  
2025/10/25 20:48:50 - mmengine - INFO - Iter(val) [100/237]    eta: 0:00:01  time: 0.0087  data_time: 0.0008  memory: 662  
2025/10/25 20:48:50 - mmengine - INFO - Iter(val) [105/237]    eta: 0:00:01  time: 0.0087  data_time: 0.0008  memory: 662  
2025/10/25 20:48:50 - mmengine - INFO - Iter(val) [110/237]    eta: 0:00:01  time: 0.0087  data_time: 0.0008  memory: 662  
2025/10/25 20:48:50 - mmengine - INFO - Iter(val) [115/237]    eta: 0:00:01  time: 0.0087  data_time: 0.0008  memory: 662  
2025/10/25 20:48:50 - mmengine - INFO - Iter(val) [120/237]    eta: 0:00:01  time: 0.0087  data_time: 0.0008  memory: 662  
2025/10/25 20:48:50 - mmengine - INFO - Iter(val) [125/237]    eta: 0:00:00  time: 0.0087  data_time: 0.0008  memory: 662  
2025/10/25 20:48:50 - mmengine - INFO - Iter(val) [130/237]    eta: 0:00:00  time: 0.0087  data_time: 0.0008  memory: 662  
2025/10/25 20:48:50 - mmengine - INFO - Iter(val) [135/237]    eta: 0:00:00  time: 0.0087  data_time: 0.0008  memory: 662  
2025/10/25 20:48:50 - mmengine - INFO - Iter(val) [140/237]    eta: 0:00:00  time: 0.0086  data_time: 0.0008  memory: 662  
2025/10/25 20:48:50 - mmengine - INFO - Iter(val) [145/237]    eta: 0:00:00  time: 0.0087  data_time: 0.0007  memory: 662  
2025/10/25 20:48:50 - mmengine - INFO - Iter(val) [150/237]    eta: 0:00:00  time: 0.0087  data_time: 0.0008  memory: 662  
2025/10/25 20:48:50 - mmengine - INFO - Iter(val) [155/237]    eta: 0:00:00  time: 0.0090  data_time: 0.0010  memory: 662  
2025/10/25 20:48:50 - mmengine - INFO - Iter(val) [160/237]    eta: 0:00:00  time: 0.0091  data_time: 0.0010  memory: 662  
2025/10/25 20:48:50 - mmengine - INFO - Iter(val) [165/237]    eta: 0:00:00  time: 0.0090  data_time: 0.0008  memory: 662  
2025/10/25 20:48:51 - mmengine - INFO - Iter(val) [170/237]    eta: 0:00:00  time: 0.0089  data_time: 0.0008  memory: 662  
2025/10/25 20:48:51 - mmengine - INFO - Iter(val) [175/237]    eta: 0:00:00  time: 0.0087  data_time: 0.0007  memory: 662  
2025/10/25 20:48:51 - mmengine - INFO - Iter(val) [180/237]    eta: 0:00:00  time: 0.0087  data_time: 0.0008  memory: 662  
2025/10/25 20:48:51 - mmengine - INFO - Iter(val) [185/237]    eta: 0:00:00  time: 0.0087  data_time: 0.0008  memory: 662  
2025/10/25 20:48:51 - mmengine - INFO - Iter(val) [190/237]    eta: 0:00:00  time: 0.0086  data_time: 0.0008  memory: 662  
2025/10/25 20:48:51 - mmengine - INFO - Iter(val) [195/237]    eta: 0:00:00  time: 0.0086  data_time: 0.0007  memory: 662  
2025/10/25 20:48:51 - mmengine - INFO - Iter(val) [200/237]    eta: 0:00:00  time: 0.0086  data_time: 0.0007  memory: 662  
2025/10/25 20:48:51 - mmengine - INFO - Iter(val) [205/237]    eta: 0:00:00  time: 0.0087  data_time: 0.0008  memory: 662  
2025/10/25 20:48:51 - mmengine - INFO - Iter(val) [210/237]    eta: 0:00:00  time: 0.0087  data_time: 0.0008  memory: 662  
2025/10/25 20:48:51 - mmengine - INFO - Iter(val) [215/237]    eta: 0:00:00  time: 0.0086  data_time: 0.0007  memory: 662  
2025/10/25 20:48:51 - mmengine - INFO - Iter(val) [220/237]    eta: 0:00:00  time: 0.0086  data_time: 0.0007  memory: 662  
2025/10/25 20:48:51 - mmengine - INFO - Iter(val) [225/237]    eta: 0:00:00  time: 0.0086  data_time: 0.0007  memory: 662  
2025/10/25 20:48:51 - mmengine - INFO - Iter(val) [230/237]    eta: 0:00:00  time: 0.0086  data_time: 0.0007  memory: 662  
2025/10/25 20:48:51 - mmengine - INFO - Iter(val) [235/237]    eta: 0:00:00  time: 0.0086  data_time: 0.0007  memory: 662  
2025/10/25 20:48:51 - mmengine - INFO - per class results:
2025/10/25 20:48:51 - mmengine - INFO - 
+------------+-------+-------+
|   Class    |  IoU  |  Acc  |
+------------+-------+-------+
| background | 95.74 | 96.16 |
|   crack    | 48.84 | 90.29 |
+------------+-------+-------+
2025/10/25 20:48:51 - mmengine - INFO - Iter(val) [237/237]    aAcc: 95.9100  mIoU: 72.2900  mAcc: 93.2300  data_time: 0.0008  time: 0.0087
2025/10/25 20:48:53 - mmengine - INFO - Iter(train) [ 295/1000]  lr: 7.3343e-03  eta: 0:03:56  time: 0.2875  data_time: 0.0043  memory: 10177  loss: 0.4363  decode.loss_ce: 0.3039  decode.acc_seg: 95.3425  aux.loss_ce: 0.1324  aux.acc_seg: 95.3549
2025/10/25 20:48:54 - mmengine - INFO - Iter(train) [ 300/1000]  lr: 7.2881e-03  eta: 0:03:54  time: 0.2877  data_time: 0.0045  memory: 10177  loss: 0.4525  decode.loss_ce: 0.3159  decode.acc_seg: 94.1006  aux.loss_ce: 0.1366  aux.acc_seg: 93.9968
2025/10/25 20:48:54 - mmengine - INFO - Saving checkpoint at 300 iterations
2025/10/25 20:48:55 - mmengine - INFO - Iter(val) [  5/237]    eta: 0:00:02  time: 0.0091  data_time: 0.0012  memory: 662  
2025/10/25 20:48:55 - mmengine - INFO - Iter(val) [ 10/237]    eta: 0:00:02  time: 0.0091  data_time: 0.0012  memory: 662  
2025/10/25 20:48:55 - mmengine - INFO - Iter(val) [ 15/237]    eta: 0:00:01  time: 0.0086  data_time: 0.0007  memory: 662  
2025/10/25 20:48:55 - mmengine - INFO - Iter(val) [ 20/237]    eta: 0:00:01  time: 0.0087  data_time: 0.0008  memory: 662  
2025/10/25 20:48:55 - mmengine - INFO - Iter(val) [ 25/237]    eta: 0:00:01  time: 0.0087  data_time: 0.0008  memory: 662  
2025/10/25 20:48:55 - mmengine - INFO - Iter(val) [ 30/237]    eta: 0:00:01  time: 0.0089  data_time: 0.0008  memory: 662  
2025/10/25 20:48:55 - mmengine - INFO - Iter(val) [ 35/237]    eta: 0:00:01  time: 0.0088  data_time: 0.0008  memory: 662  
2025/10/25 20:48:55 - mmengine - INFO - Iter(val) [ 40/237]    eta: 0:00:01  time: 0.0086  data_time: 0.0007  memory: 662  
2025/10/25 20:48:55 - mmengine - INFO - Iter(val) [ 45/237]    eta: 0:00:01  time: 0.0086  data_time: 0.0007  memory: 662  
2025/10/25 20:48:55 - mmengine - INFO - Iter(val) [ 50/237]    eta: 0:00:01  time: 0.0086  data_time: 0.0007  memory: 662  
2025/10/25 20:48:55 - mmengine - INFO - Iter(val) [ 55/237]    eta: 0:00:01  time: 0.0086  data_time: 0.0007  memory: 662  
2025/10/25 20:48:55 - mmengine - INFO - Iter(val) [ 60/237]    eta: 0:00:01  time: 0.0087  data_time: 0.0008  memory: 662  
2025/10/25 20:48:55 - mmengine - INFO - Iter(val) [ 65/237]    eta: 0:00:01  time: 0.0086  data_time: 0.0008  memory: 662  
2025/10/25 20:48:55 - mmengine - INFO - Iter(val) [ 70/237]    eta: 0:00:01  time: 0.0086  data_time: 0.0007  memory: 662  
2025/10/25 20:48:55 - mmengine - INFO - Iter(val) [ 75/237]    eta: 0:00:01  time: 0.0086  data_time: 0.0008  memory: 662  
2025/10/25 20:48:55 - mmengine - INFO - Iter(val) [ 80/237]    eta: 0:00:01  time: 0.0086  data_time: 0.0008  memory: 662  
2025/10/25 20:48:55 - mmengine - INFO - Iter(val) [ 85/237]    eta: 0:00:01  time: 0.0087  data_time: 0.0008  memory: 662  
2025/10/25 20:48:55 - mmengine - INFO - Iter(val) [ 90/237]    eta: 0:00:01  time: 0.0088  data_time: 0.0008  memory: 662  
2025/10/25 20:48:55 - mmengine - INFO - Iter(val) [ 95/237]    eta: 0:00:01  time: 0.0087  data_time: 0.0008  memory: 662  
2025/10/25 20:48:55 - mmengine - INFO - Iter(val) [100/237]    eta: 0:00:01  time: 0.0087  data_time: 0.0008  memory: 662  
2025/10/25 20:48:55 - mmengine - INFO - Iter(val) [105/237]    eta: 0:00:01  time: 0.0088  data_time: 0.0008  memory: 662  
2025/10/25 20:48:56 - mmengine - INFO - Iter(val) [110/237]    eta: 0:00:01  time: 0.0087  data_time: 0.0008  memory: 662  
2025/10/25 20:48:56 - mmengine - INFO - Iter(val) [115/237]    eta: 0:00:01  time: 0.0087  data_time: 0.0008  memory: 662  
2025/10/25 20:48:56 - mmengine - INFO - Iter(val) [120/237]    eta: 0:00:01  time: 0.0087  data_time: 0.0008  memory: 662  
2025/10/25 20:48:56 - mmengine - INFO - Iter(val) [125/237]    eta: 0:00:00  time: 0.0088  data_time: 0.0008  memory: 662  
2025/10/25 20:48:56 - mmengine - INFO - Iter(val) [130/237]    eta: 0:00:00  time: 0.0087  data_time: 0.0008  memory: 662  
2025/10/25 20:48:56 - mmengine - INFO - Iter(val) [135/237]    eta: 0:00:00  time: 0.0087  data_time: 0.0008  memory: 662  
2025/10/25 20:48:56 - mmengine - INFO - Iter(val) [140/237]    eta: 0:00:00  time: 0.0087  data_time: 0.0008  memory: 662  
2025/10/25 20:48:56 - mmengine - INFO - Iter(val) [145/237]    eta: 0:00:00  time: 0.0087  data_time: 0.0008  memory: 662  
2025/10/25 20:48:56 - mmengine - INFO - Iter(val) [150/237]    eta: 0:00:00  time: 0.0086  data_time: 0.0008  memory: 662  
2025/10/25 20:48:56 - mmengine - INFO - Iter(val) [155/237]    eta: 0:00:00  time: 0.0086  data_time: 0.0008  memory: 662  
2025/10/25 20:48:56 - mmengine - INFO - Iter(val) [160/237]    eta: 0:00:00  time: 0.0086  data_time: 0.0008  memory: 662  
2025/10/25 20:48:56 - mmengine - INFO - Iter(val) [165/237]    eta: 0:00:00  time: 0.0087  data_time: 0.0008  memory: 662  
2025/10/25 20:48:56 - mmengine - INFO - Iter(val) [170/237]    eta: 0:00:00  time: 0.0088  data_time: 0.0008  memory: 662  
2025/10/25 20:48:56 - mmengine - INFO - Iter(val) [175/237]    eta: 0:00:00  time: 0.0093  data_time: 0.0010  memory: 662  
2025/10/25 20:48:56 - mmengine - INFO - Iter(val) [180/237]    eta: 0:00:00  time: 0.0092  data_time: 0.0009  memory: 662  
2025/10/25 20:48:56 - mmengine - INFO - Iter(val) [185/237]    eta: 0:00:00  time: 0.0087  data_time: 0.0008  memory: 662  
2025/10/25 20:48:56 - mmengine - INFO - Iter(val) [190/237]    eta: 0:00:00  time: 0.0087  data_time: 0.0008  memory: 662  
2025/10/25 20:48:56 - mmengine - INFO - Iter(val) [195/237]    eta: 0:00:00  time: 0.0087  data_time: 0.0008  memory: 662  
2025/10/25 20:48:56 - mmengine - INFO - Iter(val) [200/237]    eta: 0:00:00  time: 0.0087  data_time: 0.0008  memory: 662  
2025/10/25 20:48:56 - mmengine - INFO - Iter(val) [205/237]    eta: 0:00:00  time: 0.0087  data_time: 0.0007  memory: 662  
2025/10/25 20:48:56 - mmengine - INFO - Iter(val) [210/237]    eta: 0:00:00  time: 0.0088  data_time: 0.0008  memory: 662  
2025/10/25 20:48:56 - mmengine - INFO - Iter(val) [215/237]    eta: 0:00:00  time: 0.0089  data_time: 0.0009  memory: 662  
2025/10/25 20:48:56 - mmengine - INFO - Iter(val) [220/237]    eta: 0:00:00  time: 0.0089  data_time: 0.0009  memory: 662  
2025/10/25 20:48:57 - mmengine - INFO - Iter(val) [225/237]    eta: 0:00:00  time: 0.0089  data_time: 0.0009  memory: 662  
2025/10/25 20:48:57 - mmengine - INFO - Iter(val) [230/237]    eta: 0:00:00  time: 0.0088  data_time: 0.0008  memory: 662  
2025/10/25 20:48:57 - mmengine - INFO - Iter(val) [235/237]    eta: 0:00:00  time: 0.0087  data_time: 0.0008  memory: 662  
2025/10/25 20:48:57 - mmengine - INFO - per class results:
2025/10/25 20:48:57 - mmengine - INFO - 
+------------+-------+-------+
|   Class    |  IoU  |  Acc  |
+------------+-------+-------+
| background | 96.76 | 97.37 |
|   crack    | 54.49 | 86.21 |
+------------+-------+-------+
2025/10/25 20:48:57 - mmengine - INFO - Iter(val) [237/237]    aAcc: 96.8800  mIoU: 75.6200  mAcc: 91.7900  data_time: 0.0008  time: 0.0087
2025/10/25 20:48:58 - mmengine - INFO - Iter(train) [ 305/1000]  lr: 7.2419e-03  eta: 0:03:51  time: 0.2878  data_time: 0.0045  memory: 10177  loss: 0.5235  decode.loss_ce: 0.3609  decode.acc_seg: 91.5015  aux.loss_ce: 0.1626  aux.acc_seg: 93.1535
2025/10/25 20:49:00 - mmengine - INFO - Iter(train) [ 310/1000]  lr: 7.1956e-03  eta: 0:03:49  time: 0.2879  data_time: 0.0045  memory: 10177  loss: 0.4993  decode.loss_ce: 0.3468  decode.acc_seg: 95.8636  aux.loss_ce: 0.1526  aux.acc_seg: 96.2701
2025/10/25 20:49:00 - mmengine - INFO - Saving checkpoint at 310 iterations
2025/10/25 20:49:00 - mmengine - INFO - Iter(val) [  5/237]    eta: 0:00:02  time: 0.0092  data_time: 0.0013  memory: 662  
2025/10/25 20:49:00 - mmengine - INFO - Iter(val) [ 10/237]    eta: 0:00:02  time: 0.0091  data_time: 0.0012  memory: 662  
2025/10/25 20:49:00 - mmengine - INFO - Iter(val) [ 15/237]    eta: 0:00:01  time: 0.0085  data_time: 0.0007  memory: 662  
2025/10/25 20:49:00 - mmengine - INFO - Iter(val) [ 20/237]    eta: 0:00:01  time: 0.0086  data_time: 0.0008  memory: 662  
2025/10/25 20:49:00 - mmengine - INFO - Iter(val) [ 25/237]    eta: 0:00:01  time: 0.0087  data_time: 0.0008  memory: 662  
2025/10/25 20:49:00 - mmengine - INFO - Iter(val) [ 30/237]    eta: 0:00:01  time: 0.0086  data_time: 0.0008  memory: 662  
2025/10/25 20:49:00 - mmengine - INFO - Iter(val) [ 35/237]    eta: 0:00:01  time: 0.0087  data_time: 0.0008  memory: 662  
2025/10/25 20:49:00 - mmengine - INFO - Iter(val) [ 40/237]    eta: 0:00:01  time: 0.0091  data_time: 0.0009  memory: 662  
2025/10/25 20:49:00 - mmengine - INFO - Iter(val) [ 45/237]    eta: 0:00:01  time: 0.0092  data_time: 0.0009  memory: 662  
2025/10/25 20:49:00 - mmengine - INFO - Iter(val) [ 50/237]    eta: 0:00:01  time: 0.0092  data_time: 0.0009  memory: 662  
2025/10/25 20:49:01 - mmengine - INFO - Iter(val) [ 55/237]    eta: 0:00:01  time: 0.0092  data_time: 0.0009  memory: 662  
2025/10/25 20:49:01 - mmengine - INFO - Iter(val) [ 60/237]    eta: 0:00:01  time: 0.0093  data_time: 0.0010  memory: 662  
2025/10/25 20:49:01 - mmengine - INFO - Iter(val) [ 65/237]    eta: 0:00:01  time: 0.0092  data_time: 0.0009  memory: 662  
2025/10/25 20:49:01 - mmengine - INFO - Iter(val) [ 70/237]    eta: 0:00:01  time: 0.0087  data_time: 0.0008  memory: 662  
2025/10/25 20:49:01 - mmengine - INFO - Iter(val) [ 75/237]    eta: 0:00:01  time: 0.0087  data_time: 0.0008  memory: 662  
2025/10/25 20:49:01 - mmengine - INFO - Iter(val) [ 80/237]    eta: 0:00:01  time: 0.0086  data_time: 0.0008  memory: 662  
2025/10/25 20:49:01 - mmengine - INFO - Iter(val) [ 85/237]    eta: 0:00:01  time: 0.0086  data_time: 0.0008  memory: 662  
2025/10/25 20:49:01 - mmengine - INFO - Iter(val) [ 90/237]    eta: 0:00:01  time: 0.0087  data_time: 0.0008  memory: 662  
2025/10/25 20:49:01 - mmengine - INFO - Iter(val) [ 95/237]    eta: 0:00:01  time: 0.0087  data_time: 0.0008  memory: 662  
2025/10/25 20:49:01 - mmengine - INFO - Iter(val) [100/237]    eta: 0:00:01  time: 0.0086  data_time: 0.0008  memory: 662  
2025/10/25 20:49:01 - mmengine - INFO - Iter(val) [105/237]    eta: 0:00:01  time: 0.0087  data_time: 0.0008  memory: 662  
2025/10/25 20:49:01 - mmengine - INFO - Iter(val) [110/237]    eta: 0:00:01  time: 0.0087  data_time: 0.0008  memory: 662  
2025/10/25 20:49:01 - mmengine - INFO - Iter(val) [115/237]    eta: 0:00:01  time: 0.0086  data_time: 0.0008  memory: 662  
2025/10/25 20:49:01 - mmengine - INFO - Iter(val) [120/237]    eta: 0:00:01  time: 0.0087  data_time: 0.0008  memory: 662  
2025/10/25 20:49:01 - mmengine - INFO - Iter(val) [125/237]    eta: 0:00:00  time: 0.0087  data_time: 0.0008  memory: 662  
2025/10/25 20:49:01 - mmengine - INFO - Iter(val) [130/237]    eta: 0:00:00  time: 0.0087  data_time: 0.0008  memory: 662  
2025/10/25 20:49:01 - mmengine - INFO - Iter(val) [135/237]    eta: 0:00:00  time: 0.0087  data_time: 0.0008  memory: 662  
2025/10/25 20:49:01 - mmengine - INFO - Iter(val) [140/237]    eta: 0:00:00  time: 0.0087  data_time: 0.0008  memory: 662  
2025/10/25 20:49:01 - mmengine - INFO - Iter(val) [145/237]    eta: 0:00:00  time: 0.0086  data_time: 0.0008  memory: 662  
2025/10/25 20:49:01 - mmengine - INFO - Iter(val) [150/237]    eta: 0:00:00  time: 0.0087  data_time: 0.0008  memory: 662  
2025/10/25 20:49:01 - mmengine - INFO - Iter(val) [155/237]    eta: 0:00:00  time: 0.0087  data_time: 0.0008  memory: 662  
2025/10/25 20:49:01 - mmengine - INFO - Iter(val) [160/237]    eta: 0:00:00  time: 0.0087  data_time: 0.0008  memory: 662  
2025/10/25 20:49:01 - mmengine - INFO - Iter(val) [165/237]    eta: 0:00:00  time: 0.0087  data_time: 0.0008  memory: 662  
2025/10/25 20:49:02 - mmengine - INFO - Iter(val) [170/237]    eta: 0:00:00  time: 0.0086  data_time: 0.0007  memory: 662  
2025/10/25 20:49:02 - mmengine - INFO - Iter(val) [175/237]    eta: 0:00:00  time: 0.0086  data_time: 0.0007  memory: 662  
2025/10/25 20:49:02 - mmengine - INFO - Iter(val) [180/237]    eta: 0:00:00  time: 0.0087  data_time: 0.0008  memory: 662  
2025/10/25 20:49:02 - mmengine - INFO - Iter(val) [185/237]    eta: 0:00:00  time: 0.0086  data_time: 0.0008  memory: 662  
2025/10/25 20:49:02 - mmengine - INFO - Iter(val) [190/237]    eta: 0:00:00  time: 0.0086  data_time: 0.0007  memory: 662  
2025/10/25 20:49:02 - mmengine - INFO - Iter(val) [195/237]    eta: 0:00:00  time: 0.0085  data_time: 0.0007  memory: 662  
2025/10/25 20:49:02 - mmengine - INFO - Iter(val) [200/237]    eta: 0:00:00  time: 0.0088  data_time: 0.0008  memory: 662  
2025/10/25 20:49:02 - mmengine - INFO - Iter(val) [205/237]    eta: 0:00:00  time: 0.0088  data_time: 0.0007  memory: 662  
2025/10/25 20:49:02 - mmengine - INFO - Iter(val) [210/237]    eta: 0:00:00  time: 0.0085  data_time: 0.0007  memory: 662  
2025/10/25 20:49:02 - mmengine - INFO - Iter(val) [215/237]    eta: 0:00:00  time: 0.0085  data_time: 0.0007  memory: 662  
2025/10/25 20:49:02 - mmengine - INFO - Iter(val) [220/237]    eta: 0:00:00  time: 0.0085  data_time: 0.0007  memory: 662  
2025/10/25 20:49:02 - mmengine - INFO - Iter(val) [225/237]    eta: 0:00:00  time: 0.0090  data_time: 0.0008  memory: 662  
2025/10/25 20:49:02 - mmengine - INFO - Iter(val) [230/237]    eta: 0:00:00  time: 0.0090  data_time: 0.0008  memory: 662  
2025/10/25 20:49:02 - mmengine - INFO - Iter(val) [235/237]    eta: 0:00:00  time: 0.0086  data_time: 0.0007  memory: 662  
2025/10/25 20:49:02 - mmengine - INFO - per class results:
2025/10/25 20:49:02 - mmengine - INFO - 
+------------+-------+-------+
|   Class    |  IoU  |  Acc  |
+------------+-------+-------+
| background | 97.46 | 98.63 |
|   crack    | 56.35 | 73.37 |
+------------+-------+-------+
2025/10/25 20:49:02 - mmengine - INFO - Iter(val) [237/237]    aAcc: 97.5400  mIoU: 76.9000  mAcc: 86.0000  data_time: 0.0008  time: 0.0088
2025/10/25 20:49:04 - mmengine - INFO - Iter(train) [ 315/1000]  lr: 7.1493e-03  eta: 0:03:47  time: 0.2883  data_time: 0.0047  memory: 10177  loss: 0.4039  decode.loss_ce: 0.2837  decode.acc_seg: 97.0719  aux.loss_ce: 0.1203  aux.acc_seg: 96.7065
2025/10/25 20:49:05 - mmengine - INFO - Iter(train) [ 320/1000]  lr: 7.1030e-03  eta: 0:03:45  time: 0.2882  data_time: 0.0047  memory: 10177  loss: 0.4106  decode.loss_ce: 0.2869  decode.acc_seg: 93.1921  aux.loss_ce: 0.1238  aux.acc_seg: 94.0733
2025/10/25 20:49:05 - mmengine - INFO - Saving checkpoint at 320 iterations
2025/10/25 20:49:06 - mmengine - INFO - Iter(val) [  5/237]    eta: 0:00:02  time: 0.0093  data_time: 0.0013  memory: 662  
2025/10/25 20:49:06 - mmengine - INFO - Iter(val) [ 10/237]    eta: 0:00:02  time: 0.0094  data_time: 0.0013  memory: 662  
2025/10/25 20:49:06 - mmengine - INFO - Iter(val) [ 15/237]    eta: 0:00:02  time: 0.0086  data_time: 0.0007  memory: 662  
2025/10/25 20:49:06 - mmengine - INFO - Iter(val) [ 20/237]    eta: 0:00:01  time: 0.0087  data_time: 0.0008  memory: 662  
2025/10/25 20:49:06 - mmengine - INFO - Iter(val) [ 25/237]    eta: 0:00:01  time: 0.0087  data_time: 0.0008  memory: 662  
2025/10/25 20:49:06 - mmengine - INFO - Iter(val) [ 30/237]    eta: 0:00:01  time: 0.0087  data_time: 0.0008  memory: 662  
2025/10/25 20:49:06 - mmengine - INFO - Iter(val) [ 35/237]    eta: 0:00:01  time: 0.0086  data_time: 0.0008  memory: 662  
2025/10/25 20:49:06 - mmengine - INFO - Iter(val) [ 40/237]    eta: 0:00:01  time: 0.0086  data_time: 0.0007  memory: 662  
2025/10/25 20:49:06 - mmengine - INFO - Iter(val) [ 45/237]    eta: 0:00:01  time: 0.0086  data_time: 0.0007  memory: 662  
2025/10/25 20:49:06 - mmengine - INFO - Iter(val) [ 50/237]    eta: 0:00:01  time: 0.0086  data_time: 0.0007  memory: 662  
2025/10/25 20:49:06 - mmengine - INFO - Iter(val) [ 55/237]    eta: 0:00:01  time: 0.0086  data_time: 0.0007  memory: 662  
2025/10/25 20:49:06 - mmengine - INFO - Iter(val) [ 60/237]    eta: 0:00:01  time: 0.0087  data_time: 0.0008  memory: 662  
2025/10/25 20:49:06 - mmengine - INFO - Iter(val) [ 65/237]    eta: 0:00:01  time: 0.0087  data_time: 0.0008  memory: 662  
2025/10/25 20:49:06 - mmengine - INFO - Iter(val) [ 70/237]    eta: 0:00:01  time: 0.0088  data_time: 0.0008  memory: 662  
2025/10/25 20:49:06 - mmengine - INFO - Iter(val) [ 75/237]    eta: 0:00:01  time: 0.0087  data_time: 0.0008  memory: 662  
2025/10/25 20:49:06 - mmengine - INFO - Iter(val) [ 80/237]    eta: 0:00:01  time: 0.0087  data_time: 0.0008  memory: 662  
2025/10/25 20:49:06 - mmengine - INFO - Iter(val) [ 85/237]    eta: 0:00:01  time: 0.0087  data_time: 0.0008  memory: 662  
2025/10/25 20:49:06 - mmengine - INFO - Iter(val) [ 90/237]    eta: 0:00:01  time: 0.0087  data_time: 0.0008  memory: 662  
2025/10/25 20:49:06 - mmengine - INFO - Iter(val) [ 95/237]    eta: 0:00:01  time: 0.0093  data_time: 0.0009  memory: 662  
2025/10/25 20:49:06 - mmengine - INFO - Iter(val) [100/237]    eta: 0:00:01  time: 0.0094  data_time: 0.0009  memory: 662  
2025/10/25 20:49:06 - mmengine - INFO - Iter(val) [105/237]    eta: 0:00:01  time: 0.0092  data_time: 0.0009  memory: 662  
2025/10/25 20:49:07 - mmengine - INFO - Iter(val) [110/237]    eta: 0:00:01  time: 0.0091  data_time: 0.0009  memory: 662  
2025/10/25 20:49:07 - mmengine - INFO - Iter(val) [115/237]    eta: 0:00:01  time: 0.0092  data_time: 0.0009  memory: 662  
2025/10/25 20:49:07 - mmengine - INFO - Iter(val) [120/237]    eta: 0:00:01  time: 0.0092  data_time: 0.0009  memory: 662  
2025/10/25 20:49:07 - mmengine - INFO - Iter(val) [125/237]    eta: 0:00:00  time: 0.0087  data_time: 0.0008  memory: 662  
2025/10/25 20:49:07 - mmengine - INFO - Iter(val) [130/237]    eta: 0:00:00  time: 0.0087  data_time: 0.0008  memory: 662  
2025/10/25 20:49:07 - mmengine - INFO - Iter(val) [135/237]    eta: 0:00:00  time: 0.0088  data_time: 0.0008  memory: 662  
2025/10/25 20:49:07 - mmengine - INFO - Iter(val) [140/237]    eta: 0:00:00  time: 0.0087  data_time: 0.0008  memory: 662  
2025/10/25 20:49:07 - mmengine - INFO - Iter(val) [145/237]    eta: 0:00:00  time: 0.0087  data_time: 0.0008  memory: 662  
2025/10/25 20:49:07 - mmengine - INFO - Iter(val) [150/237]    eta: 0:00:00  time: 0.0087  data_time: 0.0008  memory: 662  
2025/10/25 20:49:07 - mmengine - INFO - Iter(val) [155/237]    eta: 0:00:00  time: 0.0087  data_time: 0.0008  memory: 662  
2025/10/25 20:49:07 - mmengine - INFO - Iter(val) [160/237]    eta: 0:00:00  time: 0.0087  data_time: 0.0008  memory: 662  
2025/10/25 20:49:07 - mmengine - INFO - Iter(val) [165/237]    eta: 0:00:00  time: 0.0087  data_time: 0.0008  memory: 662  
2025/10/25 20:49:07 - mmengine - INFO - Iter(val) [170/237]    eta: 0:00:00  time: 0.0087  data_time: 0.0008  memory: 662  
2025/10/25 20:49:07 - mmengine - INFO - Iter(val) [175/237]    eta: 0:00:00  time: 0.0087  data_time: 0.0008  memory: 662  
2025/10/25 20:49:07 - mmengine - INFO - Iter(val) [180/237]    eta: 0:00:00  time: 0.0087  data_time: 0.0008  memory: 662  
2025/10/25 20:49:07 - mmengine - INFO - Iter(val) [185/237]    eta: 0:00:00  time: 0.0087  data_time: 0.0008  memory: 662  
2025/10/25 20:49:07 - mmengine - INFO - Iter(val) [190/237]    eta: 0:00:00  time: 0.0087  data_time: 0.0008  memory: 662  
2025/10/25 20:49:07 - mmengine - INFO - Iter(val) [195/237]    eta: 0:00:00  time: 0.0090  data_time: 0.0009  memory: 662  
2025/10/25 20:49:07 - mmengine - INFO - Iter(val) [200/237]    eta: 0:00:00  time: 0.0092  data_time: 0.0009  memory: 662  
2025/10/25 20:49:07 - mmengine - INFO - Iter(val) [205/237]    eta: 0:00:00  time: 0.0089  data_time: 0.0009  memory: 662  
2025/10/25 20:49:07 - mmengine - INFO - Iter(val) [210/237]    eta: 0:00:00  time: 0.0087  data_time: 0.0008  memory: 662  
2025/10/25 20:49:07 - mmengine - INFO - Iter(val) [215/237]    eta: 0:00:00  time: 0.0087  data_time: 0.0008  memory: 662  
2025/10/25 20:49:07 - mmengine - INFO - Iter(val) [220/237]    eta: 0:00:00  time: 0.0087  data_time: 0.0008  memory: 662  
2025/10/25 20:49:08 - mmengine - INFO - Iter(val) [225/237]    eta: 0:00:00  time: 0.0087  data_time: 0.0008  memory: 662  
2025/10/25 20:49:08 - mmengine - INFO - Iter(val) [230/237]    eta: 0:00:00  time: 0.0087  data_time: 0.0008  memory: 662  
2025/10/25 20:49:08 - mmengine - INFO - Iter(val) [235/237]    eta: 0:00:00  time: 0.0086  data_time: 0.0008  memory: 662  
2025/10/25 20:49:08 - mmengine - INFO - per class results:
2025/10/25 20:49:08 - mmengine - INFO - 
+------------+-------+-------+
|   Class    |  IoU  |  Acc  |
+------------+-------+-------+
| background | 96.45 | 96.96 |
|   crack    | 52.84 | 88.32 |
+------------+-------+-------+
2025/10/25 20:49:08 - mmengine - INFO - Iter(val) [237/237]    aAcc: 96.5900  mIoU: 74.6500  mAcc: 92.6400  data_time: 0.0008  time: 0.0088
2025/10/25 20:49:09 - mmengine - INFO - Iter(train) [ 325/1000]  lr: 7.0566e-03  eta: 0:03:43  time: 0.2877  data_time: 0.0045  memory: 10177  loss: 0.4647  decode.loss_ce: 0.3254  decode.acc_seg: 92.2967  aux.loss_ce: 0.1393  aux.acc_seg: 92.9758
2025/10/25 20:49:11 - mmengine - INFO - Iter(train) [ 330/1000]  lr: 7.0102e-03  eta: 0:03:41  time: 0.2878  data_time: 0.0044  memory: 10177  loss: 0.4339  decode.loss_ce: 0.3019  decode.acc_seg: 94.5277  aux.loss_ce: 0.1321  aux.acc_seg: 96.5516
2025/10/25 20:49:11 - mmengine - INFO - Saving checkpoint at 330 iterations
2025/10/25 20:49:11 - mmengine - INFO - Iter(val) [  5/237]    eta: 0:00:02  time: 0.0095  data_time: 0.0014  memory: 662  
2025/10/25 20:49:11 - mmengine - INFO - Iter(val) [ 10/237]    eta: 0:00:02  time: 0.0094  data_time: 0.0013  memory: 662  
2025/10/25 20:49:11 - mmengine - INFO - Iter(val) [ 15/237]    eta: 0:00:02  time: 0.0086  data_time: 0.0007  memory: 662  
2025/10/25 20:49:11 - mmengine - INFO - Iter(val) [ 20/237]    eta: 0:00:01  time: 0.0087  data_time: 0.0008  memory: 662  
2025/10/25 20:49:11 - mmengine - INFO - Iter(val) [ 25/237]    eta: 0:00:01  time: 0.0087  data_time: 0.0008  memory: 662  
2025/10/25 20:49:11 - mmengine - INFO - Iter(val) [ 30/237]    eta: 0:00:01  time: 0.0087  data_time: 0.0008  memory: 662  
2025/10/25 20:49:11 - mmengine - INFO - Iter(val) [ 35/237]    eta: 0:00:01  time: 0.0086  data_time: 0.0007  memory: 662  
2025/10/25 20:49:11 - mmengine - INFO - Iter(val) [ 40/237]    eta: 0:00:01  time: 0.0086  data_time: 0.0007  memory: 662  
2025/10/25 20:49:11 - mmengine - INFO - Iter(val) [ 45/237]    eta: 0:00:01  time: 0.0085  data_time: 0.0007  memory: 662  
2025/10/25 20:49:11 - mmengine - INFO - Iter(val) [ 50/237]    eta: 0:00:01  time: 0.0086  data_time: 0.0007  memory: 662  
2025/10/25 20:49:12 - mmengine - INFO - Iter(val) [ 55/237]    eta: 0:00:01  time: 0.0086  data_time: 0.0007  memory: 662  
2025/10/25 20:49:12 - mmengine - INFO - Iter(val) [ 60/237]    eta: 0:00:01  time: 0.0087  data_time: 0.0008  memory: 662  
2025/10/25 20:49:12 - mmengine - INFO - Iter(val) [ 65/237]    eta: 0:00:01  time: 0.0087  data_time: 0.0008  memory: 662  
2025/10/25 20:49:12 - mmengine - INFO - Iter(val) [ 70/237]    eta: 0:00:01  time: 0.0087  data_time: 0.0008  memory: 662  
2025/10/25 20:49:12 - mmengine - INFO - Iter(val) [ 75/237]    eta: 0:00:01  time: 0.0087  data_time: 0.0008  memory: 662  
2025/10/25 20:49:12 - mmengine - INFO - Iter(val) [ 80/237]    eta: 0:00:01  time: 0.0087  data_time: 0.0008  memory: 662  
2025/10/25 20:49:12 - mmengine - INFO - Iter(val) [ 85/237]    eta: 0:00:01  time: 0.0088  data_time: 0.0008  memory: 662  
2025/10/25 20:49:12 - mmengine - INFO - Iter(val) [ 90/237]    eta: 0:00:01  time: 0.0089  data_time: 0.0009  memory: 662  
2025/10/25 20:49:12 - mmengine - INFO - Iter(val) [ 95/237]    eta: 0:00:01  time: 0.0089  data_time: 0.0009  memory: 662  
2025/10/25 20:49:12 - mmengine - INFO - Iter(val) [100/237]    eta: 0:00:01  time: 0.0087  data_time: 0.0008  memory: 662  
2025/10/25 20:49:12 - mmengine - INFO - Iter(val) [105/237]    eta: 0:00:01  time: 0.0087  data_time: 0.0008  memory: 662  
2025/10/25 20:49:12 - mmengine - INFO - Iter(val) [110/237]    eta: 0:00:01  time: 0.0087  data_time: 0.0008  memory: 662  
2025/10/25 20:49:12 - mmengine - INFO - Iter(val) [115/237]    eta: 0:00:01  time: 0.0086  data_time: 0.0008  memory: 662  
2025/10/25 20:49:12 - mmengine - INFO - Iter(val) [120/237]    eta: 0:00:01  time: 0.0087  data_time: 0.0008  memory: 662  
2025/10/25 20:49:12 - mmengine - INFO - Iter(val) [125/237]    eta: 0:00:00  time: 0.0087  data_time: 0.0008  memory: 662  
2025/10/25 20:49:12 - mmengine - INFO - Iter(val) [130/237]    eta: 0:00:00  time: 0.0087  data_time: 0.0008  memory: 662  
2025/10/25 20:49:12 - mmengine - INFO - Iter(val) [135/237]    eta: 0:00:00  time: 0.0086  data_time: 0.0008  memory: 662  
2025/10/25 20:49:12 - mmengine - INFO - Iter(val) [140/237]    eta: 0:00:00  time: 0.0086  data_time: 0.0008  memory: 662  
2025/10/25 20:49:12 - mmengine - INFO - Iter(val) [145/237]    eta: 0:00:00  time: 0.0086  data_time: 0.0008  memory: 662  
2025/10/25 20:49:12 - mmengine - INFO - Iter(val) [150/237]    eta: 0:00:00  time: 0.0086  data_time: 0.0008  memory: 662  
2025/10/25 20:49:12 - mmengine - INFO - Iter(val) [155/237]    eta: 0:00:00  time: 0.0087  data_time: 0.0008  memory: 662  
2025/10/25 20:49:12 - mmengine - INFO - Iter(val) [160/237]    eta: 0:00:00  time: 0.0089  data_time: 0.0009  memory: 662  
2025/10/25 20:49:12 - mmengine - INFO - Iter(val) [165/237]    eta: 0:00:00  time: 0.0089  data_time: 0.0009  memory: 662  
2025/10/25 20:49:13 - mmengine - INFO - Iter(val) [170/237]    eta: 0:00:00  time: 0.0089  data_time: 0.0009  memory: 662  
2025/10/25 20:49:13 - mmengine - INFO - Iter(val) [175/237]    eta: 0:00:00  time: 0.0088  data_time: 0.0009  memory: 662  
2025/10/25 20:49:13 - mmengine - INFO - Iter(val) [180/237]    eta: 0:00:00  time: 0.0087  data_time: 0.0008  memory: 662  
2025/10/25 20:49:13 - mmengine - INFO - Iter(val) [185/237]    eta: 0:00:00  time: 0.0093  data_time: 0.0009  memory: 662  
2025/10/25 20:49:13 - mmengine - INFO - Iter(val) [190/237]    eta: 0:00:00  time: 0.0094  data_time: 0.0009  memory: 662  
2025/10/25 20:49:13 - mmengine - INFO - Iter(val) [195/237]    eta: 0:00:00  time: 0.0088  data_time: 0.0008  memory: 662  
2025/10/25 20:49:13 - mmengine - INFO - Iter(val) [200/237]    eta: 0:00:00  time: 0.0087  data_time: 0.0007  memory: 662  
2025/10/25 20:49:13 - mmengine - INFO - Iter(val) [205/237]    eta: 0:00:00  time: 0.0087  data_time: 0.0008  memory: 662  
2025/10/25 20:49:13 - mmengine - INFO - Iter(val) [210/237]    eta: 0:00:00  time: 0.0088  data_time: 0.0008  memory: 662  
2025/10/25 20:49:13 - mmengine - INFO - Iter(val) [215/237]    eta: 0:00:00  time: 0.0087  data_time: 0.0008  memory: 662  
2025/10/25 20:49:13 - mmengine - INFO - Iter(val) [220/237]    eta: 0:00:00  time: 0.0087  data_time: 0.0008  memory: 662  
2025/10/25 20:49:13 - mmengine - INFO - Iter(val) [225/237]    eta: 0:00:00  time: 0.0088  data_time: 0.0008  memory: 662  
2025/10/25 20:49:13 - mmengine - INFO - Iter(val) [230/237]    eta: 0:00:00  time: 0.0087  data_time: 0.0008  memory: 662  
2025/10/25 20:49:13 - mmengine - INFO - Iter(val) [235/237]    eta: 0:00:00  time: 0.0086  data_time: 0.0007  memory: 662  
2025/10/25 20:49:13 - mmengine - INFO - per class results:
2025/10/25 20:49:13 - mmengine - INFO - 
+------------+-------+-------+
|   Class    |  IoU  |  Acc  |
+------------+-------+-------+
| background |  97.6 |  98.7 |
|   crack    | 58.33 | 75.13 |
+------------+-------+-------+
2025/10/25 20:49:13 - mmengine - INFO - Iter(val) [237/237]    aAcc: 97.6800  mIoU: 77.9600  mAcc: 86.9100  data_time: 0.0008  time: 0.0088
2025/10/25 20:49:15 - mmengine - INFO - Iter(train) [ 335/1000]  lr: 6.9638e-03  eta: 0:03:39  time: 0.2884  data_time: 0.0048  memory: 10177  loss: 0.4094  decode.loss_ce: 0.2861  decode.acc_seg: 96.7177  aux.loss_ce: 0.1233  aux.acc_seg: 95.6887
2025/10/25 20:49:16 - mmengine - INFO - Iter(train) [ 340/1000]  lr: 6.9174e-03  eta: 0:03:37  time: 0.2884  data_time: 0.0049  memory: 10177  loss: 0.4735  decode.loss_ce: 0.3318  decode.acc_seg: 93.2608  aux.loss_ce: 0.1417  aux.acc_seg: 93.0923
2025/10/25 20:49:16 - mmengine - INFO - Saving checkpoint at 340 iterations
2025/10/25 20:49:17 - mmengine - INFO - Iter(val) [  5/237]    eta: 0:00:02  time: 0.0092  data_time: 0.0012  memory: 662  
2025/10/25 20:49:17 - mmengine - INFO - Iter(val) [ 10/237]    eta: 0:00:02  time: 0.0091  data_time: 0.0011  memory: 662  
2025/10/25 20:49:17 - mmengine - INFO - Iter(val) [ 15/237]    eta: 0:00:02  time: 0.0086  data_time: 0.0007  memory: 662  
2025/10/25 20:49:17 - mmengine - INFO - Iter(val) [ 20/237]    eta: 0:00:01  time: 0.0088  data_time: 0.0009  memory: 662  
2025/10/25 20:49:17 - mmengine - INFO - Iter(val) [ 25/237]    eta: 0:00:01  time: 0.0087  data_time: 0.0008  memory: 662  
2025/10/25 20:49:17 - mmengine - INFO - Iter(val) [ 30/237]    eta: 0:00:01  time: 0.0087  data_time: 0.0008  memory: 662  
2025/10/25 20:49:17 - mmengine - INFO - Iter(val) [ 35/237]    eta: 0:00:01  time: 0.0086  data_time: 0.0008  memory: 662  
2025/10/25 20:49:17 - mmengine - INFO - Iter(val) [ 40/237]    eta: 0:00:01  time: 0.0087  data_time: 0.0008  memory: 662  
2025/10/25 20:49:17 - mmengine - INFO - Iter(val) [ 45/237]    eta: 0:00:01  time: 0.0087  data_time: 0.0008  memory: 662  
2025/10/25 20:49:17 - mmengine - INFO - Iter(val) [ 50/237]    eta: 0:00:01  time: 0.0086  data_time: 0.0008  memory: 662  
2025/10/25 20:49:17 - mmengine - INFO - Iter(val) [ 55/237]    eta: 0:00:01  time: 0.0086  data_time: 0.0008  memory: 662  
2025/10/25 20:49:17 - mmengine - INFO - Iter(val) [ 60/237]    eta: 0:00:01  time: 0.0087  data_time: 0.0008  memory: 662  
2025/10/25 20:49:17 - mmengine - INFO - Iter(val) [ 65/237]    eta: 0:00:01  time: 0.0087  data_time: 0.0008  memory: 662  
2025/10/25 20:49:17 - mmengine - INFO - Iter(val) [ 70/237]    eta: 0:00:01  time: 0.0086  data_time: 0.0007  memory: 662  
2025/10/25 20:49:17 - mmengine - INFO - Iter(val) [ 75/237]    eta: 0:00:01  time: 0.0091  data_time: 0.0008  memory: 662  
2025/10/25 20:49:17 - mmengine - INFO - Iter(val) [ 80/237]    eta: 0:00:01  time: 0.0092  data_time: 0.0009  memory: 662  
2025/10/25 20:49:17 - mmengine - INFO - Iter(val) [ 85/237]    eta: 0:00:01  time: 0.0088  data_time: 0.0008  memory: 662  
2025/10/25 20:49:17 - mmengine - INFO - Iter(val) [ 90/237]    eta: 0:00:01  time: 0.0087  data_time: 0.0008  memory: 662  
2025/10/25 20:49:17 - mmengine - INFO - Iter(val) [ 95/237]    eta: 0:00:01  time: 0.0086  data_time: 0.0007  memory: 662  
2025/10/25 20:49:17 - mmengine - INFO - Iter(val) [100/237]    eta: 0:00:01  time: 0.0086  data_time: 0.0007  memory: 662  
2025/10/25 20:49:18 - mmengine - INFO - Iter(val) [105/237]    eta: 0:00:01  time: 0.0086  data_time: 0.0007  memory: 662  
2025/10/25 20:49:18 - mmengine - INFO - Iter(val) [110/237]    eta: 0:00:01  time: 0.0087  data_time: 0.0008  memory: 662  
2025/10/25 20:49:18 - mmengine - INFO - Iter(val) [115/237]    eta: 0:00:01  time: 0.0087  data_time: 0.0008  memory: 662  
2025/10/25 20:49:18 - mmengine - INFO - Iter(val) [120/237]    eta: 0:00:01  time: 0.0087  data_time: 0.0008  memory: 662  
2025/10/25 20:49:18 - mmengine - INFO - Iter(val) [125/237]    eta: 0:00:00  time: 0.0087  data_time: 0.0008  memory: 662  
2025/10/25 20:49:18 - mmengine - INFO - Iter(val) [130/237]    eta: 0:00:00  time: 0.0087  data_time: 0.0008  memory: 662  
2025/10/25 20:49:18 - mmengine - INFO - Iter(val) [135/237]    eta: 0:00:00  time: 0.0088  data_time: 0.0008  memory: 662  
2025/10/25 20:49:18 - mmengine - INFO - Iter(val) [140/237]    eta: 0:00:00  time: 0.0089  data_time: 0.0009  memory: 662  
2025/10/25 20:49:18 - mmengine - INFO - Iter(val) [145/237]    eta: 0:00:00  time: 0.0088  data_time: 0.0008  memory: 662  
2025/10/25 20:49:18 - mmengine - INFO - Iter(val) [150/237]    eta: 0:00:00  time: 0.0087  data_time: 0.0008  memory: 662  
2025/10/25 20:49:18 - mmengine - INFO - Iter(val) [155/237]    eta: 0:00:00  time: 0.0086  data_time: 0.0008  memory: 662  
2025/10/25 20:49:18 - mmengine - INFO - Iter(val) [160/237]    eta: 0:00:00  time: 0.0087  data_time: 0.0008  memory: 662  
2025/10/25 20:49:18 - mmengine - INFO - Iter(val) [165/237]    eta: 0:00:00  time: 0.0087  data_time: 0.0008  memory: 662  
2025/10/25 20:49:18 - mmengine - INFO - Iter(val) [170/237]    eta: 0:00:00  time: 0.0087  data_time: 0.0008  memory: 662  
2025/10/25 20:49:18 - mmengine - INFO - Iter(val) [175/237]    eta: 0:00:00  time: 0.0090  data_time: 0.0009  memory: 662  
2025/10/25 20:49:18 - mmengine - INFO - Iter(val) [180/237]    eta: 0:00:00  time: 0.0090  data_time: 0.0009  memory: 662  
2025/10/25 20:49:18 - mmengine - INFO - Iter(val) [185/237]    eta: 0:00:00  time: 0.0087  data_time: 0.0008  memory: 662  
2025/10/25 20:49:18 - mmengine - INFO - Iter(val) [190/237]    eta: 0:00:00  time: 0.0087  data_time: 0.0008  memory: 662  
2025/10/25 20:49:18 - mmengine - INFO - Iter(val) [195/237]    eta: 0:00:00  time: 0.0087  data_time: 0.0008  memory: 662  
2025/10/25 20:49:18 - mmengine - INFO - Iter(val) [200/237]    eta: 0:00:00  time: 0.0087  data_time: 0.0008  memory: 662  
2025/10/25 20:49:18 - mmengine - INFO - Iter(val) [205/237]    eta: 0:00:00  time: 0.0088  data_time: 0.0009  memory: 662  
2025/10/25 20:49:18 - mmengine - INFO - Iter(val) [210/237]    eta: 0:00:00  time: 0.0089  data_time: 0.0009  memory: 662  
2025/10/25 20:49:18 - mmengine - INFO - Iter(val) [215/237]    eta: 0:00:00  time: 0.0092  data_time: 0.0009  memory: 662  
2025/10/25 20:49:19 - mmengine - INFO - Iter(val) [220/237]    eta: 0:00:00  time: 0.0092  data_time: 0.0009  memory: 662  
2025/10/25 20:49:19 - mmengine - INFO - Iter(val) [225/237]    eta: 0:00:00  time: 0.0089  data_time: 0.0009  memory: 662  
2025/10/25 20:49:19 - mmengine - INFO - Iter(val) [230/237]    eta: 0:00:00  time: 0.0088  data_time: 0.0008  memory: 662  
2025/10/25 20:49:19 - mmengine - INFO - Iter(val) [235/237]    eta: 0:00:00  time: 0.0086  data_time: 0.0007  memory: 662  
2025/10/25 20:49:19 - mmengine - INFO - per class results:
2025/10/25 20:49:19 - mmengine - INFO - 
+------------+-------+-------+
|   Class    |  IoU  |  Acc  |
+------------+-------+-------+
| background | 96.54 | 96.98 |
|   crack    | 53.86 | 89.85 |
+------------+-------+-------+
2025/10/25 20:49:19 - mmengine - INFO - Iter(val) [237/237]    aAcc: 96.6700  mIoU: 75.2000  mAcc: 93.4100  data_time: 0.0008  time: 0.0088
2025/10/25 20:49:20 - mmengine - INFO - Iter(train) [ 345/1000]  lr: 6.8709e-03  eta: 0:03:35  time: 0.2877  data_time: 0.0045  memory: 10177  loss: 0.4920  decode.loss_ce: 0.3444  decode.acc_seg: 95.0970  aux.loss_ce: 0.1476  aux.acc_seg: 95.9418
2025/10/25 20:49:22 - mmengine - INFO - Iter(train) [ 350/1000]  lr: 6.8243e-03  eta: 0:03:33  time: 0.2876  data_time: 0.0043  memory: 10177  loss: 0.4212  decode.loss_ce: 0.2948  decode.acc_seg: 97.8826  aux.loss_ce: 0.1264  aux.acc_seg: 96.3349
2025/10/25 20:49:22 - mmengine - INFO - Saving checkpoint at 350 iterations
2025/10/25 20:49:22 - mmengine - INFO - Iter(val) [  5/237]    eta: 0:00:02  time: 0.0093  data_time: 0.0014  memory: 662  
2025/10/25 20:49:22 - mmengine - INFO - Iter(val) [ 10/237]    eta: 0:00:02  time: 0.0092  data_time: 0.0013  memory: 662  
2025/10/25 20:49:22 - mmengine - INFO - Iter(val) [ 15/237]    eta: 0:00:02  time: 0.0086  data_time: 0.0007  memory: 662  
2025/10/25 20:49:22 - mmengine - INFO - Iter(val) [ 20/237]    eta: 0:00:01  time: 0.0086  data_time: 0.0008  memory: 662  
2025/10/25 20:49:22 - mmengine - INFO - Iter(val) [ 25/237]    eta: 0:00:01  time: 0.0091  data_time: 0.0008  memory: 662  
2025/10/25 20:49:22 - mmengine - INFO - Iter(val) [ 30/237]    eta: 0:00:01  time: 0.0095  data_time: 0.0009  memory: 662  
2025/10/25 20:49:22 - mmengine - INFO - Iter(val) [ 35/237]    eta: 0:00:01  time: 0.0091  data_time: 0.0009  memory: 662  
2025/10/25 20:49:22 - mmengine - INFO - Iter(val) [ 40/237]    eta: 0:00:01  time: 0.0088  data_time: 0.0008  memory: 662  
2025/10/25 20:49:22 - mmengine - INFO - Iter(val) [ 45/237]    eta: 0:00:01  time: 0.0088  data_time: 0.0008  memory: 662  
2025/10/25 20:49:23 - mmengine - INFO - Iter(val) [ 50/237]    eta: 0:00:01  time: 0.0087  data_time: 0.0008  memory: 662  
2025/10/25 20:49:23 - mmengine - INFO - Iter(val) [ 55/237]    eta: 0:00:01  time: 0.0086  data_time: 0.0007  memory: 662  
2025/10/25 20:49:23 - mmengine - INFO - Iter(val) [ 60/237]    eta: 0:00:01  time: 0.0086  data_time: 0.0007  memory: 662  
2025/10/25 20:49:23 - mmengine - INFO - Iter(val) [ 65/237]    eta: 0:00:01  time: 0.0085  data_time: 0.0007  memory: 662  
2025/10/25 20:49:23 - mmengine - INFO - Iter(val) [ 70/237]    eta: 0:00:01  time: 0.0086  data_time: 0.0007  memory: 662  
2025/10/25 20:49:23 - mmengine - INFO - Iter(val) [ 75/237]    eta: 0:00:01  time: 0.0086  data_time: 0.0008  memory: 662  
2025/10/25 20:49:23 - mmengine - INFO - Iter(val) [ 80/237]    eta: 0:00:01  time: 0.0086  data_time: 0.0008  memory: 662  
2025/10/25 20:49:23 - mmengine - INFO - Iter(val) [ 85/237]    eta: 0:00:01  time: 0.0086  data_time: 0.0008  memory: 662  
2025/10/25 20:49:23 - mmengine - INFO - Iter(val) [ 90/237]    eta: 0:00:01  time: 0.0086  data_time: 0.0008  memory: 662  
2025/10/25 20:49:23 - mmengine - INFO - Iter(val) [ 95/237]    eta: 0:00:01  time: 0.0087  data_time: 0.0008  memory: 662  
2025/10/25 20:49:23 - mmengine - INFO - Iter(val) [100/237]    eta: 0:00:01  time: 0.0087  data_time: 0.0008  memory: 662  
2025/10/25 20:49:23 - mmengine - INFO - Iter(val) [105/237]    eta: 0:00:01  time: 0.0087  data_time: 0.0008  memory: 662  
2025/10/25 20:49:23 - mmengine - INFO - Iter(val) [110/237]    eta: 0:00:01  time: 0.0088  data_time: 0.0008  memory: 662  
2025/10/25 20:49:23 - mmengine - INFO - Iter(val) [115/237]    eta: 0:00:01  time: 0.0088  data_time: 0.0008  memory: 662  
2025/10/25 20:49:23 - mmengine - INFO - Iter(val) [120/237]    eta: 0:00:01  time: 0.0087  data_time: 0.0008  memory: 662  
2025/10/25 20:49:23 - mmengine - INFO - Iter(val) [125/237]    eta: 0:00:00  time: 0.0087  data_time: 0.0008  memory: 662  
2025/10/25 20:49:23 - mmengine - INFO - Iter(val) [130/237]    eta: 0:00:00  time: 0.0086  data_time: 0.0008  memory: 662  
2025/10/25 20:49:23 - mmengine - INFO - Iter(val) [135/237]    eta: 0:00:00  time: 0.0086  data_time: 0.0007  memory: 662  
2025/10/25 20:49:23 - mmengine - INFO - Iter(val) [140/237]    eta: 0:00:00  time: 0.0086  data_time: 0.0007  memory: 662  
2025/10/25 20:49:23 - mmengine - INFO - Iter(val) [145/237]    eta: 0:00:00  time: 0.0086  data_time: 0.0007  memory: 662  
2025/10/25 20:49:23 - mmengine - INFO - Iter(val) [150/237]    eta: 0:00:00  time: 0.0086  data_time: 0.0008  memory: 662  
2025/10/25 20:49:23 - mmengine - INFO - Iter(val) [155/237]    eta: 0:00:00  time: 0.0086  data_time: 0.0008  memory: 662  
2025/10/25 20:49:23 - mmengine - INFO - Iter(val) [160/237]    eta: 0:00:00  time: 0.0087  data_time: 0.0008  memory: 662  
2025/10/25 20:49:24 - mmengine - INFO - Iter(val) [165/237]    eta: 0:00:00  time: 0.0086  data_time: 0.0008  memory: 662  
2025/10/25 20:49:24 - mmengine - INFO - Iter(val) [170/237]    eta: 0:00:00  time: 0.0087  data_time: 0.0008  memory: 662  
2025/10/25 20:49:24 - mmengine - INFO - Iter(val) [175/237]    eta: 0:00:00  time: 0.0087  data_time: 0.0008  memory: 662  
2025/10/25 20:49:24 - mmengine - INFO - Iter(val) [180/237]    eta: 0:00:00  time: 0.0087  data_time: 0.0008  memory: 662  
2025/10/25 20:49:24 - mmengine - INFO - Iter(val) [185/237]    eta: 0:00:00  time: 0.0087  data_time: 0.0008  memory: 662  
2025/10/25 20:49:24 - mmengine - INFO - Iter(val) [190/237]    eta: 0:00:00  time: 0.0087  data_time: 0.0008  memory: 662  
2025/10/25 20:49:24 - mmengine - INFO - Iter(val) [195/237]    eta: 0:00:00  time: 0.0087  data_time: 0.0008  memory: 662  
2025/10/25 20:49:24 - mmengine - INFO - Iter(val) [200/237]    eta: 0:00:00  time: 0.0087  data_time: 0.0008  memory: 662  
2025/10/25 20:49:24 - mmengine - INFO - Iter(val) [205/237]    eta: 0:00:00  time: 0.0087  data_time: 0.0008  memory: 662  
2025/10/25 20:49:24 - mmengine - INFO - Iter(val) [210/237]    eta: 0:00:00  time: 0.0088  data_time: 0.0009  memory: 662  
2025/10/25 20:49:24 - mmengine - INFO - Iter(val) [215/237]    eta: 0:00:00  time: 0.0088  data_time: 0.0009  memory: 662  
2025/10/25 20:49:24 - mmengine - INFO - Iter(val) [220/237]    eta: 0:00:00  time: 0.0087  data_time: 0.0008  memory: 662  
2025/10/25 20:49:24 - mmengine - INFO - Iter(val) [225/237]    eta: 0:00:00  time: 0.0087  data_time: 0.0008  memory: 662  
2025/10/25 20:49:24 - mmengine - INFO - Iter(val) [230/237]    eta: 0:00:00  time: 0.0086  data_time: 0.0008  memory: 662  
2025/10/25 20:49:24 - mmengine - INFO - Iter(val) [235/237]    eta: 0:00:00  time: 0.0086  data_time: 0.0008  memory: 662  
2025/10/25 20:49:24 - mmengine - INFO - per class results:
2025/10/25 20:49:24 - mmengine - INFO - 
+------------+-------+-------+
|   Class    |  IoU  |  Acc  |
+------------+-------+-------+
| background | 97.76 | 98.65 |
|   crack    | 61.52 | 79.93 |
+------------+-------+-------+
2025/10/25 20:49:24 - mmengine - INFO - Iter(val) [237/237]    aAcc: 97.8400  mIoU: 79.6400  mAcc: 89.2900  data_time: 0.0008  time: 0.0087
2025/10/25 20:49:24 - mmengine - INFO - The previous best checkpoint /home/szw/segmentation_ws/work_1/work_dirs/deepcrack_pspnet_optimized_v2/best_mIoU_iter_280.pth is removed
2025/10/25 20:49:24 - mmengine - INFO - The best checkpoint with 79.6400 mIoU at 350 iter is saved to best_mIoU_iter_350.pth.
2025/10/25 20:49:26 - mmengine - INFO - Iter(train) [ 355/1000]  lr: 6.7777e-03  eta: 0:03:32  time: 0.3759  data_time: 0.0926  memory: 10177  loss: 0.4264  decode.loss_ce: 0.2963  decode.acc_seg: 94.4564  aux.loss_ce: 0.1300  aux.acc_seg: 94.7741
2025/10/25 20:49:28 - mmengine - INFO - Iter(train) [ 360/1000]  lr: 6.7311e-03  eta: 0:03:30  time: 0.3759  data_time: 0.0927  memory: 10177  loss: 0.4095  decode.loss_ce: 0.2824  decode.acc_seg: 95.5461  aux.loss_ce: 0.1271  aux.acc_seg: 96.3756
2025/10/25 20:49:28 - mmengine - INFO - Saving checkpoint at 360 iterations
2025/10/25 20:49:29 - mmengine - INFO - Iter(val) [  5/237]    eta: 0:00:02  time: 0.0093  data_time: 0.0014  memory: 662  
2025/10/25 20:49:29 - mmengine - INFO - Iter(val) [ 10/237]    eta: 0:00:02  time: 0.0093  data_time: 0.0013  memory: 662  
2025/10/25 20:49:29 - mmengine - INFO - Iter(val) [ 15/237]    eta: 0:00:02  time: 0.0087  data_time: 0.0008  memory: 662  
2025/10/25 20:49:29 - mmengine - INFO - Iter(val) [ 20/237]    eta: 0:00:01  time: 0.0088  data_time: 0.0008  memory: 662  
2025/10/25 20:49:29 - mmengine - INFO - Iter(val) [ 25/237]    eta: 0:00:01  time: 0.0087  data_time: 0.0008  memory: 662  
2025/10/25 20:49:29 - mmengine - INFO - Iter(val) [ 30/237]    eta: 0:00:01  time: 0.0087  data_time: 0.0008  memory: 662  
2025/10/25 20:49:29 - mmengine - INFO - Iter(val) [ 35/237]    eta: 0:00:01  time: 0.0086  data_time: 0.0008  memory: 662  
2025/10/25 20:49:29 - mmengine - INFO - Iter(val) [ 40/237]    eta: 0:00:01  time: 0.0087  data_time: 0.0008  memory: 662  
2025/10/25 20:49:29 - mmengine - INFO - Iter(val) [ 45/237]    eta: 0:00:01  time: 0.0087  data_time: 0.0008  memory: 662  
2025/10/25 20:49:29 - mmengine - INFO - Iter(val) [ 50/237]    eta: 0:00:01  time: 0.0087  data_time: 0.0008  memory: 662  
2025/10/25 20:49:29 - mmengine - INFO - Iter(val) [ 55/237]    eta: 0:00:01  time: 0.0088  data_time: 0.0008  memory: 662  
2025/10/25 20:49:29 - mmengine - INFO - Iter(val) [ 60/237]    eta: 0:00:01  time: 0.0089  data_time: 0.0009  memory: 662  
2025/10/25 20:49:29 - mmengine - INFO - Iter(val) [ 65/237]    eta: 0:00:01  time: 0.0091  data_time: 0.0009  memory: 662  
2025/10/25 20:49:29 - mmengine - INFO - Iter(val) [ 70/237]    eta: 0:00:01  time: 0.0090  data_time: 0.0009  memory: 662  
2025/10/25 20:49:29 - mmengine - INFO - Iter(val) [ 75/237]    eta: 0:00:01  time: 0.0087  data_time: 0.0007  memory: 662  
2025/10/25 20:49:29 - mmengine - INFO - Iter(val) [ 80/237]    eta: 0:00:01  time: 0.0087  data_time: 0.0008  memory: 662  
2025/10/25 20:49:29 - mmengine - INFO - Iter(val) [ 85/237]    eta: 0:00:01  time: 0.0087  data_time: 0.0008  memory: 662  
2025/10/25 20:49:29 - mmengine - INFO - Iter(val) [ 90/237]    eta: 0:00:01  time: 0.0087  data_time: 0.0008  memory: 662  
2025/10/25 20:49:29 - mmengine - INFO - Iter(val) [ 95/237]    eta: 0:00:01  time: 0.0087  data_time: 0.0008  memory: 662  
2025/10/25 20:49:29 - mmengine - INFO - Iter(val) [100/237]    eta: 0:00:01  time: 0.0087  data_time: 0.0008  memory: 662  
2025/10/25 20:49:29 - mmengine - INFO - Iter(val) [105/237]    eta: 0:00:01  time: 0.0088  data_time: 0.0008  memory: 662  
2025/10/25 20:49:29 - mmengine - INFO - Iter(val) [110/237]    eta: 0:00:01  time: 0.0088  data_time: 0.0008  memory: 662  
2025/10/25 20:49:30 - mmengine - INFO - Iter(val) [115/237]    eta: 0:00:01  time: 0.0088  data_time: 0.0008  memory: 662  
2025/10/25 20:49:30 - mmengine - INFO - Iter(val) [120/237]    eta: 0:00:01  time: 0.0087  data_time: 0.0008  memory: 662  
2025/10/25 20:49:30 - mmengine - INFO - Iter(val) [125/237]    eta: 0:00:00  time: 0.0088  data_time: 0.0009  memory: 662  
2025/10/25 20:49:30 - mmengine - INFO - Iter(val) [130/237]    eta: 0:00:00  time: 0.0087  data_time: 0.0008  memory: 662  
2025/10/25 20:49:30 - mmengine - INFO - Iter(val) [135/237]    eta: 0:00:00  time: 0.0087  data_time: 0.0008  memory: 662  
2025/10/25 20:49:30 - mmengine - INFO - Iter(val) [140/237]    eta: 0:00:00  time: 0.0088  data_time: 0.0008  memory: 662  
2025/10/25 20:49:30 - mmengine - INFO - Iter(val) [145/237]    eta: 0:00:00  time: 0.0090  data_time: 0.0009  memory: 662  
2025/10/25 20:49:30 - mmengine - INFO - Iter(val) [150/237]    eta: 0:00:00  time: 0.0091  data_time: 0.0010  memory: 662  
2025/10/25 20:49:30 - mmengine - INFO - Iter(val) [155/237]    eta: 0:00:00  time: 0.0089  data_time: 0.0009  memory: 662  
2025/10/25 20:49:30 - mmengine - INFO - Iter(val) [160/237]    eta: 0:00:00  time: 0.0087  data_time: 0.0008  memory: 662  
2025/10/25 20:49:30 - mmengine - INFO - Iter(val) [165/237]    eta: 0:00:00  time: 0.0088  data_time: 0.0008  memory: 662  
2025/10/25 20:49:30 - mmengine - INFO - Iter(val) [170/237]    eta: 0:00:00  time: 0.0088  data_time: 0.0008  memory: 662  
2025/10/25 20:49:30 - mmengine - INFO - Iter(val) [175/237]    eta: 0:00:00  time: 0.0087  data_time: 0.0008  memory: 662  
2025/10/25 20:49:30 - mmengine - INFO - Iter(val) [180/237]    eta: 0:00:00  time: 0.0087  data_time: 0.0008  memory: 662  
2025/10/25 20:49:30 - mmengine - INFO - Iter(val) [185/237]    eta: 0:00:00  time: 0.0087  data_time: 0.0008  memory: 662  
2025/10/25 20:49:30 - mmengine - INFO - Iter(val) [190/237]    eta: 0:00:00  time: 0.0087  data_time: 0.0008  memory: 662  
2025/10/25 20:49:30 - mmengine - INFO - Iter(val) [195/237]    eta: 0:00:00  time: 0.0087  data_time: 0.0008  memory: 662  
2025/10/25 20:49:30 - mmengine - INFO - Iter(val) [200/237]    eta: 0:00:00  time: 0.0087  data_time: 0.0008  memory: 662  
2025/10/25 20:49:30 - mmengine - INFO - Iter(val) [205/237]    eta: 0:00:00  time: 0.0087  data_time: 0.0008  memory: 662  
2025/10/25 20:49:30 - mmengine - INFO - Iter(val) [210/237]    eta: 0:00:00  time: 0.0087  data_time: 0.0008  memory: 662  
2025/10/25 20:49:30 - mmengine - INFO - Iter(val) [215/237]    eta: 0:00:00  time: 0.0089  data_time: 0.0008  memory: 662  
2025/10/25 20:49:30 - mmengine - INFO - Iter(val) [220/237]    eta: 0:00:00  time: 0.0089  data_time: 0.0008  memory: 662  
2025/10/25 20:49:30 - mmengine - INFO - Iter(val) [225/237]    eta: 0:00:00  time: 0.0088  data_time: 0.0008  memory: 662  
2025/10/25 20:49:31 - mmengine - INFO - Iter(val) [230/237]    eta: 0:00:00  time: 0.0087  data_time: 0.0008  memory: 662  
2025/10/25 20:49:31 - mmengine - INFO - Iter(val) [235/237]    eta: 0:00:00  time: 0.0086  data_time: 0.0007  memory: 662  
2025/10/25 20:49:31 - mmengine - INFO - per class results:
2025/10/25 20:49:31 - mmengine - INFO - 
+------------+-------+-------+
|   Class    |  IoU  |  Acc  |
+------------+-------+-------+
| background |  96.4 |  96.8 |
|   crack    | 53.17 | 90.79 |
+------------+-------+-------+
2025/10/25 20:49:31 - mmengine - INFO - Iter(val) [237/237]    aAcc: 96.5400  mIoU: 74.7900  mAcc: 93.7900  data_time: 0.0008  time: 0.0088
2025/10/25 20:49:32 - mmengine - INFO - Iter(train) [ 365/1000]  lr: 6.6845e-03  eta: 0:03:28  time: 0.2881  data_time: 0.0047  memory: 10177  loss: 0.3796  decode.loss_ce: 0.2598  decode.acc_seg: 96.4898  aux.loss_ce: 0.1198  aux.acc_seg: 95.9013
2025/10/25 20:49:33 - mmengine - INFO - Iter(train) [ 370/1000]  lr: 6.6378e-03  eta: 0:03:26  time: 0.2881  data_time: 0.0047  memory: 10177  loss: 0.3943  decode.loss_ce: 0.2715  decode.acc_seg: 95.3676  aux.loss_ce: 0.1228  aux.acc_seg: 96.3689
2025/10/25 20:49:33 - mmengine - INFO - Saving checkpoint at 370 iterations
2025/10/25 20:49:34 - mmengine - INFO - Iter(val) [  5/237]    eta: 0:00:02  time: 0.0092  data_time: 0.0012  memory: 662  
2025/10/25 20:49:34 - mmengine - INFO - Iter(val) [ 10/237]    eta: 0:00:02  time: 0.0092  data_time: 0.0012  memory: 662  
2025/10/25 20:49:34 - mmengine - INFO - Iter(val) [ 15/237]    eta: 0:00:01  time: 0.0086  data_time: 0.0007  memory: 662  
2025/10/25 20:49:34 - mmengine - INFO - Iter(val) [ 20/237]    eta: 0:00:01  time: 0.0089  data_time: 0.0009  memory: 662  
2025/10/25 20:49:34 - mmengine - INFO - Iter(val) [ 25/237]    eta: 0:00:01  time: 0.0090  data_time: 0.0009  memory: 662  
2025/10/25 20:49:34 - mmengine - INFO - Iter(val) [ 30/237]    eta: 0:00:01  time: 0.0091  data_time: 0.0009  memory: 662  
2025/10/25 20:49:34 - mmengine - INFO - Iter(val) [ 35/237]    eta: 0:00:01  time: 0.0092  data_time: 0.0009  memory: 662  
2025/10/25 20:49:34 - mmengine - INFO - Iter(val) [ 40/237]    eta: 0:00:01  time: 0.0089  data_time: 0.0008  memory: 662  
2025/10/25 20:49:34 - mmengine - INFO - Iter(val) [ 45/237]    eta: 0:00:01  time: 0.0089  data_time: 0.0008  memory: 662  
2025/10/25 20:49:34 - mmengine - INFO - Iter(val) [ 50/237]    eta: 0:00:01  time: 0.0088  data_time: 0.0008  memory: 662  
2025/10/25 20:49:35 - mmengine - INFO - Iter(val) [ 55/237]    eta: 0:00:01  time: 0.0087  data_time: 0.0008  memory: 662  
2025/10/25 20:49:35 - mmengine - INFO - Iter(val) [ 60/237]    eta: 0:00:01  time: 0.0086  data_time: 0.0007  memory: 662  
2025/10/25 20:49:35 - mmengine - INFO - Iter(val) [ 65/237]    eta: 0:00:01  time: 0.0086  data_time: 0.0007  memory: 662  
2025/10/25 20:49:35 - mmengine - INFO - Iter(val) [ 70/237]    eta: 0:00:01  time: 0.0087  data_time: 0.0008  memory: 662  
2025/10/25 20:49:35 - mmengine - INFO - Iter(val) [ 75/237]    eta: 0:00:01  time: 0.0097  data_time: 0.0010  memory: 662  
2025/10/25 20:49:35 - mmengine - INFO - Iter(val) [ 80/237]    eta: 0:00:01  time: 0.0110  data_time: 0.0012  memory: 662  
2025/10/25 20:49:35 - mmengine - INFO - Iter(val) [ 85/237]    eta: 0:00:01  time: 0.0101  data_time: 0.0011  memory: 662  
2025/10/25 20:49:35 - mmengine - INFO - Iter(val) [ 90/237]    eta: 0:00:01  time: 0.0089  data_time: 0.0008  memory: 662  
2025/10/25 20:49:35 - mmengine - INFO - Iter(val) [ 95/237]    eta: 0:00:01  time: 0.0088  data_time: 0.0008  memory: 662  
2025/10/25 20:49:35 - mmengine - INFO - Iter(val) [100/237]    eta: 0:00:01  time: 0.0088  data_time: 0.0008  memory: 662  
2025/10/25 20:49:35 - mmengine - INFO - Iter(val) [105/237]    eta: 0:00:01  time: 0.0089  data_time: 0.0009  memory: 662  
2025/10/25 20:49:35 - mmengine - INFO - Iter(val) [110/237]    eta: 0:00:01  time: 0.0088  data_time: 0.0009  memory: 662  
2025/10/25 20:49:35 - mmengine - INFO - Iter(val) [115/237]    eta: 0:00:01  time: 0.0087  data_time: 0.0008  memory: 662  
2025/10/25 20:49:35 - mmengine - INFO - Iter(val) [120/237]    eta: 0:00:01  time: 0.0087  data_time: 0.0008  memory: 662  
2025/10/25 20:49:35 - mmengine - INFO - Iter(val) [125/237]    eta: 0:00:01  time: 0.0086  data_time: 0.0008  memory: 662  
2025/10/25 20:49:35 - mmengine - INFO - Iter(val) [130/237]    eta: 0:00:00  time: 0.0086  data_time: 0.0008  memory: 662  
2025/10/25 20:49:35 - mmengine - INFO - Iter(val) [135/237]    eta: 0:00:00  time: 0.0087  data_time: 0.0008  memory: 662  
2025/10/25 20:49:35 - mmengine - INFO - Iter(val) [140/237]    eta: 0:00:00  time: 0.0087  data_time: 0.0008  memory: 662  
2025/10/25 20:49:35 - mmengine - INFO - Iter(val) [145/237]    eta: 0:00:00  time: 0.0087  data_time: 0.0008  memory: 662  
2025/10/25 20:49:35 - mmengine - INFO - Iter(val) [150/237]    eta: 0:00:00  time: 0.0087  data_time: 0.0009  memory: 662  
2025/10/25 20:49:35 - mmengine - INFO - Iter(val) [155/237]    eta: 0:00:00  time: 0.0087  data_time: 0.0009  memory: 662  
2025/10/25 20:49:35 - mmengine - INFO - Iter(val) [160/237]    eta: 0:00:00  time: 0.0088  data_time: 0.0009  memory: 662  
2025/10/25 20:49:35 - mmengine - INFO - Iter(val) [165/237]    eta: 0:00:00  time: 0.0088  data_time: 0.0009  memory: 662  
2025/10/25 20:49:36 - mmengine - INFO - Iter(val) [170/237]    eta: 0:00:00  time: 0.0087  data_time: 0.0008  memory: 662  
2025/10/25 20:49:36 - mmengine - INFO - Iter(val) [175/237]    eta: 0:00:00  time: 0.0087  data_time: 0.0008  memory: 662  
2025/10/25 20:49:36 - mmengine - INFO - Iter(val) [180/237]    eta: 0:00:00  time: 0.0087  data_time: 0.0008  memory: 662  
2025/10/25 20:49:36 - mmengine - INFO - Iter(val) [185/237]    eta: 0:00:00  time: 0.0087  data_time: 0.0008  memory: 662  
2025/10/25 20:49:36 - mmengine - INFO - Iter(val) [190/237]    eta: 0:00:00  time: 0.0087  data_time: 0.0008  memory: 662  
2025/10/25 20:49:36 - mmengine - INFO - Iter(val) [195/237]    eta: 0:00:00  time: 0.0087  data_time: 0.0008  memory: 662  
2025/10/25 20:49:36 - mmengine - INFO - Iter(val) [200/237]    eta: 0:00:00  time: 0.0088  data_time: 0.0009  memory: 662  
2025/10/25 20:49:36 - mmengine - INFO - Iter(val) [205/237]    eta: 0:00:00  time: 0.0088  data_time: 0.0009  memory: 662  
2025/10/25 20:49:36 - mmengine - INFO - Iter(val) [210/237]    eta: 0:00:00  time: 0.0088  data_time: 0.0008  memory: 662  
2025/10/25 20:49:36 - mmengine - INFO - Iter(val) [215/237]    eta: 0:00:00  time: 0.0087  data_time: 0.0008  memory: 662  
2025/10/25 20:49:36 - mmengine - INFO - Iter(val) [220/237]    eta: 0:00:00  time: 0.0087  data_time: 0.0008  memory: 662  
2025/10/25 20:49:36 - mmengine - INFO - Iter(val) [225/237]    eta: 0:00:00  time: 0.0088  data_time: 0.0008  memory: 662  
2025/10/25 20:49:36 - mmengine - INFO - Iter(val) [230/237]    eta: 0:00:00  time: 0.0088  data_time: 0.0009  memory: 662  
2025/10/25 20:49:36 - mmengine - INFO - Iter(val) [235/237]    eta: 0:00:00  time: 0.0087  data_time: 0.0009  memory: 662  
2025/10/25 20:49:36 - mmengine - INFO - per class results:
2025/10/25 20:49:36 - mmengine - INFO - 
+------------+-------+-------+
|   Class    |  IoU  |  Acc  |
+------------+-------+-------+
| background | 97.41 | 97.99 |
|   crack    | 60.17 | 86.86 |
+------------+-------+-------+
2025/10/25 20:49:36 - mmengine - INFO - Iter(val) [237/237]    aAcc: 97.5100  mIoU: 78.7900  mAcc: 92.4300  data_time: 0.0009  time: 0.0089
2025/10/25 20:49:38 - mmengine - INFO - Iter(train) [ 375/1000]  lr: 6.5911e-03  eta: 0:03:24  time: 0.2879  data_time: 0.0045  memory: 10177  loss: 0.4174  decode.loss_ce: 0.2901  decode.acc_seg: 93.4938  aux.loss_ce: 0.1273  aux.acc_seg: 92.5178
2025/10/25 20:49:39 - mmengine - INFO - Iter(train) [ 380/1000]  lr: 6.5443e-03  eta: 0:03:22  time: 0.2879  data_time: 0.0044  memory: 10177  loss: 0.4496  decode.loss_ce: 0.3096  decode.acc_seg: 92.6960  aux.loss_ce: 0.1400  aux.acc_seg: 92.8965
2025/10/25 20:49:39 - mmengine - INFO - Saving checkpoint at 380 iterations
2025/10/25 20:49:40 - mmengine - INFO - Iter(val) [  5/237]    eta: 0:00:02  time: 0.0093  data_time: 0.0013  memory: 662  
2025/10/25 20:49:40 - mmengine - INFO - Iter(val) [ 10/237]    eta: 0:00:02  time: 0.0093  data_time: 0.0013  memory: 662  
2025/10/25 20:49:40 - mmengine - INFO - Iter(val) [ 15/237]    eta: 0:00:02  time: 0.0087  data_time: 0.0007  memory: 662  
2025/10/25 20:49:40 - mmengine - INFO - Iter(val) [ 20/237]    eta: 0:00:01  time: 0.0087  data_time: 0.0008  memory: 662  
2025/10/25 20:49:40 - mmengine - INFO - Iter(val) [ 25/237]    eta: 0:00:01  time: 0.0087  data_time: 0.0008  memory: 662  
2025/10/25 20:49:40 - mmengine - INFO - Iter(val) [ 30/237]    eta: 0:00:01  time: 0.0087  data_time: 0.0008  memory: 662  
2025/10/25 20:49:40 - mmengine - INFO - Iter(val) [ 35/237]    eta: 0:00:01  time: 0.0087  data_time: 0.0008  memory: 662  
2025/10/25 20:49:40 - mmengine - INFO - Iter(val) [ 40/237]    eta: 0:00:01  time: 0.0087  data_time: 0.0008  memory: 662  
2025/10/25 20:49:40 - mmengine - INFO - Iter(val) [ 45/237]    eta: 0:00:01  time: 0.0087  data_time: 0.0008  memory: 662  
2025/10/25 20:49:40 - mmengine - INFO - Iter(val) [ 50/237]    eta: 0:00:01  time: 0.0086  data_time: 0.0008  memory: 662  
2025/10/25 20:49:40 - mmengine - INFO - Iter(val) [ 55/237]    eta: 0:00:01  time: 0.0086  data_time: 0.0008  memory: 662  
2025/10/25 20:49:40 - mmengine - INFO - Iter(val) [ 60/237]    eta: 0:00:01  time: 0.0087  data_time: 0.0008  memory: 662  
2025/10/25 20:49:40 - mmengine - INFO - Iter(val) [ 65/237]    eta: 0:00:01  time: 0.0087  data_time: 0.0008  memory: 662  
2025/10/25 20:49:40 - mmengine - INFO - Iter(val) [ 70/237]    eta: 0:00:01  time: 0.0088  data_time: 0.0008  memory: 662  
2025/10/25 20:49:40 - mmengine - INFO - Iter(val) [ 75/237]    eta: 0:00:01  time: 0.0088  data_time: 0.0008  memory: 662  
2025/10/25 20:49:40 - mmengine - INFO - Iter(val) [ 80/237]    eta: 0:00:01  time: 0.0087  data_time: 0.0008  memory: 662  
2025/10/25 20:49:40 - mmengine - INFO - Iter(val) [ 85/237]    eta: 0:00:01  time: 0.0088  data_time: 0.0008  memory: 662  
2025/10/25 20:49:40 - mmengine - INFO - Iter(val) [ 90/237]    eta: 0:00:01  time: 0.0088  data_time: 0.0009  memory: 662  
2025/10/25 20:49:40 - mmengine - INFO - Iter(val) [ 95/237]    eta: 0:00:01  time: 0.0089  data_time: 0.0009  memory: 662  
2025/10/25 20:49:40 - mmengine - INFO - Iter(val) [100/237]    eta: 0:00:01  time: 0.0089  data_time: 0.0009  memory: 662  
2025/10/25 20:49:40 - mmengine - INFO - Iter(val) [105/237]    eta: 0:00:01  time: 0.0090  data_time: 0.0009  memory: 662  
2025/10/25 20:49:40 - mmengine - INFO - Iter(val) [110/237]    eta: 0:00:01  time: 0.0088  data_time: 0.0008  memory: 662  
2025/10/25 20:49:41 - mmengine - INFO - Iter(val) [115/237]    eta: 0:00:01  time: 0.0087  data_time: 0.0008  memory: 662  
2025/10/25 20:49:41 - mmengine - INFO - Iter(val) [120/237]    eta: 0:00:01  time: 0.0087  data_time: 0.0008  memory: 662  
2025/10/25 20:49:41 - mmengine - INFO - Iter(val) [125/237]    eta: 0:00:00  time: 0.0087  data_time: 0.0008  memory: 662  
2025/10/25 20:49:41 - mmengine - INFO - Iter(val) [130/237]    eta: 0:00:00  time: 0.0087  data_time: 0.0008  memory: 662  
2025/10/25 20:49:41 - mmengine - INFO - Iter(val) [135/237]    eta: 0:00:00  time: 0.0087  data_time: 0.0008  memory: 662  
2025/10/25 20:49:41 - mmengine - INFO - Iter(val) [140/237]    eta: 0:00:00  time: 0.0087  data_time: 0.0008  memory: 662  
2025/10/25 20:49:41 - mmengine - INFO - Iter(val) [145/237]    eta: 0:00:00  time: 0.0087  data_time: 0.0008  memory: 662  
2025/10/25 20:49:41 - mmengine - INFO - Iter(val) [150/237]    eta: 0:00:00  time: 0.0087  data_time: 0.0008  memory: 662  
2025/10/25 20:49:41 - mmengine - INFO - Iter(val) [155/237]    eta: 0:00:00  time: 0.0087  data_time: 0.0008  memory: 662  
2025/10/25 20:49:41 - mmengine - INFO - Iter(val) [160/237]    eta: 0:00:00  time: 0.0088  data_time: 0.0008  memory: 662  
2025/10/25 20:49:41 - mmengine - INFO - Iter(val) [165/237]    eta: 0:00:00  time: 0.0088  data_time: 0.0008  memory: 662  
2025/10/25 20:49:41 - mmengine - INFO - Iter(val) [170/237]    eta: 0:00:00  time: 0.0092  data_time: 0.0010  memory: 662  
2025/10/25 20:49:41 - mmengine - INFO - Iter(val) [175/237]    eta: 0:00:00  time: 0.0093  data_time: 0.0010  memory: 662  
2025/10/25 20:49:41 - mmengine - INFO - Iter(val) [180/237]    eta: 0:00:00  time: 0.0088  data_time: 0.0008  memory: 662  
2025/10/25 20:49:41 - mmengine - INFO - Iter(val) [185/237]    eta: 0:00:00  time: 0.0087  data_time: 0.0008  memory: 662  
2025/10/25 20:49:41 - mmengine - INFO - Iter(val) [190/237]    eta: 0:00:00  time: 0.0087  data_time: 0.0008  memory: 662  
2025/10/25 20:49:41 - mmengine - INFO - Iter(val) [195/237]    eta: 0:00:00  time: 0.0087  data_time: 0.0008  memory: 662  
2025/10/25 20:49:41 - mmengine - INFO - Iter(val) [200/237]    eta: 0:00:00  time: 0.0087  data_time: 0.0008  memory: 662  
2025/10/25 20:49:41 - mmengine - INFO - Iter(val) [205/237]    eta: 0:00:00  time: 0.0087  data_time: 0.0008  memory: 662  
2025/10/25 20:49:41 - mmengine - INFO - Iter(val) [210/237]    eta: 0:00:00  time: 0.0087  data_time: 0.0008  memory: 662  
2025/10/25 20:49:41 - mmengine - INFO - Iter(val) [215/237]    eta: 0:00:00  time: 0.0088  data_time: 0.0008  memory: 662  
2025/10/25 20:49:41 - mmengine - INFO - Iter(val) [220/237]    eta: 0:00:00  time: 0.0087  data_time: 0.0008  memory: 662  
2025/10/25 20:49:42 - mmengine - INFO - Iter(val) [225/237]    eta: 0:00:00  time: 0.0087  data_time: 0.0008  memory: 662  
2025/10/25 20:49:42 - mmengine - INFO - Iter(val) [230/237]    eta: 0:00:00  time: 0.0087  data_time: 0.0008  memory: 662  
2025/10/25 20:49:42 - mmengine - INFO - Iter(val) [235/237]    eta: 0:00:00  time: 0.0087  data_time: 0.0008  memory: 662  
2025/10/25 20:49:42 - mmengine - INFO - per class results:
2025/10/25 20:49:42 - mmengine - INFO - 
+------------+-------+-------+
|   Class    |  IoU  |  Acc  |
+------------+-------+-------+
| background | 97.59 | 98.28 |
|   crack    | 61.16 | 84.37 |
+------------+-------+-------+
2025/10/25 20:49:42 - mmengine - INFO - Iter(val) [237/237]    aAcc: 97.6800  mIoU: 79.3700  mAcc: 91.3300  data_time: 0.0008  time: 0.0088
2025/10/25 20:49:43 - mmengine - INFO - Iter(train) [ 385/1000]  lr: 6.4976e-03  eta: 0:03:20  time: 0.2881  data_time: 0.0045  memory: 10177  loss: 0.4264  decode.loss_ce: 0.2907  decode.acc_seg: 94.8535  aux.loss_ce: 0.1357  aux.acc_seg: 94.4420
2025/10/25 20:49:44 - mmengine - INFO - Iter(train) [ 390/1000]  lr: 6.4507e-03  eta: 0:03:18  time: 0.2882  data_time: 0.0047  memory: 10177  loss: 0.4039  decode.loss_ce: 0.2747  decode.acc_seg: 95.6303  aux.loss_ce: 0.1292  aux.acc_seg: 95.1808
2025/10/25 20:49:44 - mmengine - INFO - Saving checkpoint at 390 iterations
2025/10/25 20:49:45 - mmengine - INFO - Iter(val) [  5/237]    eta: 0:00:02  time: 0.0098  data_time: 0.0014  memory: 662  
2025/10/25 20:49:45 - mmengine - INFO - Iter(val) [ 10/237]    eta: 0:00:02  time: 0.0097  data_time: 0.0013  memory: 662  
2025/10/25 20:49:45 - mmengine - INFO - Iter(val) [ 15/237]    eta: 0:00:02  time: 0.0086  data_time: 0.0007  memory: 662  
2025/10/25 20:49:45 - mmengine - INFO - Iter(val) [ 20/237]    eta: 0:00:01  time: 0.0086  data_time: 0.0007  memory: 662  
2025/10/25 20:49:45 - mmengine - INFO - Iter(val) [ 25/237]    eta: 0:00:01  time: 0.0086  data_time: 0.0008  memory: 662  
2025/10/25 20:49:45 - mmengine - INFO - Iter(val) [ 30/237]    eta: 0:00:01  time: 0.0086  data_time: 0.0008  memory: 662  
2025/10/25 20:49:45 - mmengine - INFO - Iter(val) [ 35/237]    eta: 0:00:01  time: 0.0089  data_time: 0.0008  memory: 662  
2025/10/25 20:49:45 - mmengine - INFO - Iter(val) [ 40/237]    eta: 0:00:01  time: 0.0091  data_time: 0.0008  memory: 662  
2025/10/25 20:49:46 - mmengine - INFO - Iter(val) [ 45/237]    eta: 0:00:01  time: 0.0089  data_time: 0.0008  memory: 662  
2025/10/25 20:49:46 - mmengine - INFO - Iter(val) [ 50/237]    eta: 0:00:01  time: 0.0088  data_time: 0.0008  memory: 662  
2025/10/25 20:49:46 - mmengine - INFO - Iter(val) [ 55/237]    eta: 0:00:01  time: 0.0088  data_time: 0.0008  memory: 662  
2025/10/25 20:49:46 - mmengine - INFO - Iter(val) [ 60/237]    eta: 0:00:01  time: 0.0087  data_time: 0.0008  memory: 662  
2025/10/25 20:49:46 - mmengine - INFO - Iter(val) [ 65/237]    eta: 0:00:01  time: 0.0087  data_time: 0.0007  memory: 662  
2025/10/25 20:49:46 - mmengine - INFO - Iter(val) [ 70/237]    eta: 0:00:01  time: 0.0087  data_time: 0.0007  memory: 662  
2025/10/25 20:49:46 - mmengine - INFO - Iter(val) [ 75/237]    eta: 0:00:01  time: 0.0087  data_time: 0.0007  memory: 662  
2025/10/25 20:49:46 - mmengine - INFO - Iter(val) [ 80/237]    eta: 0:00:01  time: 0.0087  data_time: 0.0008  memory: 662  
2025/10/25 20:49:46 - mmengine - INFO - Iter(val) [ 85/237]    eta: 0:00:01  time: 0.0086  data_time: 0.0007  memory: 662  
2025/10/25 20:49:46 - mmengine - INFO - Iter(val) [ 90/237]    eta: 0:00:01  time: 0.0086  data_time: 0.0007  memory: 662  
2025/10/25 20:49:46 - mmengine - INFO - Iter(val) [ 95/237]    eta: 0:00:01  time: 0.0086  data_time: 0.0007  memory: 662  
2025/10/25 20:49:46 - mmengine - INFO - Iter(val) [100/237]    eta: 0:00:01  time: 0.0086  data_time: 0.0007  memory: 662  
2025/10/25 20:49:46 - mmengine - INFO - Iter(val) [105/237]    eta: 0:00:01  time: 0.0086  data_time: 0.0007  memory: 662  
2025/10/25 20:49:46 - mmengine - INFO - Iter(val) [110/237]    eta: 0:00:01  time: 0.0087  data_time: 0.0008  memory: 662  
2025/10/25 20:49:46 - mmengine - INFO - Iter(val) [115/237]    eta: 0:00:01  time: 0.0087  data_time: 0.0008  memory: 662  
2025/10/25 20:49:46 - mmengine - INFO - Iter(val) [120/237]    eta: 0:00:01  time: 0.0086  data_time: 0.0007  memory: 662  
2025/10/25 20:49:46 - mmengine - INFO - Iter(val) [125/237]    eta: 0:00:00  time: 0.0086  data_time: 0.0007  memory: 662  
2025/10/25 20:49:46 - mmengine - INFO - Iter(val) [130/237]    eta: 0:00:00  time: 0.0085  data_time: 0.0007  memory: 662  
2025/10/25 20:49:46 - mmengine - INFO - Iter(val) [135/237]    eta: 0:00:00  time: 0.0085  data_time: 0.0007  memory: 662  
2025/10/25 20:49:46 - mmengine - INFO - Iter(val) [140/237]    eta: 0:00:00  time: 0.0086  data_time: 0.0007  memory: 662  
2025/10/25 20:49:46 - mmengine - INFO - Iter(val) [145/237]    eta: 0:00:00  time: 0.0086  data_time: 0.0007  memory: 662  
2025/10/25 20:49:46 - mmengine - INFO - Iter(val) [150/237]    eta: 0:00:00  time: 0.0087  data_time: 0.0008  memory: 662  
2025/10/25 20:49:46 - mmengine - INFO - Iter(val) [155/237]    eta: 0:00:00  time: 0.0088  data_time: 0.0008  memory: 662  
2025/10/25 20:49:47 - mmengine - INFO - Iter(val) [160/237]    eta: 0:00:00  time: 0.0087  data_time: 0.0008  memory: 662  
2025/10/25 20:49:47 - mmengine - INFO - Iter(val) [165/237]    eta: 0:00:00  time: 0.0086  data_time: 0.0007  memory: 662  
2025/10/25 20:49:47 - mmengine - INFO - Iter(val) [170/237]    eta: 0:00:00  time: 0.0086  data_time: 0.0007  memory: 662  
2025/10/25 20:49:47 - mmengine - INFO - Iter(val) [175/237]    eta: 0:00:00  time: 0.0086  data_time: 0.0008  memory: 662  
2025/10/25 20:49:47 - mmengine - INFO - Iter(val) [180/237]    eta: 0:00:00  time: 0.0087  data_time: 0.0008  memory: 662  
2025/10/25 20:49:47 - mmengine - INFO - Iter(val) [185/237]    eta: 0:00:00  time: 0.0087  data_time: 0.0008  memory: 662  
2025/10/25 20:49:47 - mmengine - INFO - Iter(val) [190/237]    eta: 0:00:00  time: 0.0087  data_time: 0.0008  memory: 662  
2025/10/25 20:49:47 - mmengine - INFO - Iter(val) [195/237]    eta: 0:00:00  time: 0.0087  data_time: 0.0008  memory: 662  
2025/10/25 20:49:47 - mmengine - INFO - Iter(val) [200/237]    eta: 0:00:00  time: 0.0087  data_time: 0.0008  memory: 662  
2025/10/25 20:49:47 - mmengine - INFO - Iter(val) [205/237]    eta: 0:00:00  time: 0.0087  data_time: 0.0008  memory: 662  
2025/10/25 20:49:47 - mmengine - INFO - Iter(val) [210/237]    eta: 0:00:00  time: 0.0087  data_time: 0.0008  memory: 662  
2025/10/25 20:49:47 - mmengine - INFO - Iter(val) [215/237]    eta: 0:00:00  time: 0.0087  data_time: 0.0008  memory: 662  
2025/10/25 20:49:47 - mmengine - INFO - Iter(val) [220/237]    eta: 0:00:00  time: 0.0087  data_time: 0.0008  memory: 662  
2025/10/25 20:49:47 - mmengine - INFO - Iter(val) [225/237]    eta: 0:00:00  time: 0.0088  data_time: 0.0008  memory: 662  
2025/10/25 20:49:47 - mmengine - INFO - Iter(val) [230/237]    eta: 0:00:00  time: 0.0087  data_time: 0.0008  memory: 662  
2025/10/25 20:49:47 - mmengine - INFO - Iter(val) [235/237]    eta: 0:00:00  time: 0.0087  data_time: 0.0008  memory: 662  
2025/10/25 20:49:47 - mmengine - INFO - per class results:
2025/10/25 20:49:47 - mmengine - INFO - 
+------------+-------+-------+
|   Class    |  IoU  |  Acc  |
+------------+-------+-------+
| background | 97.48 | 98.15 |
|   crack    | 60.12 | 84.75 |
+------------+-------+-------+
2025/10/25 20:49:47 - mmengine - INFO - Iter(val) [237/237]    aAcc: 97.5700  mIoU: 78.8000  mAcc: 91.4500  data_time: 0.0008  time: 0.0087
2025/10/25 20:49:49 - mmengine - INFO - Iter(train) [ 395/1000]  lr: 6.4039e-03  eta: 0:03:16  time: 0.2880  data_time: 0.0046  memory: 10177  loss: 0.3942  decode.loss_ce: 0.2688  decode.acc_seg: 94.0084  aux.loss_ce: 0.1254  aux.acc_seg: 94.6002
2025/10/25 20:49:50 - mmengine - INFO - Iter(train) [ 400/1000]  lr: 6.3569e-03  eta: 0:03:14  time: 0.2880  data_time: 0.0046  memory: 10177  loss: 0.4477  decode.loss_ce: 0.3083  decode.acc_seg: 93.4688  aux.loss_ce: 0.1394  aux.acc_seg: 94.4859
2025/10/25 20:49:50 - mmengine - INFO - Saving checkpoint at 400 iterations
2025/10/25 20:49:51 - mmengine - INFO - Iter(val) [  5/237]    eta: 0:00:02  time: 0.0099  data_time: 0.0014  memory: 662  
2025/10/25 20:49:51 - mmengine - INFO - Iter(val) [ 10/237]    eta: 0:00:02  time: 0.0099  data_time: 0.0014  memory: 662  
2025/10/25 20:49:51 - mmengine - INFO - Iter(val) [ 15/237]    eta: 0:00:02  time: 0.0088  data_time: 0.0008  memory: 662  
2025/10/25 20:49:51 - mmengine - INFO - Iter(val) [ 20/237]    eta: 0:00:02  time: 0.0088  data_time: 0.0008  memory: 662  
2025/10/25 20:49:51 - mmengine - INFO - Iter(val) [ 25/237]    eta: 0:00:01  time: 0.0086  data_time: 0.0007  memory: 662  
2025/10/25 20:49:51 - mmengine - INFO - Iter(val) [ 30/237]    eta: 0:00:01  time: 0.0086  data_time: 0.0007  memory: 662  
2025/10/25 20:49:51 - mmengine - INFO - Iter(val) [ 35/237]    eta: 0:00:01  time: 0.0086  data_time: 0.0008  memory: 662  
2025/10/25 20:49:51 - mmengine - INFO - Iter(val) [ 40/237]    eta: 0:00:01  time: 0.0086  data_time: 0.0008  memory: 662  
2025/10/25 20:49:51 - mmengine - INFO - Iter(val) [ 45/237]    eta: 0:00:01  time: 0.0086  data_time: 0.0007  memory: 662  
2025/10/25 20:49:51 - mmengine - INFO - Iter(val) [ 50/237]    eta: 0:00:01  time: 0.0086  data_time: 0.0007  memory: 662  
2025/10/25 20:49:51 - mmengine - INFO - Iter(val) [ 55/237]    eta: 0:00:01  time: 0.0086  data_time: 0.0007  memory: 662  
2025/10/25 20:49:51 - mmengine - INFO - Iter(val) [ 60/237]    eta: 0:00:01  time: 0.0086  data_time: 0.0007  memory: 662  
2025/10/25 20:49:51 - mmengine - INFO - Iter(val) [ 65/237]    eta: 0:00:01  time: 0.0086  data_time: 0.0007  memory: 662  
2025/10/25 20:49:51 - mmengine - INFO - Iter(val) [ 70/237]    eta: 0:00:01  time: 0.0086  data_time: 0.0007  memory: 662  
2025/10/25 20:49:51 - mmengine - INFO - Iter(val) [ 75/237]    eta: 0:00:01  time: 0.0086  data_time: 0.0007  memory: 662  
2025/10/25 20:49:51 - mmengine - INFO - Iter(val) [ 80/237]    eta: 0:00:01  time: 0.0086  data_time: 0.0007  memory: 662  
2025/10/25 20:49:51 - mmengine - INFO - Iter(val) [ 85/237]    eta: 0:00:01  time: 0.0086  data_time: 0.0007  memory: 662  
2025/10/25 20:49:51 - mmengine - INFO - Iter(val) [ 90/237]    eta: 0:00:01  time: 0.0086  data_time: 0.0007  memory: 662  
2025/10/25 20:49:51 - mmengine - INFO - Iter(val) [ 95/237]    eta: 0:00:01  time: 0.0088  data_time: 0.0008  memory: 662  
2025/10/25 20:49:51 - mmengine - INFO - Iter(val) [100/237]    eta: 0:00:01  time: 0.0088  data_time: 0.0008  memory: 662  
2025/10/25 20:49:51 - mmengine - INFO - Iter(val) [105/237]    eta: 0:00:01  time: 0.0085  data_time: 0.0007  memory: 662  
2025/10/25 20:49:52 - mmengine - INFO - Iter(val) [110/237]    eta: 0:00:01  time: 0.0086  data_time: 0.0007  memory: 662  
2025/10/25 20:49:52 - mmengine - INFO - Iter(val) [115/237]    eta: 0:00:01  time: 0.0088  data_time: 0.0008  memory: 662  
2025/10/25 20:49:52 - mmengine - INFO - Iter(val) [120/237]    eta: 0:00:01  time: 0.0087  data_time: 0.0008  memory: 662  
2025/10/25 20:49:52 - mmengine - INFO - Iter(val) [125/237]    eta: 0:00:00  time: 0.0086  data_time: 0.0008  memory: 662  
2025/10/25 20:49:52 - mmengine - INFO - Iter(val) [130/237]    eta: 0:00:00  time: 0.0087  data_time: 0.0008  memory: 662  
2025/10/25 20:49:52 - mmengine - INFO - Iter(val) [135/237]    eta: 0:00:00  time: 0.0087  data_time: 0.0008  memory: 662  
2025/10/25 20:49:52 - mmengine - INFO - Iter(val) [140/237]    eta: 0:00:00  time: 0.0088  data_time: 0.0008  memory: 662  
2025/10/25 20:49:52 - mmengine - INFO - Iter(val) [145/237]    eta: 0:00:00  time: 0.0086  data_time: 0.0007  memory: 662  
2025/10/25 20:49:52 - mmengine - INFO - Iter(val) [150/237]    eta: 0:00:00  time: 0.0086  data_time: 0.0008  memory: 662  
2025/10/25 20:49:52 - mmengine - INFO - Iter(val) [155/237]    eta: 0:00:00  time: 0.0086  data_time: 0.0008  memory: 662  
2025/10/25 20:49:52 - mmengine - INFO - Iter(val) [160/237]    eta: 0:00:00  time: 0.0086  data_time: 0.0008  memory: 662  
2025/10/25 20:49:52 - mmengine - INFO - Iter(val) [165/237]    eta: 0:00:00  time: 0.0087  data_time: 0.0008  memory: 662  
2025/10/25 20:49:52 - mmengine - INFO - Iter(val) [170/237]    eta: 0:00:00  time: 0.0086  data_time: 0.0008  memory: 662  
2025/10/25 20:49:52 - mmengine - INFO - Iter(val) [175/237]    eta: 0:00:00  time: 0.0087  data_time: 0.0008  memory: 662  
2025/10/25 20:49:52 - mmengine - INFO - Iter(val) [180/237]    eta: 0:00:00  time: 0.0087  data_time: 0.0008  memory: 662  
2025/10/25 20:49:52 - mmengine - INFO - Iter(val) [185/237]    eta: 0:00:00  time: 0.0087  data_time: 0.0008  memory: 662  
2025/10/25 20:49:52 - mmengine - INFO - Iter(val) [190/237]    eta: 0:00:00  time: 0.0088  data_time: 0.0008  memory: 662  
2025/10/25 20:49:52 - mmengine - INFO - Iter(val) [195/237]    eta: 0:00:00  time: 0.0089  data_time: 0.0008  memory: 662  
2025/10/25 20:49:52 - mmengine - INFO - Iter(val) [200/237]    eta: 0:00:00  time: 0.0089  data_time: 0.0009  memory: 662  
2025/10/25 20:49:52 - mmengine - INFO - Iter(val) [205/237]    eta: 0:00:00  time: 0.0089  data_time: 0.0009  memory: 662  
2025/10/25 20:49:52 - mmengine - INFO - Iter(val) [210/237]    eta: 0:00:00  time: 0.0090  data_time: 0.0009  memory: 662  
2025/10/25 20:49:52 - mmengine - INFO - Iter(val) [215/237]    eta: 0:00:00  time: 0.0090  data_time: 0.0009  memory: 662  
2025/10/25 20:49:53 - mmengine - INFO - Iter(val) [220/237]    eta: 0:00:00  time: 0.0089  data_time: 0.0009  memory: 662  
2025/10/25 20:49:53 - mmengine - INFO - Iter(val) [225/237]    eta: 0:00:00  time: 0.0088  data_time: 0.0008  memory: 662  
2025/10/25 20:49:53 - mmengine - INFO - Iter(val) [230/237]    eta: 0:00:00  time: 0.0087  data_time: 0.0008  memory: 662  
2025/10/25 20:49:53 - mmengine - INFO - Iter(val) [235/237]    eta: 0:00:00  time: 0.0087  data_time: 0.0008  memory: 662  
2025/10/25 20:49:53 - mmengine - INFO - per class results:
2025/10/25 20:49:53 - mmengine - INFO - 
+------------+-------+-------+
|   Class    |  IoU  |  Acc  |
+------------+-------+-------+
| background | 97.53 | 98.23 |
|   crack    | 60.44 | 84.03 |
+------------+-------+-------+
2025/10/25 20:49:53 - mmengine - INFO - Iter(val) [237/237]    aAcc: 97.6200  mIoU: 78.9800  mAcc: 91.1300  data_time: 0.0008  time: 0.0087
2025/10/25 20:49:54 - mmengine - INFO - Iter(train) [ 405/1000]  lr: 6.3100e-03  eta: 0:03:13  time: 0.2878  data_time: 0.0046  memory: 10177  loss: 0.4999  decode.loss_ce: 0.3432  decode.acc_seg: 94.8769  aux.loss_ce: 0.1567  aux.acc_seg: 96.0598
2025/10/25 20:49:56 - mmengine - INFO - Iter(train) [ 410/1000]  lr: 6.2630e-03  eta: 0:03:11  time: 0.2877  data_time: 0.0045  memory: 10177  loss: 0.4545  decode.loss_ce: 0.3117  decode.acc_seg: 97.3823  aux.loss_ce: 0.1428  aux.acc_seg: 97.4354
2025/10/25 20:49:56 - mmengine - INFO - Saving checkpoint at 410 iterations
2025/10/25 20:49:56 - mmengine - INFO - Iter(val) [  5/237]    eta: 0:00:02  time: 0.0092  data_time: 0.0013  memory: 662  
2025/10/25 20:49:56 - mmengine - INFO - Iter(val) [ 10/237]    eta: 0:00:02  time: 0.0091  data_time: 0.0012  memory: 662  
2025/10/25 20:49:56 - mmengine - INFO - Iter(val) [ 15/237]    eta: 0:00:01  time: 0.0085  data_time: 0.0007  memory: 662  
2025/10/25 20:49:56 - mmengine - INFO - Iter(val) [ 20/237]    eta: 0:00:01  time: 0.0086  data_time: 0.0007  memory: 662  
2025/10/25 20:49:56 - mmengine - INFO - Iter(val) [ 25/237]    eta: 0:00:01  time: 0.0086  data_time: 0.0007  memory: 662  
2025/10/25 20:49:56 - mmengine - INFO - Iter(val) [ 30/237]    eta: 0:00:01  time: 0.0086  data_time: 0.0007  memory: 662  
2025/10/25 20:49:56 - mmengine - INFO - Iter(val) [ 35/237]    eta: 0:00:01  time: 0.0089  data_time: 0.0007  memory: 662  
2025/10/25 20:49:56 - mmengine - INFO - Iter(val) [ 40/237]    eta: 0:00:01  time: 0.0090  data_time: 0.0008  memory: 662  
2025/10/25 20:49:56 - mmengine - INFO - Iter(val) [ 45/237]    eta: 0:00:01  time: 0.0095  data_time: 0.0009  memory: 662  
2025/10/25 20:49:57 - mmengine - INFO - Iter(val) [ 50/237]    eta: 0:00:01  time: 0.0099  data_time: 0.0011  memory: 662  
2025/10/25 20:49:57 - mmengine - INFO - Iter(val) [ 55/237]    eta: 0:00:01  time: 0.0092  data_time: 0.0009  memory: 662  
2025/10/25 20:49:57 - mmengine - INFO - Iter(val) [ 60/237]    eta: 0:00:01  time: 0.0087  data_time: 0.0008  memory: 662  
2025/10/25 20:49:57 - mmengine - INFO - Iter(val) [ 65/237]    eta: 0:00:01  time: 0.0087  data_time: 0.0008  memory: 662  
2025/10/25 20:49:57 - mmengine - INFO - Iter(val) [ 70/237]    eta: 0:00:01  time: 0.0086  data_time: 0.0008  memory: 662  
2025/10/25 20:49:57 - mmengine - INFO - Iter(val) [ 75/237]    eta: 0:00:01  time: 0.0087  data_time: 0.0008  memory: 662  
2025/10/25 20:49:57 - mmengine - INFO - Iter(val) [ 80/237]    eta: 0:00:01  time: 0.0088  data_time: 0.0008  memory: 662  
2025/10/25 20:49:57 - mmengine - INFO - Iter(val) [ 85/237]    eta: 0:00:01  time: 0.0089  data_time: 0.0009  memory: 662  
2025/10/25 20:49:57 - mmengine - INFO - Iter(val) [ 90/237]    eta: 0:00:01  time: 0.0088  data_time: 0.0009  memory: 662  
2025/10/25 20:49:57 - mmengine - INFO - Iter(val) [ 95/237]    eta: 0:00:01  time: 0.0087  data_time: 0.0008  memory: 662  
2025/10/25 20:49:57 - mmengine - INFO - Iter(val) [100/237]    eta: 0:00:01  time: 0.0087  data_time: 0.0008  memory: 662  
2025/10/25 20:49:57 - mmengine - INFO - Iter(val) [105/237]    eta: 0:00:01  time: 0.0087  data_time: 0.0008  memory: 662  
2025/10/25 20:49:57 - mmengine - INFO - Iter(val) [110/237]    eta: 0:00:01  time: 0.0086  data_time: 0.0008  memory: 662  
2025/10/25 20:49:57 - mmengine - INFO - Iter(val) [115/237]    eta: 0:00:01  time: 0.0086  data_time: 0.0008  memory: 662  
2025/10/25 20:49:57 - mmengine - INFO - Iter(val) [120/237]    eta: 0:00:01  time: 0.0086  data_time: 0.0008  memory: 662  
2025/10/25 20:49:57 - mmengine - INFO - Iter(val) [125/237]    eta: 0:00:00  time: 0.0086  data_time: 0.0008  memory: 662  
2025/10/25 20:49:57 - mmengine - INFO - Iter(val) [130/237]    eta: 0:00:00  time: 0.0089  data_time: 0.0009  memory: 662  
2025/10/25 20:49:57 - mmengine - INFO - Iter(val) [135/237]    eta: 0:00:00  time: 0.0089  data_time: 0.0008  memory: 662  
2025/10/25 20:49:57 - mmengine - INFO - Iter(val) [140/237]    eta: 0:00:00  time: 0.0087  data_time: 0.0008  memory: 662  
2025/10/25 20:49:57 - mmengine - INFO - Iter(val) [145/237]    eta: 0:00:00  time: 0.0087  data_time: 0.0008  memory: 662  
2025/10/25 20:49:57 - mmengine - INFO - Iter(val) [150/237]    eta: 0:00:00  time: 0.0087  data_time: 0.0008  memory: 662  
2025/10/25 20:49:57 - mmengine - INFO - Iter(val) [155/237]    eta: 0:00:00  time: 0.0087  data_time: 0.0008  memory: 662  
2025/10/25 20:49:57 - mmengine - INFO - Iter(val) [160/237]    eta: 0:00:00  time: 0.0087  data_time: 0.0008  memory: 662  
2025/10/25 20:49:58 - mmengine - INFO - Iter(val) [165/237]    eta: 0:00:00  time: 0.0087  data_time: 0.0008  memory: 662  
2025/10/25 20:49:58 - mmengine - INFO - Iter(val) [170/237]    eta: 0:00:00  time: 0.0087  data_time: 0.0008  memory: 662  
2025/10/25 20:49:58 - mmengine - INFO - Iter(val) [175/237]    eta: 0:00:00  time: 0.0087  data_time: 0.0008  memory: 662  
2025/10/25 20:49:58 - mmengine - INFO - Iter(val) [180/237]    eta: 0:00:00  time: 0.0088  data_time: 0.0008  memory: 662  
2025/10/25 20:49:58 - mmengine - INFO - Iter(val) [185/237]    eta: 0:00:00  time: 0.0088  data_time: 0.0009  memory: 662  
2025/10/25 20:49:58 - mmengine - INFO - Iter(val) [190/237]    eta: 0:00:00  time: 0.0087  data_time: 0.0008  memory: 662  
2025/10/25 20:49:58 - mmengine - INFO - Iter(val) [195/237]    eta: 0:00:00  time: 0.0087  data_time: 0.0008  memory: 662  
2025/10/25 20:49:58 - mmengine - INFO - Iter(val) [200/237]    eta: 0:00:00  time: 0.0087  data_time: 0.0008  memory: 662  
2025/10/25 20:49:58 - mmengine - INFO - Iter(val) [205/237]    eta: 0:00:00  time: 0.0087  data_time: 0.0008  memory: 662  
2025/10/25 20:49:58 - mmengine - INFO - Iter(val) [210/237]    eta: 0:00:00  time: 0.0087  data_time: 0.0008  memory: 662  
2025/10/25 20:49:58 - mmengine - INFO - Iter(val) [215/237]    eta: 0:00:00  time: 0.0087  data_time: 0.0008  memory: 662  
2025/10/25 20:49:58 - mmengine - INFO - Iter(val) [220/237]    eta: 0:00:00  time: 0.0087  data_time: 0.0008  memory: 662  
2025/10/25 20:49:58 - mmengine - INFO - Iter(val) [225/237]    eta: 0:00:00  time: 0.0087  data_time: 0.0008  memory: 662  
2025/10/25 20:49:58 - mmengine - INFO - Iter(val) [230/237]    eta: 0:00:00  time: 0.0087  data_time: 0.0008  memory: 662  
2025/10/25 20:49:58 - mmengine - INFO - Iter(val) [235/237]    eta: 0:00:00  time: 0.0086  data_time: 0.0007  memory: 662  
2025/10/25 20:49:58 - mmengine - INFO - per class results:
2025/10/25 20:49:58 - mmengine - INFO - 
+------------+-------+-------+
|   Class    |  IoU  |  Acc  |
+------------+-------+-------+
| background | 96.02 | 96.67 |
|   crack    | 48.93 | 84.92 |
+------------+-------+-------+
2025/10/25 20:49:58 - mmengine - INFO - Iter(val) [237/237]    aAcc: 96.1600  mIoU: 72.4700  mAcc: 90.8000  data_time: 0.0008  time: 0.0088
2025/10/25 20:50:00 - mmengine - INFO - Iter(train) [ 415/1000]  lr: 6.2160e-03  eta: 0:03:09  time: 0.2882  data_time: 0.0047  memory: 10177  loss: 0.4442  decode.loss_ce: 0.3056  decode.acc_seg: 94.0512  aux.loss_ce: 0.1387  aux.acc_seg: 94.5907
2025/10/25 20:50:01 - mmengine - INFO - Iter(train) [ 420/1000]  lr: 6.1689e-03  eta: 0:03:07  time: 0.2884  data_time: 0.0050  memory: 10177  loss: 0.4430  decode.loss_ce: 0.3031  decode.acc_seg: 95.9932  aux.loss_ce: 0.1399  aux.acc_seg: 97.7849
2025/10/25 20:50:01 - mmengine - INFO - Saving checkpoint at 420 iterations
2025/10/25 20:50:02 - mmengine - INFO - Iter(val) [  5/237]    eta: 0:00:02  time: 0.0092  data_time: 0.0013  memory: 662  
2025/10/25 20:50:02 - mmengine - INFO - Iter(val) [ 10/237]    eta: 0:00:02  time: 0.0092  data_time: 0.0012  memory: 662  
2025/10/25 20:50:02 - mmengine - INFO - Iter(val) [ 15/237]    eta: 0:00:01  time: 0.0086  data_time: 0.0006  memory: 662  
2025/10/25 20:50:02 - mmengine - INFO - Iter(val) [ 20/237]    eta: 0:00:01  time: 0.0086  data_time: 0.0007  memory: 662  
2025/10/25 20:50:02 - mmengine - INFO - Iter(val) [ 25/237]    eta: 0:00:01  time: 0.0085  data_time: 0.0007  memory: 662  
2025/10/25 20:50:02 - mmengine - INFO - Iter(val) [ 30/237]    eta: 0:00:01  time: 0.0085  data_time: 0.0007  memory: 662  
2025/10/25 20:50:02 - mmengine - INFO - Iter(val) [ 35/237]    eta: 0:00:01  time: 0.0085  data_time: 0.0007  memory: 662  
2025/10/25 20:50:02 - mmengine - INFO - Iter(val) [ 40/237]    eta: 0:00:01  time: 0.0085  data_time: 0.0007  memory: 662  
2025/10/25 20:50:02 - mmengine - INFO - Iter(val) [ 45/237]    eta: 0:00:01  time: 0.0085  data_time: 0.0007  memory: 662  
2025/10/25 20:50:02 - mmengine - INFO - Iter(val) [ 50/237]    eta: 0:00:01  time: 0.0085  data_time: 0.0007  memory: 662  
2025/10/25 20:50:02 - mmengine - INFO - Iter(val) [ 55/237]    eta: 0:00:01  time: 0.0085  data_time: 0.0007  memory: 662  
2025/10/25 20:50:02 - mmengine - INFO - Iter(val) [ 60/237]    eta: 0:00:01  time: 0.0085  data_time: 0.0007  memory: 662  
2025/10/25 20:50:02 - mmengine - INFO - Iter(val) [ 65/237]    eta: 0:00:01  time: 0.0086  data_time: 0.0008  memory: 662  
2025/10/25 20:50:02 - mmengine - INFO - Iter(val) [ 70/237]    eta: 0:00:01  time: 0.0087  data_time: 0.0008  memory: 662  
2025/10/25 20:50:02 - mmengine - INFO - Iter(val) [ 75/237]    eta: 0:00:01  time: 0.0086  data_time: 0.0008  memory: 662  
2025/10/25 20:50:02 - mmengine - INFO - Iter(val) [ 80/237]    eta: 0:00:01  time: 0.0086  data_time: 0.0008  memory: 662  
2025/10/25 20:50:02 - mmengine - INFO - Iter(val) [ 85/237]    eta: 0:00:01  time: 0.0086  data_time: 0.0008  memory: 662  
2025/10/25 20:50:02 - mmengine - INFO - Iter(val) [ 90/237]    eta: 0:00:01  time: 0.0086  data_time: 0.0008  memory: 662  
2025/10/25 20:50:02 - mmengine - INFO - Iter(val) [ 95/237]    eta: 0:00:01  time: 0.0088  data_time: 0.0008  memory: 662  
2025/10/25 20:50:02 - mmengine - INFO - Iter(val) [100/237]    eta: 0:00:01  time: 0.0087  data_time: 0.0008  memory: 662  
2025/10/25 20:50:02 - mmengine - INFO - Iter(val) [105/237]    eta: 0:00:01  time: 0.0087  data_time: 0.0008  memory: 662  
2025/10/25 20:50:03 - mmengine - INFO - Iter(val) [110/237]    eta: 0:00:01  time: 0.0086  data_time: 0.0008  memory: 662  
2025/10/25 20:50:03 - mmengine - INFO - Iter(val) [115/237]    eta: 0:00:01  time: 0.0085  data_time: 0.0007  memory: 662  
2025/10/25 20:50:03 - mmengine - INFO - Iter(val) [120/237]    eta: 0:00:01  time: 0.0085  data_time: 0.0007  memory: 662  
2025/10/25 20:50:03 - mmengine - INFO - Iter(val) [125/237]    eta: 0:00:00  time: 0.0086  data_time: 0.0007  memory: 662  
2025/10/25 20:50:03 - mmengine - INFO - Iter(val) [130/237]    eta: 0:00:00  time: 0.0086  data_time: 0.0007  memory: 662  
2025/10/25 20:50:03 - mmengine - INFO - Iter(val) [135/237]    eta: 0:00:00  time: 0.0087  data_time: 0.0008  memory: 662  
2025/10/25 20:50:03 - mmengine - INFO - Iter(val) [140/237]    eta: 0:00:00  time: 0.0088  data_time: 0.0008  memory: 662  
2025/10/25 20:50:03 - mmengine - INFO - Iter(val) [145/237]    eta: 0:00:00  time: 0.0088  data_time: 0.0008  memory: 662  
2025/10/25 20:50:03 - mmengine - INFO - Iter(val) [150/237]    eta: 0:00:00  time: 0.0087  data_time: 0.0008  memory: 662  
2025/10/25 20:50:03 - mmengine - INFO - Iter(val) [155/237]    eta: 0:00:00  time: 0.0087  data_time: 0.0008  memory: 662  
2025/10/25 20:50:03 - mmengine - INFO - Iter(val) [160/237]    eta: 0:00:00  time: 0.0087  data_time: 0.0008  memory: 662  
2025/10/25 20:50:03 - mmengine - INFO - Iter(val) [165/237]    eta: 0:00:00  time: 0.0086  data_time: 0.0007  memory: 662  
2025/10/25 20:50:03 - mmengine - INFO - Iter(val) [170/237]    eta: 0:00:00  time: 0.0086  data_time: 0.0007  memory: 662  
2025/10/25 20:50:03 - mmengine - INFO - Iter(val) [175/237]    eta: 0:00:00  time: 0.0086  data_time: 0.0008  memory: 662  
2025/10/25 20:50:03 - mmengine - INFO - Iter(val) [180/237]    eta: 0:00:00  time: 0.0086  data_time: 0.0008  memory: 662  
2025/10/25 20:50:03 - mmengine - INFO - Iter(val) [185/237]    eta: 0:00:00  time: 0.0087  data_time: 0.0008  memory: 662  
2025/10/25 20:50:03 - mmengine - INFO - Iter(val) [190/237]    eta: 0:00:00  time: 0.0086  data_time: 0.0007  memory: 662  
2025/10/25 20:50:03 - mmengine - INFO - Iter(val) [195/237]    eta: 0:00:00  time: 0.0086  data_time: 0.0008  memory: 662  
2025/10/25 20:50:03 - mmengine - INFO - Iter(val) [200/237]    eta: 0:00:00  time: 0.0087  data_time: 0.0008  memory: 662  
2025/10/25 20:50:03 - mmengine - INFO - Iter(val) [205/237]    eta: 0:00:00  time: 0.0088  data_time: 0.0009  memory: 662  
2025/10/25 20:50:03 - mmengine - INFO - Iter(val) [210/237]    eta: 0:00:00  time: 0.0088  data_time: 0.0009  memory: 662  
2025/10/25 20:50:03 - mmengine - INFO - Iter(val) [215/237]    eta: 0:00:00  time: 0.0086  data_time: 0.0008  memory: 662  
2025/10/25 20:50:03 - mmengine - INFO - Iter(val) [220/237]    eta: 0:00:00  time: 0.0087  data_time: 0.0008  memory: 662  
2025/10/25 20:50:04 - mmengine - INFO - Iter(val) [225/237]    eta: 0:00:00  time: 0.0088  data_time: 0.0009  memory: 662  
2025/10/25 20:50:04 - mmengine - INFO - Iter(val) [230/237]    eta: 0:00:00  time: 0.0091  data_time: 0.0009  memory: 662  
2025/10/25 20:50:04 - mmengine - INFO - Iter(val) [235/237]    eta: 0:00:00  time: 0.0089  data_time: 0.0007  memory: 662  
2025/10/25 20:50:04 - mmengine - INFO - per class results:
2025/10/25 20:50:04 - mmengine - INFO - 
+------------+-------+-------+
|   Class    |  IoU  |  Acc  |
+------------+-------+-------+
| background | 97.04 | 97.61 |
|   crack    | 56.86 | 86.86 |
+------------+-------+-------+
2025/10/25 20:50:04 - mmengine - INFO - Iter(val) [237/237]    aAcc: 97.1500  mIoU: 76.9500  mAcc: 92.2400  data_time: 0.0008  time: 0.0087
2025/10/25 20:50:05 - mmengine - INFO - Iter(train) [ 425/1000]  lr: 6.1218e-03  eta: 0:03:05  time: 0.2880  data_time: 0.0048  memory: 10177  loss: 0.4183  decode.loss_ce: 0.2865  decode.acc_seg: 95.8077  aux.loss_ce: 0.1318  aux.acc_seg: 95.4581
2025/10/25 20:50:07 - mmengine - INFO - Iter(train) [ 430/1000]  lr: 6.0747e-03  eta: 0:03:03  time: 0.2879  data_time: 0.0046  memory: 10177  loss: 0.4439  decode.loss_ce: 0.3056  decode.acc_seg: 91.1846  aux.loss_ce: 0.1383  aux.acc_seg: 91.0785
2025/10/25 20:50:07 - mmengine - INFO - Saving checkpoint at 430 iterations
2025/10/25 20:50:07 - mmengine - INFO - Iter(val) [  5/237]    eta: 0:00:02  time: 0.0098  data_time: 0.0014  memory: 662  
2025/10/25 20:50:07 - mmengine - INFO - Iter(val) [ 10/237]    eta: 0:00:02  time: 0.0097  data_time: 0.0014  memory: 662  
2025/10/25 20:50:07 - mmengine - INFO - Iter(val) [ 15/237]    eta: 0:00:02  time: 0.0085  data_time: 0.0006  memory: 662  
2025/10/25 20:50:07 - mmengine - INFO - Iter(val) [ 20/237]    eta: 0:00:01  time: 0.0087  data_time: 0.0008  memory: 662  
2025/10/25 20:50:07 - mmengine - INFO - Iter(val) [ 25/237]    eta: 0:00:01  time: 0.0088  data_time: 0.0008  memory: 662  
2025/10/25 20:50:07 - mmengine - INFO - Iter(val) [ 30/237]    eta: 0:00:01  time: 0.0087  data_time: 0.0008  memory: 662  
2025/10/25 20:50:07 - mmengine - INFO - Iter(val) [ 35/237]    eta: 0:00:01  time: 0.0086  data_time: 0.0007  memory: 662  
2025/10/25 20:50:07 - mmengine - INFO - Iter(val) [ 40/237]    eta: 0:00:01  time: 0.0086  data_time: 0.0008  memory: 662  
2025/10/25 20:50:08 - mmengine - INFO - Iter(val) [ 45/237]    eta: 0:00:01  time: 0.0086  data_time: 0.0008  memory: 662  
2025/10/25 20:50:08 - mmengine - INFO - Iter(val) [ 50/237]    eta: 0:00:01  time: 0.0086  data_time: 0.0008  memory: 662  
2025/10/25 20:50:08 - mmengine - INFO - Iter(val) [ 55/237]    eta: 0:00:01  time: 0.0086  data_time: 0.0008  memory: 662  
2025/10/25 20:50:08 - mmengine - INFO - Iter(val) [ 60/237]    eta: 0:00:01  time: 0.0086  data_time: 0.0008  memory: 662  
2025/10/25 20:50:08 - mmengine - INFO - Iter(val) [ 65/237]    eta: 0:00:01  time: 0.0087  data_time: 0.0008  memory: 662  
2025/10/25 20:50:08 - mmengine - INFO - Iter(val) [ 70/237]    eta: 0:00:01  time: 0.0086  data_time: 0.0008  memory: 662  
2025/10/25 20:50:08 - mmengine - INFO - Iter(val) [ 75/237]    eta: 0:00:01  time: 0.0086  data_time: 0.0008  memory: 662  
2025/10/25 20:50:08 - mmengine - INFO - Iter(val) [ 80/237]    eta: 0:00:01  time: 0.0086  data_time: 0.0008  memory: 662  
2025/10/25 20:50:08 - mmengine - INFO - Iter(val) [ 85/237]    eta: 0:00:01  time: 0.0086  data_time: 0.0008  memory: 662  
2025/10/25 20:50:08 - mmengine - INFO - Iter(val) [ 90/237]    eta: 0:00:01  time: 0.0087  data_time: 0.0008  memory: 662  
2025/10/25 20:50:08 - mmengine - INFO - Iter(val) [ 95/237]    eta: 0:00:01  time: 0.0090  data_time: 0.0009  memory: 662  
2025/10/25 20:50:08 - mmengine - INFO - Iter(val) [100/237]    eta: 0:00:01  time: 0.0090  data_time: 0.0009  memory: 662  
2025/10/25 20:50:08 - mmengine - INFO - Iter(val) [105/237]    eta: 0:00:01  time: 0.0088  data_time: 0.0009  memory: 662  
2025/10/25 20:50:08 - mmengine - INFO - Iter(val) [110/237]    eta: 0:00:01  time: 0.0089  data_time: 0.0009  memory: 662  
2025/10/25 20:50:08 - mmengine - INFO - Iter(val) [115/237]    eta: 0:00:01  time: 0.0089  data_time: 0.0009  memory: 662  
2025/10/25 20:50:08 - mmengine - INFO - Iter(val) [120/237]    eta: 0:00:01  time: 0.0087  data_time: 0.0008  memory: 662  
2025/10/25 20:50:08 - mmengine - INFO - Iter(val) [125/237]    eta: 0:00:00  time: 0.0087  data_time: 0.0008  memory: 662  
2025/10/25 20:50:08 - mmengine - INFO - Iter(val) [130/237]    eta: 0:00:00  time: 0.0087  data_time: 0.0008  memory: 662  
2025/10/25 20:50:08 - mmengine - INFO - Iter(val) [135/237]    eta: 0:00:00  time: 0.0087  data_time: 0.0008  memory: 662  
2025/10/25 20:50:08 - mmengine - INFO - Iter(val) [140/237]    eta: 0:00:00  time: 0.0087  data_time: 0.0008  memory: 662  
2025/10/25 20:50:08 - mmengine - INFO - Iter(val) [145/237]    eta: 0:00:00  time: 0.0088  data_time: 0.0009  memory: 662  
2025/10/25 20:50:08 - mmengine - INFO - Iter(val) [150/237]    eta: 0:00:00  time: 0.0089  data_time: 0.0009  memory: 662  
2025/10/25 20:50:08 - mmengine - INFO - Iter(val) [155/237]    eta: 0:00:00  time: 0.0089  data_time: 0.0009  memory: 662  
2025/10/25 20:50:09 - mmengine - INFO - Iter(val) [160/237]    eta: 0:00:00  time: 0.0088  data_time: 0.0009  memory: 662  
2025/10/25 20:50:09 - mmengine - INFO - Iter(val) [165/237]    eta: 0:00:00  time: 0.0087  data_time: 0.0008  memory: 662  
2025/10/25 20:50:09 - mmengine - INFO - Iter(val) [170/237]    eta: 0:00:00  time: 0.0087  data_time: 0.0008  memory: 662  
2025/10/25 20:50:09 - mmengine - INFO - Iter(val) [175/237]    eta: 0:00:00  time: 0.0086  data_time: 0.0007  memory: 662  
2025/10/25 20:50:09 - mmengine - INFO - Iter(val) [180/237]    eta: 0:00:00  time: 0.0086  data_time: 0.0007  memory: 662  
2025/10/25 20:50:09 - mmengine - INFO - Iter(val) [185/237]    eta: 0:00:00  time: 0.0087  data_time: 0.0008  memory: 662  
2025/10/25 20:50:09 - mmengine - INFO - Iter(val) [190/237]    eta: 0:00:00  time: 0.0087  data_time: 0.0008  memory: 662  
2025/10/25 20:50:09 - mmengine - INFO - Iter(val) [195/237]    eta: 0:00:00  time: 0.0087  data_time: 0.0008  memory: 662  
2025/10/25 20:50:09 - mmengine - INFO - Iter(val) [200/237]    eta: 0:00:00  time: 0.0087  data_time: 0.0008  memory: 662  
2025/10/25 20:50:09 - mmengine - INFO - Iter(val) [205/237]    eta: 0:00:00  time: 0.0088  data_time: 0.0009  memory: 662  
2025/10/25 20:50:09 - mmengine - INFO - Iter(val) [210/237]    eta: 0:00:00  time: 0.0087  data_time: 0.0008  memory: 662  
2025/10/25 20:50:09 - mmengine - INFO - Iter(val) [215/237]    eta: 0:00:00  time: 0.0087  data_time: 0.0008  memory: 662  
2025/10/25 20:50:09 - mmengine - INFO - Iter(val) [220/237]    eta: 0:00:00  time: 0.0087  data_time: 0.0008  memory: 662  
2025/10/25 20:50:09 - mmengine - INFO - Iter(val) [225/237]    eta: 0:00:00  time: 0.0086  data_time: 0.0008  memory: 662  
2025/10/25 20:50:09 - mmengine - INFO - Iter(val) [230/237]    eta: 0:00:00  time: 0.0087  data_time: 0.0008  memory: 662  
2025/10/25 20:50:09 - mmengine - INFO - Iter(val) [235/237]    eta: 0:00:00  time: 0.0087  data_time: 0.0008  memory: 662  
2025/10/25 20:50:09 - mmengine - INFO - per class results:
2025/10/25 20:50:09 - mmengine - INFO - 
+------------+-------+-------+
|   Class    |  IoU  |  Acc  |
+------------+-------+-------+
| background | 96.68 | 97.11 |
|   crack    | 54.93 | 89.97 |
+------------+-------+-------+
2025/10/25 20:50:09 - mmengine - INFO - Iter(val) [237/237]    aAcc: 96.8100  mIoU: 75.8000  mAcc: 93.5400  data_time: 0.0008  time: 0.0088
2025/10/25 20:50:11 - mmengine - INFO - Iter(train) [ 435/1000]  lr: 6.0275e-03  eta: 0:03:01  time: 0.2880  data_time: 0.0048  memory: 10177  loss: 0.4646  decode.loss_ce: 0.3193  decode.acc_seg: 92.2880  aux.loss_ce: 0.1453  aux.acc_seg: 92.2480
2025/10/25 20:50:12 - mmengine - INFO - Iter(train) [ 440/1000]  lr: 5.9802e-03  eta: 0:03:00  time: 0.2880  data_time: 0.0047  memory: 10177  loss: 0.4552  decode.loss_ce: 0.3102  decode.acc_seg: 94.4677  aux.loss_ce: 0.1451  aux.acc_seg: 94.3673
2025/10/25 20:50:12 - mmengine - INFO - Saving checkpoint at 440 iterations
2025/10/25 20:50:13 - mmengine - INFO - Iter(val) [  5/237]    eta: 0:00:02  time: 0.0092  data_time: 0.0013  memory: 662  
2025/10/25 20:50:13 - mmengine - INFO - Iter(val) [ 10/237]    eta: 0:00:02  time: 0.0091  data_time: 0.0012  memory: 662  
2025/10/25 20:50:13 - mmengine - INFO - Iter(val) [ 15/237]    eta: 0:00:01  time: 0.0086  data_time: 0.0007  memory: 662  
2025/10/25 20:50:13 - mmengine - INFO - Iter(val) [ 20/237]    eta: 0:00:01  time: 0.0086  data_time: 0.0008  memory: 662  
2025/10/25 20:50:13 - mmengine - INFO - Iter(val) [ 25/237]    eta: 0:00:01  time: 0.0086  data_time: 0.0008  memory: 662  
2025/10/25 20:50:13 - mmengine - INFO - Iter(val) [ 30/237]    eta: 0:00:01  time: 0.0086  data_time: 0.0008  memory: 662  
2025/10/25 20:50:13 - mmengine - INFO - Iter(val) [ 35/237]    eta: 0:00:01  time: 0.0086  data_time: 0.0008  memory: 662  
2025/10/25 20:50:13 - mmengine - INFO - Iter(val) [ 40/237]    eta: 0:00:01  time: 0.0086  data_time: 0.0008  memory: 662  
2025/10/25 20:50:13 - mmengine - INFO - Iter(val) [ 45/237]    eta: 0:00:01  time: 0.0086  data_time: 0.0008  memory: 662  
2025/10/25 20:50:13 - mmengine - INFO - Iter(val) [ 50/237]    eta: 0:00:01  time: 0.0087  data_time: 0.0008  memory: 662  
2025/10/25 20:50:13 - mmengine - INFO - Iter(val) [ 55/237]    eta: 0:00:01  time: 0.0087  data_time: 0.0008  memory: 662  
2025/10/25 20:50:13 - mmengine - INFO - Iter(val) [ 60/237]    eta: 0:00:01  time: 0.0086  data_time: 0.0008  memory: 662  
2025/10/25 20:50:13 - mmengine - INFO - Iter(val) [ 65/237]    eta: 0:00:01  time: 0.0086  data_time: 0.0008  memory: 662  
2025/10/25 20:50:13 - mmengine - INFO - Iter(val) [ 70/237]    eta: 0:00:01  time: 0.0086  data_time: 0.0008  memory: 662  
2025/10/25 20:50:13 - mmengine - INFO - Iter(val) [ 75/237]    eta: 0:00:01  time: 0.0086  data_time: 0.0008  memory: 662  
2025/10/25 20:50:13 - mmengine - INFO - Iter(val) [ 80/237]    eta: 0:00:01  time: 0.0086  data_time: 0.0008  memory: 662  
2025/10/25 20:50:13 - mmengine - INFO - Iter(val) [ 85/237]    eta: 0:00:01  time: 0.0086  data_time: 0.0008  memory: 662  
2025/10/25 20:50:13 - mmengine - INFO - Iter(val) [ 90/237]    eta: 0:00:01  time: 0.0087  data_time: 0.0008  memory: 662  
2025/10/25 20:50:13 - mmengine - INFO - Iter(val) [ 95/237]    eta: 0:00:01  time: 0.0087  data_time: 0.0008  memory: 662  
2025/10/25 20:50:13 - mmengine - INFO - Iter(val) [100/237]    eta: 0:00:01  time: 0.0087  data_time: 0.0008  memory: 662  
2025/10/25 20:50:14 - mmengine - INFO - Iter(val) [105/237]    eta: 0:00:01  time: 0.0086  data_time: 0.0008  memory: 662  
2025/10/25 20:50:14 - mmengine - INFO - Iter(val) [110/237]    eta: 0:00:01  time: 0.0087  data_time: 0.0008  memory: 662  
2025/10/25 20:50:14 - mmengine - INFO - Iter(val) [115/237]    eta: 0:00:01  time: 0.0087  data_time: 0.0007  memory: 662  
2025/10/25 20:50:14 - mmengine - INFO - Iter(val) [120/237]    eta: 0:00:01  time: 0.0087  data_time: 0.0008  memory: 662  
2025/10/25 20:50:14 - mmengine - INFO - Iter(val) [125/237]    eta: 0:00:00  time: 0.0087  data_time: 0.0008  memory: 662  
2025/10/25 20:50:14 - mmengine - INFO - Iter(val) [130/237]    eta: 0:00:00  time: 0.0087  data_time: 0.0007  memory: 662  
2025/10/25 20:50:14 - mmengine - INFO - Iter(val) [135/237]    eta: 0:00:00  time: 0.0086  data_time: 0.0007  memory: 662  
2025/10/25 20:50:14 - mmengine - INFO - Iter(val) [140/237]    eta: 0:00:00  time: 0.0086  data_time: 0.0008  memory: 662  
2025/10/25 20:50:14 - mmengine - INFO - Iter(val) [145/237]    eta: 0:00:00  time: 0.0087  data_time: 0.0008  memory: 662  
2025/10/25 20:50:14 - mmengine - INFO - Iter(val) [150/237]    eta: 0:00:00  time: 0.0086  data_time: 0.0008  memory: 662  
2025/10/25 20:50:14 - mmengine - INFO - Iter(val) [155/237]    eta: 0:00:00  time: 0.0087  data_time: 0.0008  memory: 662  
2025/10/25 20:50:14 - mmengine - INFO - Iter(val) [160/237]    eta: 0:00:00  time: 0.0087  data_time: 0.0008  memory: 662  
2025/10/25 20:50:14 - mmengine - INFO - Iter(val) [165/237]    eta: 0:00:00  time: 0.0090  data_time: 0.0009  memory: 662  
2025/10/25 20:50:14 - mmengine - INFO - Iter(val) [170/237]    eta: 0:00:00  time: 0.0090  data_time: 0.0008  memory: 662  
2025/10/25 20:50:14 - mmengine - INFO - Iter(val) [175/237]    eta: 0:00:00  time: 0.0086  data_time: 0.0007  memory: 662  
2025/10/25 20:50:14 - mmengine - INFO - Iter(val) [180/237]    eta: 0:00:00  time: 0.0086  data_time: 0.0007  memory: 662  
2025/10/25 20:50:14 - mmengine - INFO - Iter(val) [185/237]    eta: 0:00:00  time: 0.0087  data_time: 0.0008  memory: 662  
2025/10/25 20:50:14 - mmengine - INFO - Iter(val) [190/237]    eta: 0:00:00  time: 0.0089  data_time: 0.0008  memory: 662  
2025/10/25 20:50:14 - mmengine - INFO - Iter(val) [195/237]    eta: 0:00:00  time: 0.0089  data_time: 0.0008  memory: 662  
2025/10/25 20:50:14 - mmengine - INFO - Iter(val) [200/237]    eta: 0:00:00  time: 0.0088  data_time: 0.0008  memory: 662  
2025/10/25 20:50:14 - mmengine - INFO - Iter(val) [205/237]    eta: 0:00:00  time: 0.0089  data_time: 0.0009  memory: 662  
2025/10/25 20:50:14 - mmengine - INFO - Iter(val) [210/237]    eta: 0:00:00  time: 0.0089  data_time: 0.0009  memory: 662  
2025/10/25 20:50:15 - mmengine - INFO - Iter(val) [215/237]    eta: 0:00:00  time: 0.0091  data_time: 0.0009  memory: 662  
2025/10/25 20:50:15 - mmengine - INFO - Iter(val) [220/237]    eta: 0:00:00  time: 0.0091  data_time: 0.0009  memory: 662  
2025/10/25 20:50:15 - mmengine - INFO - Iter(val) [225/237]    eta: 0:00:00  time: 0.0087  data_time: 0.0008  memory: 662  
2025/10/25 20:50:15 - mmengine - INFO - Iter(val) [230/237]    eta: 0:00:00  time: 0.0087  data_time: 0.0008  memory: 662  
2025/10/25 20:50:15 - mmengine - INFO - Iter(val) [235/237]    eta: 0:00:00  time: 0.0087  data_time: 0.0008  memory: 662  
2025/10/25 20:50:15 - mmengine - INFO - per class results:
2025/10/25 20:50:15 - mmengine - INFO - 
+------------+-------+-------+
|   Class    |  IoU  |  Acc  |
+------------+-------+-------+
| background | 97.35 | 98.62 |
|   crack    | 54.54 | 71.15 |
+------------+-------+-------+
2025/10/25 20:50:15 - mmengine - INFO - Iter(val) [237/237]    aAcc: 97.4300  mIoU: 75.9500  mAcc: 84.8900  data_time: 0.0008  time: 0.0087
2025/10/25 20:50:16 - mmengine - INFO - Iter(train) [ 445/1000]  lr: 5.9330e-03  eta: 0:02:58  time: 0.2880  data_time: 0.0047  memory: 10177  loss: 0.4491  decode.loss_ce: 0.3058  decode.acc_seg: 93.5297  aux.loss_ce: 0.1434  aux.acc_seg: 93.2328
2025/10/25 20:50:18 - mmengine - INFO - Iter(train) [ 450/1000]  lr: 5.8857e-03  eta: 0:02:56  time: 0.2879  data_time: 0.0046  memory: 10177  loss: 0.4382  decode.loss_ce: 0.2978  decode.acc_seg: 96.1072  aux.loss_ce: 0.1403  aux.acc_seg: 95.7257
2025/10/25 20:50:18 - mmengine - INFO - Saving checkpoint at 450 iterations
2025/10/25 20:50:18 - mmengine - INFO - Iter(val) [  5/237]    eta: 0:00:02  time: 0.0095  data_time: 0.0013  memory: 662  
2025/10/25 20:50:18 - mmengine - INFO - Iter(val) [ 10/237]    eta: 0:00:02  time: 0.0095  data_time: 0.0013  memory: 662  
2025/10/25 20:50:18 - mmengine - INFO - Iter(val) [ 15/237]    eta: 0:00:02  time: 0.0086  data_time: 0.0007  memory: 662  
2025/10/25 20:50:18 - mmengine - INFO - Iter(val) [ 20/237]    eta: 0:00:01  time: 0.0086  data_time: 0.0007  memory: 662  
2025/10/25 20:50:18 - mmengine - INFO - Iter(val) [ 25/237]    eta: 0:00:01  time: 0.0086  data_time: 0.0007  memory: 662  
2025/10/25 20:50:18 - mmengine - INFO - Iter(val) [ 30/237]    eta: 0:00:01  time: 0.0087  data_time: 0.0008  memory: 662  
2025/10/25 20:50:18 - mmengine - INFO - Iter(val) [ 35/237]    eta: 0:00:01  time: 0.0089  data_time: 0.0009  memory: 662  
2025/10/25 20:50:18 - mmengine - INFO - Iter(val) [ 40/237]    eta: 0:00:01  time: 0.0089  data_time: 0.0009  memory: 662  
2025/10/25 20:50:19 - mmengine - INFO - Iter(val) [ 45/237]    eta: 0:00:01  time: 0.0089  data_time: 0.0009  memory: 662  
2025/10/25 20:50:19 - mmengine - INFO - Iter(val) [ 50/237]    eta: 0:00:01  time: 0.0089  data_time: 0.0009  memory: 662  
2025/10/25 20:50:19 - mmengine - INFO - Iter(val) [ 55/237]    eta: 0:00:01  time: 0.0089  data_time: 0.0009  memory: 662  
2025/10/25 20:50:19 - mmengine - INFO - Iter(val) [ 60/237]    eta: 0:00:01  time: 0.0088  data_time: 0.0008  memory: 662  
2025/10/25 20:50:19 - mmengine - INFO - Iter(val) [ 65/237]    eta: 0:00:01  time: 0.0087  data_time: 0.0008  memory: 662  
2025/10/25 20:50:19 - mmengine - INFO - Iter(val) [ 70/237]    eta: 0:00:01  time: 0.0087  data_time: 0.0008  memory: 662  
2025/10/25 20:50:19 - mmengine - INFO - Iter(val) [ 75/237]    eta: 0:00:01  time: 0.0089  data_time: 0.0008  memory: 662  
2025/10/25 20:50:19 - mmengine - INFO - Iter(val) [ 80/237]    eta: 0:00:01  time: 0.0090  data_time: 0.0008  memory: 662  
2025/10/25 20:50:19 - mmengine - INFO - Iter(val) [ 85/237]    eta: 0:00:01  time: 0.0087  data_time: 0.0008  memory: 662  
2025/10/25 20:50:19 - mmengine - INFO - Iter(val) [ 90/237]    eta: 0:00:01  time: 0.0087  data_time: 0.0008  memory: 662  
2025/10/25 20:50:19 - mmengine - INFO - Iter(val) [ 95/237]    eta: 0:00:01  time: 0.0087  data_time: 0.0008  memory: 662  
2025/10/25 20:50:19 - mmengine - INFO - Iter(val) [100/237]    eta: 0:00:01  time: 0.0087  data_time: 0.0008  memory: 662  
2025/10/25 20:50:19 - mmengine - INFO - Iter(val) [105/237]    eta: 0:00:01  time: 0.0087  data_time: 0.0008  memory: 662  
2025/10/25 20:50:19 - mmengine - INFO - Iter(val) [110/237]    eta: 0:00:01  time: 0.0087  data_time: 0.0008  memory: 662  
2025/10/25 20:50:19 - mmengine - INFO - Iter(val) [115/237]    eta: 0:00:01  time: 0.0087  data_time: 0.0008  memory: 662  
2025/10/25 20:50:19 - mmengine - INFO - Iter(val) [120/237]    eta: 0:00:01  time: 0.0087  data_time: 0.0008  memory: 662  
2025/10/25 20:50:19 - mmengine - INFO - Iter(val) [125/237]    eta: 0:00:00  time: 0.0088  data_time: 0.0008  memory: 662  
2025/10/25 20:50:19 - mmengine - INFO - Iter(val) [130/237]    eta: 0:00:00  time: 0.0089  data_time: 0.0009  memory: 662  
2025/10/25 20:50:19 - mmengine - INFO - Iter(val) [135/237]    eta: 0:00:00  time: 0.0090  data_time: 0.0009  memory: 662  
2025/10/25 20:50:19 - mmengine - INFO - Iter(val) [140/237]    eta: 0:00:00  time: 0.0089  data_time: 0.0009  memory: 662  
2025/10/25 20:50:19 - mmengine - INFO - Iter(val) [145/237]    eta: 0:00:00  time: 0.0088  data_time: 0.0008  memory: 662  
2025/10/25 20:50:19 - mmengine - INFO - Iter(val) [150/237]    eta: 0:00:00  time: 0.0088  data_time: 0.0008  memory: 662  
2025/10/25 20:50:19 - mmengine - INFO - Iter(val) [155/237]    eta: 0:00:00  time: 0.0087  data_time: 0.0008  memory: 662  
2025/10/25 20:50:20 - mmengine - INFO - Iter(val) [160/237]    eta: 0:00:00  time: 0.0087  data_time: 0.0008  memory: 662  
2025/10/25 20:50:20 - mmengine - INFO - Iter(val) [165/237]    eta: 0:00:00  time: 0.0087  data_time: 0.0008  memory: 662  
2025/10/25 20:50:20 - mmengine - INFO - Iter(val) [170/237]    eta: 0:00:00  time: 0.0087  data_time: 0.0008  memory: 662  
2025/10/25 20:50:20 - mmengine - INFO - Iter(val) [175/237]    eta: 0:00:00  time: 0.0087  data_time: 0.0008  memory: 662  
2025/10/25 20:50:20 - mmengine - INFO - Iter(val) [180/237]    eta: 0:00:00  time: 0.0087  data_time: 0.0008  memory: 662  
2025/10/25 20:50:20 - mmengine - INFO - Iter(val) [185/237]    eta: 0:00:00  time: 0.0087  data_time: 0.0008  memory: 662  
2025/10/25 20:50:20 - mmengine - INFO - Iter(val) [190/237]    eta: 0:00:00  time: 0.0087  data_time: 0.0008  memory: 662  
2025/10/25 20:50:20 - mmengine - INFO - Iter(val) [195/237]    eta: 0:00:00  time: 0.0087  data_time: 0.0008  memory: 662  
2025/10/25 20:50:20 - mmengine - INFO - Iter(val) [200/237]    eta: 0:00:00  time: 0.0088  data_time: 0.0009  memory: 662  
2025/10/25 20:50:20 - mmengine - INFO - Iter(val) [205/237]    eta: 0:00:00  time: 0.0087  data_time: 0.0008  memory: 662  
2025/10/25 20:50:20 - mmengine - INFO - Iter(val) [210/237]    eta: 0:00:00  time: 0.0087  data_time: 0.0008  memory: 662  
2025/10/25 20:50:20 - mmengine - INFO - Iter(val) [215/237]    eta: 0:00:00  time: 0.0088  data_time: 0.0008  memory: 662  
2025/10/25 20:50:20 - mmengine - INFO - Iter(val) [220/237]    eta: 0:00:00  time: 0.0088  data_time: 0.0008  memory: 662  
2025/10/25 20:50:20 - mmengine - INFO - Iter(val) [225/237]    eta: 0:00:00  time: 0.0087  data_time: 0.0008  memory: 662  
2025/10/25 20:50:20 - mmengine - INFO - Iter(val) [230/237]    eta: 0:00:00  time: 0.0087  data_time: 0.0008  memory: 662  
2025/10/25 20:50:20 - mmengine - INFO - Iter(val) [235/237]    eta: 0:00:00  time: 0.0086  data_time: 0.0008  memory: 662  
2025/10/25 20:50:20 - mmengine - INFO - per class results:
2025/10/25 20:50:20 - mmengine - INFO - 
+------------+-------+-------+
|   Class    |  IoU  |  Acc  |
+------------+-------+-------+
| background | 96.37 | 96.97 |
|   crack    | 51.61 | 86.24 |
+------------+-------+-------+
2025/10/25 20:50:20 - mmengine - INFO - Iter(val) [237/237]    aAcc: 96.5000  mIoU: 73.9900  mAcc: 91.6000  data_time: 0.0008  time: 0.0088
2025/10/25 20:50:22 - mmengine - INFO - Iter(train) [ 455/1000]  lr: 5.8383e-03  eta: 0:02:54  time: 0.2879  data_time: 0.0046  memory: 10177  loss: 0.4207  decode.loss_ce: 0.2833  decode.acc_seg: 96.5415  aux.loss_ce: 0.1374  aux.acc_seg: 96.7354
2025/10/25 20:50:23 - mmengine - INFO - Iter(train) [ 460/1000]  lr: 5.7909e-03  eta: 0:02:52  time: 0.2882  data_time: 0.0047  memory: 10177  loss: 0.4094  decode.loss_ce: 0.2734  decode.acc_seg: 96.5983  aux.loss_ce: 0.1360  aux.acc_seg: 96.7827
2025/10/25 20:50:23 - mmengine - INFO - Saving checkpoint at 460 iterations
2025/10/25 20:50:24 - mmengine - INFO - Iter(val) [  5/237]    eta: 0:00:02  time: 0.0092  data_time: 0.0013  memory: 662  
2025/10/25 20:50:24 - mmengine - INFO - Iter(val) [ 10/237]    eta: 0:00:02  time: 0.0091  data_time: 0.0012  memory: 662  
2025/10/25 20:50:24 - mmengine - INFO - Iter(val) [ 15/237]    eta: 0:00:01  time: 0.0086  data_time: 0.0007  memory: 662  
2025/10/25 20:50:24 - mmengine - INFO - Iter(val) [ 20/237]    eta: 0:00:01  time: 0.0088  data_time: 0.0008  memory: 662  
2025/10/25 20:50:24 - mmengine - INFO - Iter(val) [ 25/237]    eta: 0:00:01  time: 0.0090  data_time: 0.0009  memory: 662  
2025/10/25 20:50:24 - mmengine - INFO - Iter(val) [ 30/237]    eta: 0:00:01  time: 0.0089  data_time: 0.0009  memory: 662  
2025/10/25 20:50:24 - mmengine - INFO - Iter(val) [ 35/237]    eta: 0:00:01  time: 0.0087  data_time: 0.0008  memory: 662  
2025/10/25 20:50:24 - mmengine - INFO - Iter(val) [ 40/237]    eta: 0:00:01  time: 0.0087  data_time: 0.0008  memory: 662  
2025/10/25 20:50:24 - mmengine - INFO - Iter(val) [ 45/237]    eta: 0:00:01  time: 0.0087  data_time: 0.0008  memory: 662  
2025/10/25 20:50:24 - mmengine - INFO - Iter(val) [ 50/237]    eta: 0:00:01  time: 0.0087  data_time: 0.0008  memory: 662  
2025/10/25 20:50:24 - mmengine - INFO - Iter(val) [ 55/237]    eta: 0:00:01  time: 0.0087  data_time: 0.0008  memory: 662  
2025/10/25 20:50:24 - mmengine - INFO - Iter(val) [ 60/237]    eta: 0:00:01  time: 0.0087  data_time: 0.0008  memory: 662  
2025/10/25 20:50:24 - mmengine - INFO - Iter(val) [ 65/237]    eta: 0:00:01  time: 0.0087  data_time: 0.0008  memory: 662  
2025/10/25 20:50:24 - mmengine - INFO - Iter(val) [ 70/237]    eta: 0:00:01  time: 0.0087  data_time: 0.0008  memory: 662  
2025/10/25 20:50:24 - mmengine - INFO - Iter(val) [ 75/237]    eta: 0:00:01  time: 0.0087  data_time: 0.0008  memory: 662  
2025/10/25 20:50:24 - mmengine - INFO - Iter(val) [ 80/237]    eta: 0:00:01  time: 0.0086  data_time: 0.0008  memory: 662  
2025/10/25 20:50:24 - mmengine - INFO - Iter(val) [ 85/237]    eta: 0:00:01  time: 0.0087  data_time: 0.0008  memory: 662  
2025/10/25 20:50:24 - mmengine - INFO - Iter(val) [ 90/237]    eta: 0:00:01  time: 0.0088  data_time: 0.0009  memory: 662  
2025/10/25 20:50:25 - mmengine - INFO - Iter(val) [ 95/237]    eta: 0:00:01  time: 0.0164  data_time: 0.0009  memory: 662  
2025/10/25 20:50:25 - mmengine - INFO - Iter(val) [100/237]    eta: 0:00:01  time: 0.0163  data_time: 0.0008  memory: 662  
2025/10/25 20:50:25 - mmengine - INFO - Iter(val) [105/237]    eta: 0:00:01  time: 0.0087  data_time: 0.0008  memory: 662  
2025/10/25 20:50:25 - mmengine - INFO - Iter(val) [110/237]    eta: 0:00:01  time: 0.0086  data_time: 0.0008  memory: 662  
2025/10/25 20:50:25 - mmengine - INFO - Iter(val) [115/237]    eta: 0:00:01  time: 0.0087  data_time: 0.0008  memory: 662  
2025/10/25 20:50:25 - mmengine - INFO - Iter(val) [120/237]    eta: 0:00:01  time: 0.0086  data_time: 0.0008  memory: 662  
2025/10/25 20:50:25 - mmengine - INFO - Iter(val) [125/237]    eta: 0:00:01  time: 0.0086  data_time: 0.0008  memory: 662  
2025/10/25 20:50:25 - mmengine - INFO - Iter(val) [130/237]    eta: 0:00:00  time: 0.0087  data_time: 0.0008  memory: 662  
2025/10/25 20:50:25 - mmengine - INFO - Iter(val) [135/237]    eta: 0:00:00  time: 0.0087  data_time: 0.0008  memory: 662  
2025/10/25 20:50:25 - mmengine - INFO - Iter(val) [140/237]    eta: 0:00:00  time: 0.0087  data_time: 0.0008  memory: 662  
2025/10/25 20:50:25 - mmengine - INFO - Iter(val) [145/237]    eta: 0:00:00  time: 0.0087  data_time: 0.0007  memory: 662  
2025/10/25 20:50:25 - mmengine - INFO - Iter(val) [150/237]    eta: 0:00:00  time: 0.0086  data_time: 0.0007  memory: 662  
2025/10/25 20:50:25 - mmengine - INFO - Iter(val) [155/237]    eta: 0:00:00  time: 0.0087  data_time: 0.0008  memory: 662  
2025/10/25 20:50:25 - mmengine - INFO - Iter(val) [160/237]    eta: 0:00:00  time: 0.0087  data_time: 0.0008  memory: 662  
2025/10/25 20:50:25 - mmengine - INFO - Iter(val) [165/237]    eta: 0:00:00  time: 0.0087  data_time: 0.0008  memory: 662  
2025/10/25 20:50:25 - mmengine - INFO - Iter(val) [170/237]    eta: 0:00:00  time: 0.0087  data_time: 0.0008  memory: 662  
2025/10/25 20:50:25 - mmengine - INFO - Iter(val) [175/237]    eta: 0:00:00  time: 0.0089  data_time: 0.0008  memory: 662  
2025/10/25 20:50:25 - mmengine - INFO - Iter(val) [180/237]    eta: 0:00:00  time: 0.0090  data_time: 0.0008  memory: 662  
2025/10/25 20:50:25 - mmengine - INFO - Iter(val) [185/237]    eta: 0:00:00  time: 0.0091  data_time: 0.0009  memory: 662  
2025/10/25 20:50:25 - mmengine - INFO - Iter(val) [190/237]    eta: 0:00:00  time: 0.0091  data_time: 0.0008  memory: 662  
2025/10/25 20:50:25 - mmengine - INFO - Iter(val) [195/237]    eta: 0:00:00  time: 0.0087  data_time: 0.0008  memory: 662  
2025/10/25 20:50:25 - mmengine - INFO - Iter(val) [200/237]    eta: 0:00:00  time: 0.0088  data_time: 0.0008  memory: 662  
2025/10/25 20:50:25 - mmengine - INFO - Iter(val) [205/237]    eta: 0:00:00  time: 0.0089  data_time: 0.0008  memory: 662  
2025/10/25 20:50:26 - mmengine - INFO - Iter(val) [210/237]    eta: 0:00:00  time: 0.0088  data_time: 0.0008  memory: 662  
2025/10/25 20:50:26 - mmengine - INFO - Iter(val) [215/237]    eta: 0:00:00  time: 0.0087  data_time: 0.0008  memory: 662  
2025/10/25 20:50:26 - mmengine - INFO - Iter(val) [220/237]    eta: 0:00:00  time: 0.0087  data_time: 0.0008  memory: 662  
2025/10/25 20:50:26 - mmengine - INFO - Iter(val) [225/237]    eta: 0:00:00  time: 0.0087  data_time: 0.0008  memory: 662  
2025/10/25 20:50:26 - mmengine - INFO - Iter(val) [230/237]    eta: 0:00:00  time: 0.0087  data_time: 0.0008  memory: 662  
2025/10/25 20:50:26 - mmengine - INFO - Iter(val) [235/237]    eta: 0:00:00  time: 0.0087  data_time: 0.0008  memory: 662  
2025/10/25 20:50:26 - mmengine - INFO - per class results:
2025/10/25 20:50:26 - mmengine - INFO - 
+------------+-------+-------+
|   Class    |  IoU  |  Acc  |
+------------+-------+-------+
| background | 96.47 | 96.97 |
|   crack    | 53.05 | 88.56 |
+------------+-------+-------+
2025/10/25 20:50:26 - mmengine - INFO - Iter(val) [237/237]    aAcc: 96.6100  mIoU: 74.7600  mAcc: 92.7700  data_time: 0.0008  time: 0.0091
2025/10/25 20:50:27 - mmengine - INFO - Iter(train) [ 465/1000]  lr: 5.7434e-03  eta: 0:02:51  time: 0.2884  data_time: 0.0047  memory: 10177  loss: 0.4067  decode.loss_ce: 0.2738  decode.acc_seg: 94.8958  aux.loss_ce: 0.1329  aux.acc_seg: 94.6082
2025/10/25 20:50:29 - mmengine - INFO - Iter(train) [ 470/1000]  lr: 5.6960e-03  eta: 0:02:49  time: 0.2883  data_time: 0.0046  memory: 10177  loss: 0.4623  decode.loss_ce: 0.3180  decode.acc_seg: 93.3670  aux.loss_ce: 0.1444  aux.acc_seg: 92.9575
2025/10/25 20:50:29 - mmengine - INFO - Saving checkpoint at 470 iterations
2025/10/25 20:50:29 - mmengine - INFO - Iter(val) [  5/237]    eta: 0:00:02  time: 0.0093  data_time: 0.0013  memory: 662  
2025/10/25 20:50:29 - mmengine - INFO - Iter(val) [ 10/237]    eta: 0:00:02  time: 0.0092  data_time: 0.0012  memory: 662  
2025/10/25 20:50:29 - mmengine - INFO - Iter(val) [ 15/237]    eta: 0:00:02  time: 0.0086  data_time: 0.0007  memory: 662  
2025/10/25 20:50:29 - mmengine - INFO - Iter(val) [ 20/237]    eta: 0:00:01  time: 0.0087  data_time: 0.0008  memory: 662  
2025/10/25 20:50:29 - mmengine - INFO - Iter(val) [ 25/237]    eta: 0:00:01  time: 0.0087  data_time: 0.0008  memory: 662  
2025/10/25 20:50:29 - mmengine - INFO - Iter(val) [ 30/237]    eta: 0:00:01  time: 0.0087  data_time: 0.0008  memory: 662  
2025/10/25 20:50:29 - mmengine - INFO - Iter(val) [ 35/237]    eta: 0:00:01  time: 0.0087  data_time: 0.0008  memory: 662  
2025/10/25 20:50:30 - mmengine - INFO - Iter(val) [ 40/237]    eta: 0:00:01  time: 0.0087  data_time: 0.0008  memory: 662  
2025/10/25 20:50:30 - mmengine - INFO - Iter(val) [ 45/237]    eta: 0:00:01  time: 0.0087  data_time: 0.0008  memory: 662  
2025/10/25 20:50:30 - mmengine - INFO - Iter(val) [ 50/237]    eta: 0:00:01  time: 0.0087  data_time: 0.0008  memory: 662  
2025/10/25 20:50:30 - mmengine - INFO - Iter(val) [ 55/237]    eta: 0:00:01  time: 0.0087  data_time: 0.0008  memory: 662  
2025/10/25 20:50:30 - mmengine - INFO - Iter(val) [ 60/237]    eta: 0:00:01  time: 0.0088  data_time: 0.0008  memory: 662  
2025/10/25 20:50:30 - mmengine - INFO - Iter(val) [ 65/237]    eta: 0:00:01  time: 0.0090  data_time: 0.0009  memory: 662  
2025/10/25 20:50:30 - mmengine - INFO - Iter(val) [ 70/237]    eta: 0:00:01  time: 0.0093  data_time: 0.0009  memory: 662  
2025/10/25 20:50:30 - mmengine - INFO - Iter(val) [ 75/237]    eta: 0:00:01  time: 0.0104  data_time: 0.0012  memory: 662  
2025/10/25 20:50:30 - mmengine - INFO - Iter(val) [ 80/237]    eta: 0:00:01  time: 0.0101  data_time: 0.0011  memory: 662  
2025/10/25 20:50:30 - mmengine - INFO - Iter(val) [ 85/237]    eta: 0:00:01  time: 0.0088  data_time: 0.0009  memory: 662  
2025/10/25 20:50:30 - mmengine - INFO - Iter(val) [ 90/237]    eta: 0:00:01  time: 0.0087  data_time: 0.0008  memory: 662  
2025/10/25 20:50:30 - mmengine - INFO - Iter(val) [ 95/237]    eta: 0:00:01  time: 0.0088  data_time: 0.0009  memory: 662  
2025/10/25 20:50:30 - mmengine - INFO - Iter(val) [100/237]    eta: 0:00:01  time: 0.0088  data_time: 0.0009  memory: 662  
2025/10/25 20:50:30 - mmengine - INFO - Iter(val) [105/237]    eta: 0:00:01  time: 0.0088  data_time: 0.0008  memory: 662  
2025/10/25 20:50:30 - mmengine - INFO - Iter(val) [110/237]    eta: 0:00:01  time: 0.0088  data_time: 0.0008  memory: 662  
2025/10/25 20:50:30 - mmengine - INFO - Iter(val) [115/237]    eta: 0:00:01  time: 0.0087  data_time: 0.0008  memory: 662  
2025/10/25 20:50:30 - mmengine - INFO - Iter(val) [120/237]    eta: 0:00:01  time: 0.0087  data_time: 0.0008  memory: 662  
2025/10/25 20:50:30 - mmengine - INFO - Iter(val) [125/237]    eta: 0:00:00  time: 0.0087  data_time: 0.0008  memory: 662  
2025/10/25 20:50:30 - mmengine - INFO - Iter(val) [130/237]    eta: 0:00:00  time: 0.0087  data_time: 0.0008  memory: 662  
2025/10/25 20:50:30 - mmengine - INFO - Iter(val) [135/237]    eta: 0:00:00  time: 0.0087  data_time: 0.0008  memory: 662  
2025/10/25 20:50:30 - mmengine - INFO - Iter(val) [140/237]    eta: 0:00:00  time: 0.0089  data_time: 0.0008  memory: 662  
2025/10/25 20:50:30 - mmengine - INFO - Iter(val) [145/237]    eta: 0:00:00  time: 0.0092  data_time: 0.0009  memory: 662  
2025/10/25 20:50:31 - mmengine - INFO - Iter(val) [150/237]    eta: 0:00:00  time: 0.0092  data_time: 0.0009  memory: 662  
2025/10/25 20:50:31 - mmengine - INFO - Iter(val) [155/237]    eta: 0:00:00  time: 0.0090  data_time: 0.0009  memory: 662  
2025/10/25 20:50:31 - mmengine - INFO - Iter(val) [160/237]    eta: 0:00:00  time: 0.0089  data_time: 0.0008  memory: 662  
2025/10/25 20:50:31 - mmengine - INFO - Iter(val) [165/237]    eta: 0:00:00  time: 0.0087  data_time: 0.0007  memory: 662  
2025/10/25 20:50:31 - mmengine - INFO - Iter(val) [170/237]    eta: 0:00:00  time: 0.0086  data_time: 0.0007  memory: 662  
2025/10/25 20:50:31 - mmengine - INFO - Iter(val) [175/237]    eta: 0:00:00  time: 0.0087  data_time: 0.0008  memory: 662  
2025/10/25 20:50:31 - mmengine - INFO - Iter(val) [180/237]    eta: 0:00:00  time: 0.0086  data_time: 0.0008  memory: 662  
2025/10/25 20:50:31 - mmengine - INFO - Iter(val) [185/237]    eta: 0:00:00  time: 0.0086  data_time: 0.0007  memory: 662  
2025/10/25 20:50:31 - mmengine - INFO - Iter(val) [190/237]    eta: 0:00:00  time: 0.0087  data_time: 0.0008  memory: 662  
2025/10/25 20:50:31 - mmengine - INFO - Iter(val) [195/237]    eta: 0:00:00  time: 0.0087  data_time: 0.0008  memory: 662  
2025/10/25 20:50:31 - mmengine - INFO - Iter(val) [200/237]    eta: 0:00:00  time: 0.0087  data_time: 0.0008  memory: 662  
2025/10/25 20:50:31 - mmengine - INFO - Iter(val) [205/237]    eta: 0:00:00  time: 0.0087  data_time: 0.0008  memory: 662  
2025/10/25 20:50:31 - mmengine - INFO - Iter(val) [210/237]    eta: 0:00:00  time: 0.0087  data_time: 0.0008  memory: 662  
2025/10/25 20:50:31 - mmengine - INFO - Iter(val) [215/237]    eta: 0:00:00  time: 0.0087  data_time: 0.0008  memory: 662  
2025/10/25 20:50:31 - mmengine - INFO - Iter(val) [220/237]    eta: 0:00:00  time: 0.0086  data_time: 0.0008  memory: 662  
2025/10/25 20:50:31 - mmengine - INFO - Iter(val) [225/237]    eta: 0:00:00  time: 0.0086  data_time: 0.0007  memory: 662  
2025/10/25 20:50:31 - mmengine - INFO - Iter(val) [230/237]    eta: 0:00:00  time: 0.0086  data_time: 0.0007  memory: 662  
2025/10/25 20:50:31 - mmengine - INFO - Iter(val) [235/237]    eta: 0:00:00  time: 0.0087  data_time: 0.0008  memory: 662  
2025/10/25 20:50:31 - mmengine - INFO - per class results:
2025/10/25 20:50:31 - mmengine - INFO - 
+------------+-------+-------+
|   Class    |  IoU  |  Acc  |
+------------+-------+-------+
| background | 96.92 | 97.55 |
|   crack    |  55.6 | 85.77 |
+------------+-------+-------+
2025/10/25 20:50:31 - mmengine - INFO - Iter(val) [237/237]    aAcc: 97.0400  mIoU: 76.2600  mAcc: 91.6600  data_time: 0.0008  time: 0.0088
2025/10/25 20:50:33 - mmengine - INFO - Iter(train) [ 475/1000]  lr: 5.6484e-03  eta: 0:02:47  time: 0.2882  data_time: 0.0047  memory: 10177  loss: 0.4696  decode.loss_ce: 0.3231  decode.acc_seg: 94.7068  aux.loss_ce: 0.1464  aux.acc_seg: 95.8412
2025/10/25 20:50:34 - mmengine - INFO - Iter(train) [ 480/1000]  lr: 5.6008e-03  eta: 0:02:45  time: 0.2883  data_time: 0.0048  memory: 10177  loss: 0.4490  decode.loss_ce: 0.3046  decode.acc_seg: 92.7273  aux.loss_ce: 0.1444  aux.acc_seg: 94.8481
2025/10/25 20:50:34 - mmengine - INFO - Saving checkpoint at 480 iterations
2025/10/25 20:50:35 - mmengine - INFO - Iter(val) [  5/237]    eta: 0:00:02  time: 0.0094  data_time: 0.0014  memory: 662  
2025/10/25 20:50:35 - mmengine - INFO - Iter(val) [ 10/237]    eta: 0:00:02  time: 0.0093  data_time: 0.0013  memory: 662  
2025/10/25 20:50:35 - mmengine - INFO - Iter(val) [ 15/237]    eta: 0:00:02  time: 0.0086  data_time: 0.0007  memory: 662  
2025/10/25 20:50:35 - mmengine - INFO - Iter(val) [ 20/237]    eta: 0:00:01  time: 0.0087  data_time: 0.0008  memory: 662  
2025/10/25 20:50:35 - mmengine - INFO - Iter(val) [ 25/237]    eta: 0:00:01  time: 0.0087  data_time: 0.0008  memory: 662  
2025/10/25 20:50:35 - mmengine - INFO - Iter(val) [ 30/237]    eta: 0:00:01  time: 0.0089  data_time: 0.0009  memory: 662  
2025/10/25 20:50:35 - mmengine - INFO - Iter(val) [ 35/237]    eta: 0:00:01  time: 0.0092  data_time: 0.0009  memory: 662  
2025/10/25 20:50:35 - mmengine - INFO - Iter(val) [ 40/237]    eta: 0:00:01  time: 0.0097  data_time: 0.0010  memory: 662  
2025/10/25 20:50:35 - mmengine - INFO - Iter(val) [ 45/237]    eta: 0:00:01  time: 0.0093  data_time: 0.0009  memory: 662  
2025/10/25 20:50:35 - mmengine - INFO - Iter(val) [ 50/237]    eta: 0:00:01  time: 0.0086  data_time: 0.0007  memory: 662  
2025/10/25 20:50:35 - mmengine - INFO - Iter(val) [ 55/237]    eta: 0:00:01  time: 0.0086  data_time: 0.0007  memory: 662  
2025/10/25 20:50:35 - mmengine - INFO - Iter(val) [ 60/237]    eta: 0:00:01  time: 0.0086  data_time: 0.0007  memory: 662  
2025/10/25 20:50:35 - mmengine - INFO - Iter(val) [ 65/237]    eta: 0:00:01  time: 0.0087  data_time: 0.0008  memory: 662  
2025/10/25 20:50:35 - mmengine - INFO - Iter(val) [ 70/237]    eta: 0:00:01  time: 0.0088  data_time: 0.0008  memory: 662  
2025/10/25 20:50:35 - mmengine - INFO - Iter(val) [ 75/237]    eta: 0:00:01  time: 0.0087  data_time: 0.0007  memory: 662  
2025/10/25 20:50:35 - mmengine - INFO - Iter(val) [ 80/237]    eta: 0:00:01  time: 0.0087  data_time: 0.0008  memory: 662  
2025/10/25 20:50:35 - mmengine - INFO - Iter(val) [ 85/237]    eta: 0:00:01  time: 0.0086  data_time: 0.0008  memory: 662  
2025/10/25 20:50:36 - mmengine - INFO - Iter(val) [ 90/237]    eta: 0:00:01  time: 0.0087  data_time: 0.0008  memory: 662  
2025/10/25 20:50:36 - mmengine - INFO - Iter(val) [ 95/237]    eta: 0:00:01  time: 0.0087  data_time: 0.0008  memory: 662  
2025/10/25 20:50:36 - mmengine - INFO - Iter(val) [100/237]    eta: 0:00:01  time: 0.0087  data_time: 0.0008  memory: 662  
2025/10/25 20:50:36 - mmengine - INFO - Iter(val) [105/237]    eta: 0:00:01  time: 0.0087  data_time: 0.0008  memory: 662  
2025/10/25 20:50:36 - mmengine - INFO - Iter(val) [110/237]    eta: 0:00:01  time: 0.0087  data_time: 0.0008  memory: 662  
2025/10/25 20:50:36 - mmengine - INFO - Iter(val) [115/237]    eta: 0:00:01  time: 0.0087  data_time: 0.0008  memory: 662  
2025/10/25 20:50:36 - mmengine - INFO - Iter(val) [120/237]    eta: 0:00:01  time: 0.0087  data_time: 0.0008  memory: 662  
2025/10/25 20:50:36 - mmengine - INFO - Iter(val) [125/237]    eta: 0:00:00  time: 0.0086  data_time: 0.0008  memory: 662  
2025/10/25 20:50:36 - mmengine - INFO - Iter(val) [130/237]    eta: 0:00:00  time: 0.0087  data_time: 0.0008  memory: 662  
2025/10/25 20:50:36 - mmengine - INFO - Iter(val) [135/237]    eta: 0:00:00  time: 0.0086  data_time: 0.0008  memory: 662  
2025/10/25 20:50:36 - mmengine - INFO - Iter(val) [140/237]    eta: 0:00:00  time: 0.0086  data_time: 0.0007  memory: 662  
2025/10/25 20:50:36 - mmengine - INFO - Iter(val) [145/237]    eta: 0:00:00  time: 0.0088  data_time: 0.0008  memory: 662  
2025/10/25 20:50:36 - mmengine - INFO - Iter(val) [150/237]    eta: 0:00:00  time: 0.0088  data_time: 0.0008  memory: 662  
2025/10/25 20:50:36 - mmengine - INFO - Iter(val) [155/237]    eta: 0:00:00  time: 0.0087  data_time: 0.0007  memory: 662  
2025/10/25 20:50:36 - mmengine - INFO - Iter(val) [160/237]    eta: 0:00:00  time: 0.0086  data_time: 0.0007  memory: 662  
2025/10/25 20:50:36 - mmengine - INFO - Iter(val) [165/237]    eta: 0:00:00  time: 0.0087  data_time: 0.0008  memory: 662  
2025/10/25 20:50:36 - mmengine - INFO - Iter(val) [170/237]    eta: 0:00:00  time: 0.0087  data_time: 0.0008  memory: 662  
2025/10/25 20:50:36 - mmengine - INFO - Iter(val) [175/237]    eta: 0:00:00  time: 0.0088  data_time: 0.0009  memory: 662  
2025/10/25 20:50:36 - mmengine - INFO - Iter(val) [180/237]    eta: 0:00:00  time: 0.0087  data_time: 0.0008  memory: 662  
2025/10/25 20:50:36 - mmengine - INFO - Iter(val) [185/237]    eta: 0:00:00  time: 0.0087  data_time: 0.0008  memory: 662  
2025/10/25 20:50:36 - mmengine - INFO - Iter(val) [190/237]    eta: 0:00:00  time: 0.0088  data_time: 0.0008  memory: 662  
2025/10/25 20:50:36 - mmengine - INFO - Iter(val) [195/237]    eta: 0:00:00  time: 0.0096  data_time: 0.0010  memory: 662  
2025/10/25 20:50:36 - mmengine - INFO - Iter(val) [200/237]    eta: 0:00:00  time: 0.0096  data_time: 0.0010  memory: 662  
2025/10/25 20:50:37 - mmengine - INFO - Iter(val) [205/237]    eta: 0:00:00  time: 0.0089  data_time: 0.0009  memory: 662  
2025/10/25 20:50:37 - mmengine - INFO - Iter(val) [210/237]    eta: 0:00:00  time: 0.0091  data_time: 0.0009  memory: 662  
2025/10/25 20:50:37 - mmengine - INFO - Iter(val) [215/237]    eta: 0:00:00  time: 0.0090  data_time: 0.0009  memory: 662  
2025/10/25 20:50:37 - mmengine - INFO - Iter(val) [220/237]    eta: 0:00:00  time: 0.0087  data_time: 0.0008  memory: 662  
2025/10/25 20:50:37 - mmengine - INFO - Iter(val) [225/237]    eta: 0:00:00  time: 0.0087  data_time: 0.0008  memory: 662  
2025/10/25 20:50:37 - mmengine - INFO - Iter(val) [230/237]    eta: 0:00:00  time: 0.0087  data_time: 0.0008  memory: 662  
2025/10/25 20:50:37 - mmengine - INFO - Iter(val) [235/237]    eta: 0:00:00  time: 0.0086  data_time: 0.0008  memory: 662  
2025/10/25 20:50:37 - mmengine - INFO - per class results:
2025/10/25 20:50:37 - mmengine - INFO - 
+------------+-------+-------+
|   Class    |  IoU  |  Acc  |
+------------+-------+-------+
| background | 95.82 | 96.47 |
|   crack    | 47.67 | 84.85 |
+------------+-------+-------+
2025/10/25 20:50:37 - mmengine - INFO - Iter(val) [237/237]    aAcc: 95.9700  mIoU: 71.7400  mAcc: 90.6600  data_time: 0.0008  time: 0.0088
2025/10/25 20:50:38 - mmengine - INFO - Iter(train) [ 485/1000]  lr: 5.5532e-03  eta: 0:02:44  time: 0.2882  data_time: 0.0047  memory: 10177  loss: 0.4590  decode.loss_ce: 0.3089  decode.acc_seg: 95.1418  aux.loss_ce: 0.1501  aux.acc_seg: 95.4224
2025/10/25 20:50:40 - mmengine - INFO - Iter(train) [ 490/1000]  lr: 5.5055e-03  eta: 0:02:42  time: 0.2880  data_time: 0.0046  memory: 10177  loss: 0.4280  decode.loss_ce: 0.2893  decode.acc_seg: 95.6180  aux.loss_ce: 0.1387  aux.acc_seg: 96.0360
2025/10/25 20:50:40 - mmengine - INFO - Saving checkpoint at 490 iterations
2025/10/25 20:50:40 - mmengine - INFO - Iter(val) [  5/237]    eta: 0:00:02  time: 0.0093  data_time: 0.0013  memory: 662  
2025/10/25 20:50:40 - mmengine - INFO - Iter(val) [ 10/237]    eta: 0:00:02  time: 0.0092  data_time: 0.0012  memory: 662  
2025/10/25 20:50:40 - mmengine - INFO - Iter(val) [ 15/237]    eta: 0:00:02  time: 0.0087  data_time: 0.0007  memory: 662  
2025/10/25 20:50:40 - mmengine - INFO - Iter(val) [ 20/237]    eta: 0:00:01  time: 0.0091  data_time: 0.0009  memory: 662  
2025/10/25 20:50:40 - mmengine - INFO - Iter(val) [ 25/237]    eta: 0:00:01  time: 0.0090  data_time: 0.0009  memory: 662  
2025/10/25 20:50:41 - mmengine - INFO - Iter(val) [ 30/237]    eta: 0:00:01  time: 0.0088  data_time: 0.0008  memory: 662  
2025/10/25 20:50:41 - mmengine - INFO - Iter(val) [ 35/237]    eta: 0:00:01  time: 0.0088  data_time: 0.0008  memory: 662  
2025/10/25 20:50:41 - mmengine - INFO - Iter(val) [ 40/237]    eta: 0:00:01  time: 0.0087  data_time: 0.0008  memory: 662  
2025/10/25 20:50:41 - mmengine - INFO - Iter(val) [ 45/237]    eta: 0:00:01  time: 0.0087  data_time: 0.0008  memory: 662  
2025/10/25 20:50:41 - mmengine - INFO - Iter(val) [ 50/237]    eta: 0:00:01  time: 0.0088  data_time: 0.0008  memory: 662  
2025/10/25 20:50:41 - mmengine - INFO - Iter(val) [ 55/237]    eta: 0:00:01  time: 0.0093  data_time: 0.0009  memory: 662  
2025/10/25 20:50:41 - mmengine - INFO - Iter(val) [ 60/237]    eta: 0:00:01  time: 0.0093  data_time: 0.0009  memory: 662  
2025/10/25 20:50:41 - mmengine - INFO - Iter(val) [ 65/237]    eta: 0:00:01  time: 0.0087  data_time: 0.0008  memory: 662  
2025/10/25 20:50:41 - mmengine - INFO - Iter(val) [ 70/237]    eta: 0:00:01  time: 0.0087  data_time: 0.0008  memory: 662  
2025/10/25 20:50:41 - mmengine - INFO - Iter(val) [ 75/237]    eta: 0:00:01  time: 0.0087  data_time: 0.0008  memory: 662  
2025/10/25 20:50:41 - mmengine - INFO - Iter(val) [ 80/237]    eta: 0:00:01  time: 0.0088  data_time: 0.0008  memory: 662  
2025/10/25 20:50:41 - mmengine - INFO - Iter(val) [ 85/237]    eta: 0:00:01  time: 0.0087  data_time: 0.0008  memory: 662  
2025/10/25 20:50:41 - mmengine - INFO - Iter(val) [ 90/237]    eta: 0:00:01  time: 0.0087  data_time: 0.0008  memory: 662  
2025/10/25 20:50:41 - mmengine - INFO - Iter(val) [ 95/237]    eta: 0:00:01  time: 0.0088  data_time: 0.0008  memory: 662  
2025/10/25 20:50:41 - mmengine - INFO - Iter(val) [100/237]    eta: 0:00:01  time: 0.0088  data_time: 0.0008  memory: 662  
2025/10/25 20:50:41 - mmengine - INFO - Iter(val) [105/237]    eta: 0:00:01  time: 0.0087  data_time: 0.0008  memory: 662  
2025/10/25 20:50:41 - mmengine - INFO - Iter(val) [110/237]    eta: 0:00:01  time: 0.0087  data_time: 0.0008  memory: 662  
2025/10/25 20:50:41 - mmengine - INFO - Iter(val) [115/237]    eta: 0:00:01  time: 0.0089  data_time: 0.0008  memory: 662  
2025/10/25 20:50:41 - mmengine - INFO - Iter(val) [120/237]    eta: 0:00:01  time: 0.0089  data_time: 0.0008  memory: 662  
2025/10/25 20:50:41 - mmengine - INFO - Iter(val) [125/237]    eta: 0:00:00  time: 0.0087  data_time: 0.0008  memory: 662  
2025/10/25 20:50:41 - mmengine - INFO - Iter(val) [130/237]    eta: 0:00:00  time: 0.0087  data_time: 0.0008  memory: 662  
2025/10/25 20:50:41 - mmengine - INFO - Iter(val) [135/237]    eta: 0:00:00  time: 0.0087  data_time: 0.0008  memory: 662  
2025/10/25 20:50:41 - mmengine - INFO - Iter(val) [140/237]    eta: 0:00:00  time: 0.0087  data_time: 0.0008  memory: 662  
2025/10/25 20:50:42 - mmengine - INFO - Iter(val) [145/237]    eta: 0:00:00  time: 0.0087  data_time: 0.0008  memory: 662  
2025/10/25 20:50:42 - mmengine - INFO - Iter(val) [150/237]    eta: 0:00:00  time: 0.0087  data_time: 0.0008  memory: 662  
2025/10/25 20:50:42 - mmengine - INFO - Iter(val) [155/237]    eta: 0:00:00  time: 0.0087  data_time: 0.0008  memory: 662  
2025/10/25 20:50:42 - mmengine - INFO - Iter(val) [160/237]    eta: 0:00:00  time: 0.0087  data_time: 0.0008  memory: 662  
2025/10/25 20:50:42 - mmengine - INFO - Iter(val) [165/237]    eta: 0:00:00  time: 0.0087  data_time: 0.0008  memory: 662  
2025/10/25 20:50:42 - mmengine - INFO - Iter(val) [170/237]    eta: 0:00:00  time: 0.0088  data_time: 0.0008  memory: 662  
2025/10/25 20:50:42 - mmengine - INFO - Iter(val) [175/237]    eta: 0:00:00  time: 0.0097  data_time: 0.0010  memory: 662  
2025/10/25 20:50:42 - mmengine - INFO - Iter(val) [180/237]    eta: 0:00:00  time: 0.0098  data_time: 0.0010  memory: 662  
2025/10/25 20:50:42 - mmengine - INFO - Iter(val) [185/237]    eta: 0:00:00  time: 0.0089  data_time: 0.0009  memory: 662  
2025/10/25 20:50:42 - mmengine - INFO - Iter(val) [190/237]    eta: 0:00:00  time: 0.0088  data_time: 0.0008  memory: 662  
2025/10/25 20:50:42 - mmengine - INFO - Iter(val) [195/237]    eta: 0:00:00  time: 0.0087  data_time: 0.0008  memory: 662  
2025/10/25 20:50:42 - mmengine - INFO - Iter(val) [200/237]    eta: 0:00:00  time: 0.0087  data_time: 0.0008  memory: 662  
2025/10/25 20:50:42 - mmengine - INFO - Iter(val) [205/237]    eta: 0:00:00  time: 0.0087  data_time: 0.0008  memory: 662  
2025/10/25 20:50:42 - mmengine - INFO - Iter(val) [210/237]    eta: 0:00:00  time: 0.0087  data_time: 0.0008  memory: 662  
2025/10/25 20:50:42 - mmengine - INFO - Iter(val) [215/237]    eta: 0:00:00  time: 0.0087  data_time: 0.0008  memory: 662  
2025/10/25 20:50:42 - mmengine - INFO - Iter(val) [220/237]    eta: 0:00:00  time: 0.0087  data_time: 0.0008  memory: 662  
2025/10/25 20:50:42 - mmengine - INFO - Iter(val) [225/237]    eta: 0:00:00  time: 0.0087  data_time: 0.0008  memory: 662  
2025/10/25 20:50:42 - mmengine - INFO - Iter(val) [230/237]    eta: 0:00:00  time: 0.0087  data_time: 0.0008  memory: 662  
2025/10/25 20:50:42 - mmengine - INFO - Iter(val) [235/237]    eta: 0:00:00  time: 0.0087  data_time: 0.0008  memory: 662  
2025/10/25 20:50:42 - mmengine - INFO - per class results:
2025/10/25 20:50:42 - mmengine - INFO - 
+------------+-------+-------+
|   Class    |  IoU  |  Acc  |
+------------+-------+-------+
| background | 96.68 | 97.25 |
|   crack    | 54.02 | 86.82 |
+------------+-------+-------+
2025/10/25 20:50:42 - mmengine - INFO - Iter(val) [237/237]    aAcc: 96.8000  mIoU: 75.3500  mAcc: 92.0400  data_time: 0.0008  time: 0.0088
2025/10/25 20:50:44 - mmengine - INFO - Iter(train) [ 495/1000]  lr: 5.4578e-03  eta: 0:02:40  time: 0.2881  data_time: 0.0047  memory: 10177  loss: 0.3996  decode.loss_ce: 0.2707  decode.acc_seg: 96.3338  aux.loss_ce: 0.1289  aux.acc_seg: 95.8088
2025/10/25 20:50:45 - mmengine - INFO - Iter(train) [ 500/1000]  lr: 5.4101e-03  eta: 0:02:38  time: 0.2880  data_time: 0.0046  memory: 10177  loss: 0.4035  decode.loss_ce: 0.2736  decode.acc_seg: 95.8567  aux.loss_ce: 0.1299  aux.acc_seg: 95.6114
2025/10/25 20:50:45 - mmengine - INFO - Saving checkpoint at 500 iterations
2025/10/25 20:50:46 - mmengine - INFO - Iter(val) [  5/237]    eta: 0:00:02  time: 0.0091  data_time: 0.0012  memory: 662  
2025/10/25 20:50:46 - mmengine - INFO - Iter(val) [ 10/237]    eta: 0:00:02  time: 0.0091  data_time: 0.0011  memory: 662  
2025/10/25 20:50:46 - mmengine - INFO - Iter(val) [ 15/237]    eta: 0:00:01  time: 0.0086  data_time: 0.0007  memory: 662  
2025/10/25 20:50:46 - mmengine - INFO - Iter(val) [ 20/237]    eta: 0:00:01  time: 0.0087  data_time: 0.0008  memory: 662  
2025/10/25 20:50:46 - mmengine - INFO - Iter(val) [ 25/237]    eta: 0:00:01  time: 0.0086  data_time: 0.0007  memory: 662  
2025/10/25 20:50:46 - mmengine - INFO - Iter(val) [ 30/237]    eta: 0:00:01  time: 0.0086  data_time: 0.0007  memory: 662  
2025/10/25 20:50:46 - mmengine - INFO - Iter(val) [ 35/237]    eta: 0:00:01  time: 0.0087  data_time: 0.0008  memory: 662  
2025/10/25 20:50:46 - mmengine - INFO - Iter(val) [ 40/237]    eta: 0:00:01  time: 0.0087  data_time: 0.0008  memory: 662  
2025/10/25 20:50:46 - mmengine - INFO - Iter(val) [ 45/237]    eta: 0:00:01  time: 0.0092  data_time: 0.0009  memory: 662  
2025/10/25 20:50:46 - mmengine - INFO - Iter(val) [ 50/237]    eta: 0:00:01  time: 0.0095  data_time: 0.0010  memory: 662  
2025/10/25 20:50:46 - mmengine - INFO - Iter(val) [ 55/237]    eta: 0:00:01  time: 0.0090  data_time: 0.0009  memory: 662  
2025/10/25 20:50:46 - mmengine - INFO - Iter(val) [ 60/237]    eta: 0:00:01  time: 0.0089  data_time: 0.0008  memory: 662  
2025/10/25 20:50:46 - mmengine - INFO - Iter(val) [ 65/237]    eta: 0:00:01  time: 0.0088  data_time: 0.0008  memory: 662  
2025/10/25 20:50:46 - mmengine - INFO - Iter(val) [ 70/237]    eta: 0:00:01  time: 0.0089  data_time: 0.0009  memory: 662  
2025/10/25 20:50:46 - mmengine - INFO - Iter(val) [ 75/237]    eta: 0:00:01  time: 0.0092  data_time: 0.0009  memory: 662  
2025/10/25 20:50:47 - mmengine - INFO - Iter(val) [ 80/237]    eta: 0:00:01  time: 0.0090  data_time: 0.0009  memory: 662  
2025/10/25 20:50:47 - mmengine - INFO - Iter(val) [ 85/237]    eta: 0:00:01  time: 0.0087  data_time: 0.0008  memory: 662  
2025/10/25 20:50:47 - mmengine - INFO - Iter(val) [ 90/237]    eta: 0:00:01  time: 0.0087  data_time: 0.0008  memory: 662  
2025/10/25 20:50:47 - mmengine - INFO - Iter(val) [ 95/237]    eta: 0:00:01  time: 0.0086  data_time: 0.0007  memory: 662  
2025/10/25 20:50:47 - mmengine - INFO - Iter(val) [100/237]    eta: 0:00:01  time: 0.0086  data_time: 0.0007  memory: 662  
2025/10/25 20:50:47 - mmengine - INFO - Iter(val) [105/237]    eta: 0:00:01  time: 0.0086  data_time: 0.0008  memory: 662  
2025/10/25 20:50:47 - mmengine - INFO - Iter(val) [110/237]    eta: 0:00:01  time: 0.0086  data_time: 0.0008  memory: 662  
2025/10/25 20:50:47 - mmengine - INFO - Iter(val) [115/237]    eta: 0:00:01  time: 0.0086  data_time: 0.0007  memory: 662  
2025/10/25 20:50:47 - mmengine - INFO - Iter(val) [120/237]    eta: 0:00:01  time: 0.0086  data_time: 0.0007  memory: 662  
2025/10/25 20:50:47 - mmengine - INFO - Iter(val) [125/237]    eta: 0:00:00  time: 0.0086  data_time: 0.0007  memory: 662  
2025/10/25 20:50:47 - mmengine - INFO - Iter(val) [130/237]    eta: 0:00:00  time: 0.0086  data_time: 0.0007  memory: 662  
2025/10/25 20:50:47 - mmengine - INFO - Iter(val) [135/237]    eta: 0:00:00  time: 0.0086  data_time: 0.0007  memory: 662  
2025/10/25 20:50:47 - mmengine - INFO - Iter(val) [140/237]    eta: 0:00:00  time: 0.0086  data_time: 0.0008  memory: 662  
2025/10/25 20:50:47 - mmengine - INFO - Iter(val) [145/237]    eta: 0:00:00  time: 0.0086  data_time: 0.0008  memory: 662  
2025/10/25 20:50:47 - mmengine - INFO - Iter(val) [150/237]    eta: 0:00:00  time: 0.0087  data_time: 0.0007  memory: 662  
2025/10/25 20:50:47 - mmengine - INFO - Iter(val) [155/237]    eta: 0:00:00  time: 0.0087  data_time: 0.0008  memory: 662  
2025/10/25 20:50:47 - mmengine - INFO - Iter(val) [160/237]    eta: 0:00:00  time: 0.0087  data_time: 0.0008  memory: 662  
2025/10/25 20:50:47 - mmengine - INFO - Iter(val) [165/237]    eta: 0:00:00  time: 0.0086  data_time: 0.0007  memory: 662  
2025/10/25 20:50:47 - mmengine - INFO - Iter(val) [170/237]    eta: 0:00:00  time: 0.0086  data_time: 0.0007  memory: 662  
2025/10/25 20:50:47 - mmengine - INFO - Iter(val) [175/237]    eta: 0:00:00  time: 0.0086  data_time: 0.0007  memory: 662  
2025/10/25 20:50:47 - mmengine - INFO - Iter(val) [180/237]    eta: 0:00:00  time: 0.0086  data_time: 0.0008  memory: 662  
2025/10/25 20:50:47 - mmengine - INFO - Iter(val) [185/237]    eta: 0:00:00  time: 0.0087  data_time: 0.0008  memory: 662  
2025/10/25 20:50:47 - mmengine - INFO - Iter(val) [190/237]    eta: 0:00:00  time: 0.0087  data_time: 0.0007  memory: 662  
2025/10/25 20:50:48 - mmengine - INFO - Iter(val) [195/237]    eta: 0:00:00  time: 0.0086  data_time: 0.0007  memory: 662  
2025/10/25 20:50:48 - mmengine - INFO - Iter(val) [200/237]    eta: 0:00:00  time: 0.0086  data_time: 0.0007  memory: 662  
2025/10/25 20:50:48 - mmengine - INFO - Iter(val) [205/237]    eta: 0:00:00  time: 0.0086  data_time: 0.0008  memory: 662  
2025/10/25 20:50:48 - mmengine - INFO - Iter(val) [210/237]    eta: 0:00:00  time: 0.0086  data_time: 0.0008  memory: 662  
2025/10/25 20:50:48 - mmengine - INFO - Iter(val) [215/237]    eta: 0:00:00  time: 0.0086  data_time: 0.0007  memory: 662  
2025/10/25 20:50:48 - mmengine - INFO - Iter(val) [220/237]    eta: 0:00:00  time: 0.0086  data_time: 0.0007  memory: 662  
2025/10/25 20:50:48 - mmengine - INFO - Iter(val) [225/237]    eta: 0:00:00  time: 0.0095  data_time: 0.0009  memory: 662  
2025/10/25 20:50:48 - mmengine - INFO - Iter(val) [230/237]    eta: 0:00:00  time: 0.0095  data_time: 0.0009  memory: 662  
2025/10/25 20:50:48 - mmengine - INFO - Iter(val) [235/237]    eta: 0:00:00  time: 0.0086  data_time: 0.0007  memory: 662  
2025/10/25 20:50:48 - mmengine - INFO - per class results:
2025/10/25 20:50:48 - mmengine - INFO - 
+------------+-------+-------+
|   Class    |  IoU  |  Acc  |
+------------+-------+-------+
| background | 97.19 | 97.78 |
|   crack    | 57.98 | 86.39 |
+------------+-------+-------+
2025/10/25 20:50:48 - mmengine - INFO - Iter(val) [237/237]    aAcc: 97.2900  mIoU: 77.5800  mAcc: 92.0900  data_time: 0.0008  time: 0.0088
2025/10/25 20:50:49 - mmengine - INFO - Iter(train) [ 505/1000]  lr: 5.3622e-03  eta: 0:02:37  time: 0.2879  data_time: 0.0045  memory: 10177  loss: 0.4236  decode.loss_ce: 0.2891  decode.acc_seg: 94.1483  aux.loss_ce: 0.1345  aux.acc_seg: 94.2773
2025/10/25 20:50:51 - mmengine - INFO - Iter(train) [ 510/1000]  lr: 5.3144e-03  eta: 0:02:35  time: 0.2878  data_time: 0.0045  memory: 10177  loss: 0.4523  decode.loss_ce: 0.3100  decode.acc_seg: 96.1388  aux.loss_ce: 0.1423  aux.acc_seg: 96.1595
2025/10/25 20:50:51 - mmengine - INFO - Saving checkpoint at 510 iterations
2025/10/25 20:50:51 - mmengine - INFO - Iter(val) [  5/237]    eta: 0:00:02  time: 0.0091  data_time: 0.0011  memory: 662  
2025/10/25 20:50:51 - mmengine - INFO - Iter(val) [ 10/237]    eta: 0:00:02  time: 0.0091  data_time: 0.0012  memory: 662  
2025/10/25 20:50:51 - mmengine - INFO - Iter(val) [ 15/237]    eta: 0:00:01  time: 0.0087  data_time: 0.0008  memory: 662  
2025/10/25 20:50:51 - mmengine - INFO - Iter(val) [ 20/237]    eta: 0:00:01  time: 0.0087  data_time: 0.0008  memory: 662  
2025/10/25 20:50:52 - mmengine - INFO - Iter(val) [ 25/237]    eta: 0:00:01  time: 0.0087  data_time: 0.0008  memory: 662  
2025/10/25 20:50:52 - mmengine - INFO - Iter(val) [ 30/237]    eta: 0:00:01  time: 0.0086  data_time: 0.0008  memory: 662  
2025/10/25 20:50:52 - mmengine - INFO - Iter(val) [ 35/237]    eta: 0:00:01  time: 0.0086  data_time: 0.0007  memory: 662  
2025/10/25 20:50:52 - mmengine - INFO - Iter(val) [ 40/237]    eta: 0:00:01  time: 0.0086  data_time: 0.0007  memory: 662  
2025/10/25 20:50:52 - mmengine - INFO - Iter(val) [ 45/237]    eta: 0:00:01  time: 0.0086  data_time: 0.0007  memory: 662  
2025/10/25 20:50:52 - mmengine - INFO - Iter(val) [ 50/237]    eta: 0:00:01  time: 0.0087  data_time: 0.0008  memory: 662  
2025/10/25 20:50:52 - mmengine - INFO - Iter(val) [ 55/237]    eta: 0:00:01  time: 0.0087  data_time: 0.0008  memory: 662  
2025/10/25 20:50:52 - mmengine - INFO - Iter(val) [ 60/237]    eta: 0:00:01  time: 0.0088  data_time: 0.0008  memory: 662  
2025/10/25 20:50:52 - mmengine - INFO - Iter(val) [ 65/237]    eta: 0:00:01  time: 0.0087  data_time: 0.0008  memory: 662  
2025/10/25 20:50:52 - mmengine - INFO - Iter(val) [ 70/237]    eta: 0:00:01  time: 0.0087  data_time: 0.0008  memory: 662  
2025/10/25 20:50:52 - mmengine - INFO - Iter(val) [ 75/237]    eta: 0:00:01  time: 0.0086  data_time: 0.0007  memory: 662  
2025/10/25 20:50:52 - mmengine - INFO - Iter(val) [ 80/237]    eta: 0:00:01  time: 0.0086  data_time: 0.0008  memory: 662  
2025/10/25 20:50:52 - mmengine - INFO - Iter(val) [ 85/237]    eta: 0:00:01  time: 0.0087  data_time: 0.0008  memory: 662  
2025/10/25 20:50:52 - mmengine - INFO - Iter(val) [ 90/237]    eta: 0:00:01  time: 0.0087  data_time: 0.0008  memory: 662  
2025/10/25 20:50:52 - mmengine - INFO - Iter(val) [ 95/237]    eta: 0:00:01  time: 0.0087  data_time: 0.0008  memory: 662  
2025/10/25 20:50:52 - mmengine - INFO - Iter(val) [100/237]    eta: 0:00:01  time: 0.0088  data_time: 0.0008  memory: 662  
2025/10/25 20:50:52 - mmengine - INFO - Iter(val) [105/237]    eta: 0:00:01  time: 0.0088  data_time: 0.0008  memory: 662  
2025/10/25 20:50:52 - mmengine - INFO - Iter(val) [110/237]    eta: 0:00:01  time: 0.0088  data_time: 0.0008  memory: 662  
2025/10/25 20:50:52 - mmengine - INFO - Iter(val) [115/237]    eta: 0:00:01  time: 0.0088  data_time: 0.0008  memory: 662  
2025/10/25 20:50:52 - mmengine - INFO - Iter(val) [120/237]    eta: 0:00:01  time: 0.0087  data_time: 0.0008  memory: 662  
2025/10/25 20:50:52 - mmengine - INFO - Iter(val) [125/237]    eta: 0:00:00  time: 0.0089  data_time: 0.0008  memory: 662  
2025/10/25 20:50:52 - mmengine - INFO - Iter(val) [130/237]    eta: 0:00:00  time: 0.0090  data_time: 0.0008  memory: 662  
2025/10/25 20:50:52 - mmengine - INFO - Iter(val) [135/237]    eta: 0:00:00  time: 0.0091  data_time: 0.0008  memory: 662  
2025/10/25 20:50:53 - mmengine - INFO - Iter(val) [140/237]    eta: 0:00:00  time: 0.0089  data_time: 0.0008  memory: 662  
2025/10/25 20:50:53 - mmengine - INFO - Iter(val) [145/237]    eta: 0:00:00  time: 0.0087  data_time: 0.0007  memory: 662  
2025/10/25 20:50:53 - mmengine - INFO - Iter(val) [150/237]    eta: 0:00:00  time: 0.0087  data_time: 0.0007  memory: 662  
2025/10/25 20:50:53 - mmengine - INFO - Iter(val) [155/237]    eta: 0:00:00  time: 0.0087  data_time: 0.0008  memory: 662  
2025/10/25 20:50:53 - mmengine - INFO - Iter(val) [160/237]    eta: 0:00:00  time: 0.0087  data_time: 0.0008  memory: 662  
2025/10/25 20:50:53 - mmengine - INFO - Iter(val) [165/237]    eta: 0:00:00  time: 0.0087  data_time: 0.0008  memory: 662  
2025/10/25 20:50:53 - mmengine - INFO - Iter(val) [170/237]    eta: 0:00:00  time: 0.0087  data_time: 0.0008  memory: 662  
2025/10/25 20:50:53 - mmengine - INFO - Iter(val) [175/237]    eta: 0:00:00  time: 0.0087  data_time: 0.0008  memory: 662  
2025/10/25 20:50:53 - mmengine - INFO - Iter(val) [180/237]    eta: 0:00:00  time: 0.0087  data_time: 0.0008  memory: 662  
2025/10/25 20:50:53 - mmengine - INFO - Iter(val) [185/237]    eta: 0:00:00  time: 0.0087  data_time: 0.0008  memory: 662  
2025/10/25 20:50:53 - mmengine - INFO - Iter(val) [190/237]    eta: 0:00:00  time: 0.0087  data_time: 0.0008  memory: 662  
2025/10/25 20:50:53 - mmengine - INFO - Iter(val) [195/237]    eta: 0:00:00  time: 0.0088  data_time: 0.0009  memory: 662  
2025/10/25 20:50:53 - mmengine - INFO - Iter(val) [200/237]    eta: 0:00:00  time: 0.0090  data_time: 0.0009  memory: 662  
2025/10/25 20:50:53 - mmengine - INFO - Iter(val) [205/237]    eta: 0:00:00  time: 0.0089  data_time: 0.0009  memory: 662  
2025/10/25 20:50:53 - mmengine - INFO - Iter(val) [210/237]    eta: 0:00:00  time: 0.0087  data_time: 0.0008  memory: 662  
2025/10/25 20:50:53 - mmengine - INFO - Iter(val) [215/237]    eta: 0:00:00  time: 0.0087  data_time: 0.0008  memory: 662  
2025/10/25 20:50:53 - mmengine - INFO - Iter(val) [220/237]    eta: 0:00:00  time: 0.0088  data_time: 0.0008  memory: 662  
2025/10/25 20:50:53 - mmengine - INFO - Iter(val) [225/237]    eta: 0:00:00  time: 0.0088  data_time: 0.0009  memory: 662  
2025/10/25 20:50:53 - mmengine - INFO - Iter(val) [230/237]    eta: 0:00:00  time: 0.0088  data_time: 0.0009  memory: 662  
2025/10/25 20:50:53 - mmengine - INFO - Iter(val) [235/237]    eta: 0:00:00  time: 0.0088  data_time: 0.0008  memory: 662  
2025/10/25 20:50:53 - mmengine - INFO - per class results:
2025/10/25 20:50:53 - mmengine - INFO - 
+------------+-------+-------+
|   Class    |  IoU  |  Acc  |
+------------+-------+-------+
| background | 97.68 | 98.76 |
|   crack    | 59.26 | 75.48 |
+------------+-------+-------+
2025/10/25 20:50:53 - mmengine - INFO - Iter(val) [237/237]    aAcc: 97.7600  mIoU: 78.4700  mAcc: 87.1200  data_time: 0.0008  time: 0.0088
2025/10/25 20:50:55 - mmengine - INFO - Iter(train) [ 515/1000]  lr: 5.2665e-03  eta: 0:02:33  time: 0.2880  data_time: 0.0046  memory: 10177  loss: 0.4406  decode.loss_ce: 0.3016  decode.acc_seg: 92.7496  aux.loss_ce: 0.1390  aux.acc_seg: 95.4961
2025/10/25 20:50:56 - mmengine - INFO - Iter(train) [ 520/1000]  lr: 5.2185e-03  eta: 0:02:31  time: 0.2879  data_time: 0.0046  memory: 10177  loss: 0.3944  decode.loss_ce: 0.2667  decode.acc_seg: 93.6930  aux.loss_ce: 0.1278  aux.acc_seg: 95.2803
2025/10/25 20:50:56 - mmengine - INFO - Saving checkpoint at 520 iterations
2025/10/25 20:50:57 - mmengine - INFO - Iter(val) [  5/237]    eta: 0:00:02  time: 0.0093  data_time: 0.0013  memory: 662  
2025/10/25 20:50:57 - mmengine - INFO - Iter(val) [ 10/237]    eta: 0:00:02  time: 0.0092  data_time: 0.0012  memory: 662  
2025/10/25 20:50:57 - mmengine - INFO - Iter(val) [ 15/237]    eta: 0:00:01  time: 0.0086  data_time: 0.0007  memory: 662  
2025/10/25 20:50:57 - mmengine - INFO - Iter(val) [ 20/237]    eta: 0:00:01  time: 0.0086  data_time: 0.0007  memory: 662  
2025/10/25 20:50:57 - mmengine - INFO - Iter(val) [ 25/237]    eta: 0:00:01  time: 0.0086  data_time: 0.0007  memory: 662  
2025/10/25 20:50:57 - mmengine - INFO - Iter(val) [ 30/237]    eta: 0:00:01  time: 0.0086  data_time: 0.0007  memory: 662  
2025/10/25 20:50:57 - mmengine - INFO - Iter(val) [ 35/237]    eta: 0:00:01  time: 0.0086  data_time: 0.0007  memory: 662  
2025/10/25 20:50:57 - mmengine - INFO - Iter(val) [ 40/237]    eta: 0:00:01  time: 0.0086  data_time: 0.0007  memory: 662  
2025/10/25 20:50:57 - mmengine - INFO - Iter(val) [ 45/237]    eta: 0:00:01  time: 0.0086  data_time: 0.0007  memory: 662  
2025/10/25 20:50:57 - mmengine - INFO - Iter(val) [ 50/237]    eta: 0:00:01  time: 0.0085  data_time: 0.0007  memory: 662  
2025/10/25 20:50:57 - mmengine - INFO - Iter(val) [ 55/237]    eta: 0:00:01  time: 0.0085  data_time: 0.0007  memory: 662  
2025/10/25 20:50:57 - mmengine - INFO - Iter(val) [ 60/237]    eta: 0:00:01  time: 0.0086  data_time: 0.0007  memory: 662  
2025/10/25 20:50:57 - mmengine - INFO - Iter(val) [ 65/237]    eta: 0:00:01  time: 0.0087  data_time: 0.0008  memory: 662  
2025/10/25 20:50:57 - mmengine - INFO - Iter(val) [ 70/237]    eta: 0:00:01  time: 0.0087  data_time: 0.0008  memory: 662  
2025/10/25 20:50:57 - mmengine - INFO - Iter(val) [ 75/237]    eta: 0:00:01  time: 0.0086  data_time: 0.0008  memory: 662  
2025/10/25 20:50:58 - mmengine - INFO - Iter(val) [ 80/237]    eta: 0:00:01  time: 0.0087  data_time: 0.0008  memory: 662  
2025/10/25 20:50:58 - mmengine - INFO - Iter(val) [ 85/237]    eta: 0:00:01  time: 0.0088  data_time: 0.0008  memory: 662  
2025/10/25 20:50:58 - mmengine - INFO - Iter(val) [ 90/237]    eta: 0:00:01  time: 0.0089  data_time: 0.0008  memory: 662  
2025/10/25 20:50:58 - mmengine - INFO - Iter(val) [ 95/237]    eta: 0:00:01  time: 0.0087  data_time: 0.0008  memory: 662  
2025/10/25 20:50:58 - mmengine - INFO - Iter(val) [100/237]    eta: 0:00:01  time: 0.0086  data_time: 0.0008  memory: 662  
2025/10/25 20:50:58 - mmengine - INFO - Iter(val) [105/237]    eta: 0:00:01  time: 0.0086  data_time: 0.0008  memory: 662  
2025/10/25 20:50:58 - mmengine - INFO - Iter(val) [110/237]    eta: 0:00:01  time: 0.0086  data_time: 0.0008  memory: 662  
2025/10/25 20:50:58 - mmengine - INFO - Iter(val) [115/237]    eta: 0:00:01  time: 0.0087  data_time: 0.0008  memory: 662  
2025/10/25 20:50:58 - mmengine - INFO - Iter(val) [120/237]    eta: 0:00:01  time: 0.0087  data_time: 0.0008  memory: 662  
2025/10/25 20:50:58 - mmengine - INFO - Iter(val) [125/237]    eta: 0:00:00  time: 0.0087  data_time: 0.0008  memory: 662  
2025/10/25 20:50:58 - mmengine - INFO - Iter(val) [130/237]    eta: 0:00:00  time: 0.0087  data_time: 0.0008  memory: 662  
2025/10/25 20:50:58 - mmengine - INFO - Iter(val) [135/237]    eta: 0:00:00  time: 0.0087  data_time: 0.0008  memory: 662  
2025/10/25 20:50:58 - mmengine - INFO - Iter(val) [140/237]    eta: 0:00:00  time: 0.0087  data_time: 0.0008  memory: 662  
2025/10/25 20:50:58 - mmengine - INFO - Iter(val) [145/237]    eta: 0:00:00  time: 0.0087  data_time: 0.0008  memory: 662  
2025/10/25 20:50:58 - mmengine - INFO - Iter(val) [150/237]    eta: 0:00:00  time: 0.0086  data_time: 0.0008  memory: 662  
2025/10/25 20:50:58 - mmengine - INFO - Iter(val) [155/237]    eta: 0:00:00  time: 0.0086  data_time: 0.0008  memory: 662  
2025/10/25 20:50:58 - mmengine - INFO - Iter(val) [160/237]    eta: 0:00:00  time: 0.0087  data_time: 0.0008  memory: 662  
2025/10/25 20:50:58 - mmengine - INFO - Iter(val) [165/237]    eta: 0:00:00  time: 0.0087  data_time: 0.0008  memory: 662  
2025/10/25 20:50:58 - mmengine - INFO - Iter(val) [170/237]    eta: 0:00:00  time: 0.0087  data_time: 0.0008  memory: 662  
2025/10/25 20:50:58 - mmengine - INFO - Iter(val) [175/237]    eta: 0:00:00  time: 0.0087  data_time: 0.0009  memory: 662  
2025/10/25 20:50:58 - mmengine - INFO - Iter(val) [180/237]    eta: 0:00:00  time: 0.0088  data_time: 0.0009  memory: 662  
2025/10/25 20:50:58 - mmengine - INFO - Iter(val) [185/237]    eta: 0:00:00  time: 0.0089  data_time: 0.0009  memory: 662  
2025/10/25 20:50:58 - mmengine - INFO - Iter(val) [190/237]    eta: 0:00:00  time: 0.0089  data_time: 0.0009  memory: 662  
2025/10/25 20:50:59 - mmengine - INFO - Iter(val) [195/237]    eta: 0:00:00  time: 0.0089  data_time: 0.0009  memory: 662  
2025/10/25 20:50:59 - mmengine - INFO - Iter(val) [200/237]    eta: 0:00:00  time: 0.0088  data_time: 0.0009  memory: 662  
2025/10/25 20:50:59 - mmengine - INFO - Iter(val) [205/237]    eta: 0:00:00  time: 0.0087  data_time: 0.0008  memory: 662  
2025/10/25 20:50:59 - mmengine - INFO - Iter(val) [210/237]    eta: 0:00:00  time: 0.0087  data_time: 0.0008  memory: 662  
2025/10/25 20:50:59 - mmengine - INFO - Iter(val) [215/237]    eta: 0:00:00  time: 0.0086  data_time: 0.0008  memory: 662  
2025/10/25 20:50:59 - mmengine - INFO - Iter(val) [220/237]    eta: 0:00:00  time: 0.0086  data_time: 0.0008  memory: 662  
2025/10/25 20:50:59 - mmengine - INFO - Iter(val) [225/237]    eta: 0:00:00  time: 0.0086  data_time: 0.0008  memory: 662  
2025/10/25 20:50:59 - mmengine - INFO - Iter(val) [230/237]    eta: 0:00:00  time: 0.0086  data_time: 0.0008  memory: 662  
2025/10/25 20:50:59 - mmengine - INFO - Iter(val) [235/237]    eta: 0:00:00  time: 0.0086  data_time: 0.0007  memory: 662  
2025/10/25 20:50:59 - mmengine - INFO - per class results:
2025/10/25 20:50:59 - mmengine - INFO - 
+------------+-------+-------+
|   Class    |  IoU  |  Acc  |
+------------+-------+-------+
| background | 96.01 | 96.47 |
|   crack    |  50.2 | 89.42 |
+------------+-------+-------+
2025/10/25 20:50:59 - mmengine - INFO - Iter(val) [237/237]    aAcc: 96.1600  mIoU: 73.1100  mAcc: 92.9400  data_time: 0.0008  time: 0.0087
2025/10/25 20:51:00 - mmengine - INFO - Iter(train) [ 525/1000]  lr: 5.1705e-03  eta: 0:02:30  time: 0.2878  data_time: 0.0046  memory: 10177  loss: 0.4136  decode.loss_ce: 0.2774  decode.acc_seg: 93.7982  aux.loss_ce: 0.1363  aux.acc_seg: 94.3446
2025/10/25 20:51:02 - mmengine - INFO - Iter(train) [ 530/1000]  lr: 5.1224e-03  eta: 0:02:28  time: 0.2878  data_time: 0.0045  memory: 10177  loss: 0.3912  decode.loss_ce: 0.2627  decode.acc_seg: 96.0408  aux.loss_ce: 0.1285  aux.acc_seg: 95.8957
2025/10/25 20:51:02 - mmengine - INFO - Saving checkpoint at 530 iterations
2025/10/25 20:51:02 - mmengine - INFO - Iter(val) [  5/237]    eta: 0:00:02  time: 0.0092  data_time: 0.0014  memory: 662  
2025/10/25 20:51:02 - mmengine - INFO - Iter(val) [ 10/237]    eta: 0:00:02  time: 0.0093  data_time: 0.0014  memory: 662  
2025/10/25 20:51:02 - mmengine - INFO - Iter(val) [ 15/237]    eta: 0:00:02  time: 0.0088  data_time: 0.0009  memory: 662  
2025/10/25 20:51:02 - mmengine - INFO - Iter(val) [ 20/237]    eta: 0:00:01  time: 0.0089  data_time: 0.0009  memory: 662  
2025/10/25 20:51:03 - mmengine - INFO - Iter(val) [ 25/237]    eta: 0:00:01  time: 0.0090  data_time: 0.0009  memory: 662  
2025/10/25 20:51:03 - mmengine - INFO - Iter(val) [ 30/237]    eta: 0:00:01  time: 0.0089  data_time: 0.0009  memory: 662  
2025/10/25 20:51:03 - mmengine - INFO - Iter(val) [ 35/237]    eta: 0:00:01  time: 0.0087  data_time: 0.0008  memory: 662  
2025/10/25 20:51:03 - mmengine - INFO - Iter(val) [ 40/237]    eta: 0:00:01  time: 0.0087  data_time: 0.0008  memory: 662  
2025/10/25 20:51:03 - mmengine - INFO - Iter(val) [ 45/237]    eta: 0:00:01  time: 0.0086  data_time: 0.0008  memory: 662  
2025/10/25 20:51:03 - mmengine - INFO - Iter(val) [ 50/237]    eta: 0:00:01  time: 0.0088  data_time: 0.0008  memory: 662  
2025/10/25 20:51:03 - mmengine - INFO - Iter(val) [ 55/237]    eta: 0:00:01  time: 0.0088  data_time: 0.0008  memory: 662  
2025/10/25 20:51:03 - mmengine - INFO - Iter(val) [ 60/237]    eta: 0:00:01  time: 0.0086  data_time: 0.0007  memory: 662  
2025/10/25 20:51:03 - mmengine - INFO - Iter(val) [ 65/237]    eta: 0:00:01  time: 0.0086  data_time: 0.0007  memory: 662  
2025/10/25 20:51:03 - mmengine - INFO - Iter(val) [ 70/237]    eta: 0:00:01  time: 0.0087  data_time: 0.0007  memory: 662  
2025/10/25 20:51:03 - mmengine - INFO - Iter(val) [ 75/237]    eta: 0:00:01  time: 0.0087  data_time: 0.0007  memory: 662  
2025/10/25 20:51:03 - mmengine - INFO - Iter(val) [ 80/237]    eta: 0:00:01  time: 0.0087  data_time: 0.0008  memory: 662  
2025/10/25 20:51:03 - mmengine - INFO - Iter(val) [ 85/237]    eta: 0:00:01  time: 0.0086  data_time: 0.0007  memory: 662  
2025/10/25 20:51:03 - mmengine - INFO - Iter(val) [ 90/237]    eta: 0:00:01  time: 0.0086  data_time: 0.0007  memory: 662  
2025/10/25 20:51:03 - mmengine - INFO - Iter(val) [ 95/237]    eta: 0:00:01  time: 0.0086  data_time: 0.0007  memory: 662  
2025/10/25 20:51:03 - mmengine - INFO - Iter(val) [100/237]    eta: 0:00:01  time: 0.0087  data_time: 0.0007  memory: 662  
2025/10/25 20:51:03 - mmengine - INFO - Iter(val) [105/237]    eta: 0:00:01  time: 0.0086  data_time: 0.0007  memory: 662  
2025/10/25 20:51:03 - mmengine - INFO - Iter(val) [110/237]    eta: 0:00:01  time: 0.0085  data_time: 0.0007  memory: 662  
2025/10/25 20:51:03 - mmengine - INFO - Iter(val) [115/237]    eta: 0:00:01  time: 0.0085  data_time: 0.0007  memory: 662  
2025/10/25 20:51:03 - mmengine - INFO - Iter(val) [120/237]    eta: 0:00:01  time: 0.0086  data_time: 0.0007  memory: 662  
2025/10/25 20:51:03 - mmengine - INFO - Iter(val) [125/237]    eta: 0:00:00  time: 0.0086  data_time: 0.0007  memory: 662  
2025/10/25 20:51:03 - mmengine - INFO - Iter(val) [130/237]    eta: 0:00:00  time: 0.0087  data_time: 0.0008  memory: 662  
2025/10/25 20:51:03 - mmengine - INFO - Iter(val) [135/237]    eta: 0:00:00  time: 0.0088  data_time: 0.0008  memory: 662  
2025/10/25 20:51:04 - mmengine - INFO - Iter(val) [140/237]    eta: 0:00:00  time: 0.0087  data_time: 0.0008  memory: 662  
2025/10/25 20:51:04 - mmengine - INFO - Iter(val) [145/237]    eta: 0:00:00  time: 0.0087  data_time: 0.0008  memory: 662  
2025/10/25 20:51:04 - mmengine - INFO - Iter(val) [150/237]    eta: 0:00:00  time: 0.0090  data_time: 0.0008  memory: 662  
2025/10/25 20:51:04 - mmengine - INFO - Iter(val) [155/237]    eta: 0:00:00  time: 0.0089  data_time: 0.0008  memory: 662  
2025/10/25 20:51:04 - mmengine - INFO - Iter(val) [160/237]    eta: 0:00:00  time: 0.0086  data_time: 0.0007  memory: 662  
2025/10/25 20:51:04 - mmengine - INFO - Iter(val) [165/237]    eta: 0:00:00  time: 0.0086  data_time: 0.0007  memory: 662  
2025/10/25 20:51:04 - mmengine - INFO - Iter(val) [170/237]    eta: 0:00:00  time: 0.0086  data_time: 0.0007  memory: 662  
2025/10/25 20:51:04 - mmengine - INFO - Iter(val) [175/237]    eta: 0:00:00  time: 0.0086  data_time: 0.0007  memory: 662  
2025/10/25 20:51:04 - mmengine - INFO - Iter(val) [180/237]    eta: 0:00:00  time: 0.0086  data_time: 0.0007  memory: 662  
2025/10/25 20:51:04 - mmengine - INFO - Iter(val) [185/237]    eta: 0:00:00  time: 0.0086  data_time: 0.0007  memory: 662  
2025/10/25 20:51:04 - mmengine - INFO - Iter(val) [190/237]    eta: 0:00:00  time: 0.0086  data_time: 0.0007  memory: 662  
2025/10/25 20:51:04 - mmengine - INFO - Iter(val) [195/237]    eta: 0:00:00  time: 0.0086  data_time: 0.0007  memory: 662  
2025/10/25 20:51:04 - mmengine - INFO - Iter(val) [200/237]    eta: 0:00:00  time: 0.0086  data_time: 0.0007  memory: 662  
2025/10/25 20:51:04 - mmengine - INFO - Iter(val) [205/237]    eta: 0:00:00  time: 0.0086  data_time: 0.0007  memory: 662  
2025/10/25 20:51:04 - mmengine - INFO - Iter(val) [210/237]    eta: 0:00:00  time: 0.0086  data_time: 0.0007  memory: 662  
2025/10/25 20:51:04 - mmengine - INFO - Iter(val) [215/237]    eta: 0:00:00  time: 0.0085  data_time: 0.0007  memory: 662  
2025/10/25 20:51:04 - mmengine - INFO - Iter(val) [220/237]    eta: 0:00:00  time: 0.0086  data_time: 0.0007  memory: 662  
2025/10/25 20:51:04 - mmengine - INFO - Iter(val) [225/237]    eta: 0:00:00  time: 0.0087  data_time: 0.0008  memory: 662  
2025/10/25 20:51:04 - mmengine - INFO - Iter(val) [230/237]    eta: 0:00:00  time: 0.0088  data_time: 0.0008  memory: 662  
2025/10/25 20:51:04 - mmengine - INFO - Iter(val) [235/237]    eta: 0:00:00  time: 0.0088  data_time: 0.0009  memory: 662  
2025/10/25 20:51:04 - mmengine - INFO - per class results:
2025/10/25 20:51:04 - mmengine - INFO - 
+------------+-------+-------+
|   Class    |  IoU  |  Acc  |
+------------+-------+-------+
| background | 97.24 | 97.89 |
|   crack    | 58.12 | 85.25 |
+------------+-------+-------+
2025/10/25 20:51:04 - mmengine - INFO - Iter(val) [237/237]    aAcc: 97.3400  mIoU: 77.6800  mAcc: 91.5700  data_time: 0.0008  time: 0.0087
2025/10/25 20:51:06 - mmengine - INFO - Iter(train) [ 535/1000]  lr: 5.0743e-03  eta: 0:02:26  time: 0.2876  data_time: 0.0044  memory: 10177  loss: 0.3765  decode.loss_ce: 0.2536  decode.acc_seg: 95.2270  aux.loss_ce: 0.1229  aux.acc_seg: 94.1480
2025/10/25 20:51:07 - mmengine - INFO - Iter(train) [ 540/1000]  lr: 5.0262e-03  eta: 0:02:25  time: 0.2877  data_time: 0.0044  memory: 10177  loss: 0.4314  decode.loss_ce: 0.2940  decode.acc_seg: 94.9404  aux.loss_ce: 0.1374  aux.acc_seg: 95.1755
2025/10/25 20:51:07 - mmengine - INFO - Saving checkpoint at 540 iterations
2025/10/25 20:51:08 - mmengine - INFO - Iter(val) [  5/237]    eta: 0:00:02  time: 0.0092  data_time: 0.0012  memory: 662  
2025/10/25 20:51:08 - mmengine - INFO - Iter(val) [ 10/237]    eta: 0:00:02  time: 0.0090  data_time: 0.0011  memory: 662  
2025/10/25 20:51:08 - mmengine - INFO - Iter(val) [ 15/237]    eta: 0:00:01  time: 0.0086  data_time: 0.0007  memory: 662  
2025/10/25 20:51:08 - mmengine - INFO - Iter(val) [ 20/237]    eta: 0:00:01  time: 0.0087  data_time: 0.0008  memory: 662  
2025/10/25 20:51:08 - mmengine - INFO - Iter(val) [ 25/237]    eta: 0:00:01  time: 0.0088  data_time: 0.0008  memory: 662  
2025/10/25 20:51:08 - mmengine - INFO - Iter(val) [ 30/237]    eta: 0:00:01  time: 0.0087  data_time: 0.0008  memory: 662  
2025/10/25 20:51:08 - mmengine - INFO - Iter(val) [ 35/237]    eta: 0:00:01  time: 0.0087  data_time: 0.0008  memory: 662  
2025/10/25 20:51:08 - mmengine - INFO - Iter(val) [ 40/237]    eta: 0:00:01  time: 0.0091  data_time: 0.0008  memory: 662  
2025/10/25 20:51:08 - mmengine - INFO - Iter(val) [ 45/237]    eta: 0:00:01  time: 0.0091  data_time: 0.0008  memory: 662  
2025/10/25 20:51:08 - mmengine - INFO - Iter(val) [ 50/237]    eta: 0:00:01  time: 0.0086  data_time: 0.0008  memory: 662  
2025/10/25 20:51:08 - mmengine - INFO - Iter(val) [ 55/237]    eta: 0:00:01  time: 0.0086  data_time: 0.0008  memory: 662  
2025/10/25 20:51:08 - mmengine - INFO - Iter(val) [ 60/237]    eta: 0:00:01  time: 0.0087  data_time: 0.0008  memory: 662  
2025/10/25 20:51:08 - mmengine - INFO - Iter(val) [ 65/237]    eta: 0:00:01  time: 0.0088  data_time: 0.0008  memory: 662  
2025/10/25 20:51:08 - mmengine - INFO - Iter(val) [ 70/237]    eta: 0:00:01  time: 0.0088  data_time: 0.0008  memory: 662  
2025/10/25 20:51:08 - mmengine - INFO - Iter(val) [ 75/237]    eta: 0:00:01  time: 0.0088  data_time: 0.0008  memory: 662  
2025/10/25 20:51:09 - mmengine - INFO - Iter(val) [ 80/237]    eta: 0:00:01  time: 0.0088  data_time: 0.0008  memory: 662  
2025/10/25 20:51:09 - mmengine - INFO - Iter(val) [ 85/237]    eta: 0:00:01  time: 0.0088  data_time: 0.0008  memory: 662  
2025/10/25 20:51:09 - mmengine - INFO - Iter(val) [ 90/237]    eta: 0:00:01  time: 0.0087  data_time: 0.0008  memory: 662  
2025/10/25 20:51:09 - mmengine - INFO - Iter(val) [ 95/237]    eta: 0:00:01  time: 0.0088  data_time: 0.0008  memory: 662  
2025/10/25 20:51:09 - mmengine - INFO - Iter(val) [100/237]    eta: 0:00:01  time: 0.0087  data_time: 0.0008  memory: 662  
2025/10/25 20:51:09 - mmengine - INFO - Iter(val) [105/237]    eta: 0:00:01  time: 0.0087  data_time: 0.0008  memory: 662  
2025/10/25 20:51:09 - mmengine - INFO - Iter(val) [110/237]    eta: 0:00:01  time: 0.0088  data_time: 0.0008  memory: 662  
2025/10/25 20:51:09 - mmengine - INFO - Iter(val) [115/237]    eta: 0:00:01  time: 0.0089  data_time: 0.0008  memory: 662  
2025/10/25 20:51:09 - mmengine - INFO - Iter(val) [120/237]    eta: 0:00:01  time: 0.0088  data_time: 0.0008  memory: 662  
2025/10/25 20:51:09 - mmengine - INFO - Iter(val) [125/237]    eta: 0:00:00  time: 0.0088  data_time: 0.0008  memory: 662  
2025/10/25 20:51:09 - mmengine - INFO - Iter(val) [130/237]    eta: 0:00:00  time: 0.0088  data_time: 0.0008  memory: 662  
2025/10/25 20:51:09 - mmengine - INFO - Iter(val) [135/237]    eta: 0:00:00  time: 0.0087  data_time: 0.0008  memory: 662  
2025/10/25 20:51:09 - mmengine - INFO - Iter(val) [140/237]    eta: 0:00:00  time: 0.0087  data_time: 0.0008  memory: 662  
2025/10/25 20:51:09 - mmengine - INFO - Iter(val) [145/237]    eta: 0:00:00  time: 0.0086  data_time: 0.0008  memory: 662  
2025/10/25 20:51:09 - mmengine - INFO - Iter(val) [150/237]    eta: 0:00:00  time: 0.0086  data_time: 0.0008  memory: 662  
2025/10/25 20:51:09 - mmengine - INFO - Iter(val) [155/237]    eta: 0:00:00  time: 0.0087  data_time: 0.0008  memory: 662  
2025/10/25 20:51:09 - mmengine - INFO - Iter(val) [160/237]    eta: 0:00:00  time: 0.0088  data_time: 0.0008  memory: 662  
2025/10/25 20:51:09 - mmengine - INFO - Iter(val) [165/237]    eta: 0:00:00  time: 0.0087  data_time: 0.0008  memory: 662  
2025/10/25 20:51:09 - mmengine - INFO - Iter(val) [170/237]    eta: 0:00:00  time: 0.0087  data_time: 0.0008  memory: 662  
2025/10/25 20:51:09 - mmengine - INFO - Iter(val) [175/237]    eta: 0:00:00  time: 0.0087  data_time: 0.0008  memory: 662  
2025/10/25 20:51:09 - mmengine - INFO - Iter(val) [180/237]    eta: 0:00:00  time: 0.0088  data_time: 0.0008  memory: 662  
2025/10/25 20:51:09 - mmengine - INFO - Iter(val) [185/237]    eta: 0:00:00  time: 0.0088  data_time: 0.0009  memory: 662  
2025/10/25 20:51:10 - mmengine - INFO - Iter(val) [190/237]    eta: 0:00:00  time: 0.0088  data_time: 0.0008  memory: 662  
2025/10/25 20:51:10 - mmengine - INFO - Iter(val) [195/237]    eta: 0:00:00  time: 0.0087  data_time: 0.0008  memory: 662  
2025/10/25 20:51:10 - mmengine - INFO - Iter(val) [200/237]    eta: 0:00:00  time: 0.0087  data_time: 0.0008  memory: 662  
2025/10/25 20:51:10 - mmengine - INFO - Iter(val) [205/237]    eta: 0:00:00  time: 0.0087  data_time: 0.0008  memory: 662  
2025/10/25 20:51:10 - mmengine - INFO - Iter(val) [210/237]    eta: 0:00:00  time: 0.0088  data_time: 0.0008  memory: 662  
2025/10/25 20:51:10 - mmengine - INFO - Iter(val) [215/237]    eta: 0:00:00  time: 0.0089  data_time: 0.0008  memory: 662  
2025/10/25 20:51:10 - mmengine - INFO - Iter(val) [220/237]    eta: 0:00:00  time: 0.0088  data_time: 0.0008  memory: 662  
2025/10/25 20:51:10 - mmengine - INFO - Iter(val) [225/237]    eta: 0:00:00  time: 0.0088  data_time: 0.0008  memory: 662  
2025/10/25 20:51:10 - mmengine - INFO - Iter(val) [230/237]    eta: 0:00:00  time: 0.0087  data_time: 0.0008  memory: 662  
2025/10/25 20:51:10 - mmengine - INFO - Iter(val) [235/237]    eta: 0:00:00  time: 0.0087  data_time: 0.0008  memory: 662  
2025/10/25 20:51:10 - mmengine - INFO - per class results:
2025/10/25 20:51:10 - mmengine - INFO - 
+------------+-------+-------+
|   Class    |  IoU  |  Acc  |
+------------+-------+-------+
| background | 97.27 | 97.98 |
|   crack    | 57.93 | 83.83 |
+------------+-------+-------+
2025/10/25 20:51:10 - mmengine - INFO - Iter(val) [237/237]    aAcc: 97.3700  mIoU: 77.6000  mAcc: 90.9000  data_time: 0.0008  time: 0.0088
2025/10/25 20:51:11 - mmengine - INFO - Iter(train) [ 545/1000]  lr: 4.9779e-03  eta: 0:02:23  time: 0.2877  data_time: 0.0045  memory: 10177  loss: 0.3851  decode.loss_ce: 0.2616  decode.acc_seg: 95.5777  aux.loss_ce: 0.1236  aux.acc_seg: 96.2491
2025/10/25 20:51:13 - mmengine - INFO - Iter(train) [ 550/1000]  lr: 4.9297e-03  eta: 0:02:21  time: 0.2880  data_time: 0.0046  memory: 10177  loss: 0.4099  decode.loss_ce: 0.2726  decode.acc_seg: 92.1411  aux.loss_ce: 0.1373  aux.acc_seg: 92.3248
2025/10/25 20:51:13 - mmengine - INFO - Saving checkpoint at 550 iterations
2025/10/25 20:51:13 - mmengine - INFO - Iter(val) [  5/237]    eta: 0:00:02  time: 0.0095  data_time: 0.0013  memory: 662  
2025/10/25 20:51:13 - mmengine - INFO - Iter(val) [ 10/237]    eta: 0:00:02  time: 0.0095  data_time: 0.0013  memory: 662  
2025/10/25 20:51:13 - mmengine - INFO - Iter(val) [ 15/237]    eta: 0:00:02  time: 0.0087  data_time: 0.0008  memory: 662  
2025/10/25 20:51:14 - mmengine - INFO - Iter(val) [ 20/237]    eta: 0:00:01  time: 0.0088  data_time: 0.0009  memory: 662  
2025/10/25 20:51:14 - mmengine - INFO - Iter(val) [ 25/237]    eta: 0:00:01  time: 0.0088  data_time: 0.0009  memory: 662  
2025/10/25 20:51:14 - mmengine - INFO - Iter(val) [ 30/237]    eta: 0:00:01  time: 0.0088  data_time: 0.0009  memory: 662  
2025/10/25 20:51:14 - mmengine - INFO - Iter(val) [ 35/237]    eta: 0:00:01  time: 0.0088  data_time: 0.0009  memory: 662  
2025/10/25 20:51:14 - mmengine - INFO - Iter(val) [ 40/237]    eta: 0:00:01  time: 0.0087  data_time: 0.0008  memory: 662  
2025/10/25 20:51:14 - mmengine - INFO - Iter(val) [ 45/237]    eta: 0:00:01  time: 0.0086  data_time: 0.0007  memory: 662  
2025/10/25 20:51:14 - mmengine - INFO - Iter(val) [ 50/237]    eta: 0:00:01  time: 0.0086  data_time: 0.0007  memory: 662  
2025/10/25 20:51:14 - mmengine - INFO - Iter(val) [ 55/237]    eta: 0:00:01  time: 0.0087  data_time: 0.0008  memory: 662  
2025/10/25 20:51:14 - mmengine - INFO - Iter(val) [ 60/237]    eta: 0:00:01  time: 0.0090  data_time: 0.0008  memory: 662  
2025/10/25 20:51:14 - mmengine - INFO - Iter(val) [ 65/237]    eta: 0:00:01  time: 0.0090  data_time: 0.0008  memory: 662  
2025/10/25 20:51:14 - mmengine - INFO - Iter(val) [ 70/237]    eta: 0:00:01  time: 0.0087  data_time: 0.0008  memory: 662  
2025/10/25 20:51:14 - mmengine - INFO - Iter(val) [ 75/237]    eta: 0:00:01  time: 0.0090  data_time: 0.0008  memory: 662  
2025/10/25 20:51:14 - mmengine - INFO - Iter(val) [ 80/237]    eta: 0:00:01  time: 0.0090  data_time: 0.0009  memory: 662  
2025/10/25 20:51:14 - mmengine - INFO - Iter(val) [ 85/237]    eta: 0:00:01  time: 0.0087  data_time: 0.0008  memory: 662  
2025/10/25 20:51:14 - mmengine - INFO - Iter(val) [ 90/237]    eta: 0:00:01  time: 0.0086  data_time: 0.0008  memory: 662  
2025/10/25 20:51:14 - mmengine - INFO - Iter(val) [ 95/237]    eta: 0:00:01  time: 0.0086  data_time: 0.0008  memory: 662  
2025/10/25 20:51:14 - mmengine - INFO - Iter(val) [100/237]    eta: 0:00:01  time: 0.0086  data_time: 0.0007  memory: 662  
2025/10/25 20:51:14 - mmengine - INFO - Iter(val) [105/237]    eta: 0:00:01  time: 0.0087  data_time: 0.0008  memory: 662  
2025/10/25 20:51:14 - mmengine - INFO - Iter(val) [110/237]    eta: 0:00:01  time: 0.0087  data_time: 0.0008  memory: 662  
2025/10/25 20:51:14 - mmengine - INFO - Iter(val) [115/237]    eta: 0:00:01  time: 0.0087  data_time: 0.0008  memory: 662  
2025/10/25 20:51:14 - mmengine - INFO - Iter(val) [120/237]    eta: 0:00:01  time: 0.0091  data_time: 0.0009  memory: 662  
2025/10/25 20:51:14 - mmengine - INFO - Iter(val) [125/237]    eta: 0:00:00  time: 0.0097  data_time: 0.0010  memory: 662  
2025/10/25 20:51:14 - mmengine - INFO - Iter(val) [130/237]    eta: 0:00:00  time: 0.0096  data_time: 0.0010  memory: 662  
2025/10/25 20:51:15 - mmengine - INFO - Iter(val) [135/237]    eta: 0:00:00  time: 0.0094  data_time: 0.0010  memory: 662  
2025/10/25 20:51:15 - mmengine - INFO - Iter(val) [140/237]    eta: 0:00:00  time: 0.0093  data_time: 0.0010  memory: 662  
2025/10/25 20:51:15 - mmengine - INFO - Iter(val) [145/237]    eta: 0:00:00  time: 0.0092  data_time: 0.0009  memory: 662  
2025/10/25 20:51:15 - mmengine - INFO - Iter(val) [150/237]    eta: 0:00:00  time: 0.0091  data_time: 0.0009  memory: 662  
2025/10/25 20:51:15 - mmengine - INFO - Iter(val) [155/237]    eta: 0:00:00  time: 0.0088  data_time: 0.0008  memory: 662  
2025/10/25 20:51:15 - mmengine - INFO - Iter(val) [160/237]    eta: 0:00:00  time: 0.0087  data_time: 0.0008  memory: 662  
2025/10/25 20:51:15 - mmengine - INFO - Iter(val) [165/237]    eta: 0:00:00  time: 0.0088  data_time: 0.0008  memory: 662  
2025/10/25 20:51:15 - mmengine - INFO - Iter(val) [170/237]    eta: 0:00:00  time: 0.0089  data_time: 0.0009  memory: 662  
2025/10/25 20:51:15 - mmengine - INFO - Iter(val) [175/237]    eta: 0:00:00  time: 0.0088  data_time: 0.0009  memory: 662  
2025/10/25 20:51:15 - mmengine - INFO - Iter(val) [180/237]    eta: 0:00:00  time: 0.0088  data_time: 0.0008  memory: 662  
2025/10/25 20:51:15 - mmengine - INFO - Iter(val) [185/237]    eta: 0:00:00  time: 0.0087  data_time: 0.0008  memory: 662  
2025/10/25 20:51:15 - mmengine - INFO - Iter(val) [190/237]    eta: 0:00:00  time: 0.0087  data_time: 0.0008  memory: 662  
2025/10/25 20:51:15 - mmengine - INFO - Iter(val) [195/237]    eta: 0:00:00  time: 0.0087  data_time: 0.0008  memory: 662  
2025/10/25 20:51:15 - mmengine - INFO - Iter(val) [200/237]    eta: 0:00:00  time: 0.0087  data_time: 0.0008  memory: 662  
2025/10/25 20:51:15 - mmengine - INFO - Iter(val) [205/237]    eta: 0:00:00  time: 0.0087  data_time: 0.0008  memory: 662  
2025/10/25 20:51:15 - mmengine - INFO - Iter(val) [210/237]    eta: 0:00:00  time: 0.0087  data_time: 0.0008  memory: 662  
2025/10/25 20:51:15 - mmengine - INFO - Iter(val) [215/237]    eta: 0:00:00  time: 0.0086  data_time: 0.0008  memory: 662  
2025/10/25 20:51:15 - mmengine - INFO - Iter(val) [220/237]    eta: 0:00:00  time: 0.0087  data_time: 0.0008  memory: 662  
2025/10/25 20:51:15 - mmengine - INFO - Iter(val) [225/237]    eta: 0:00:00  time: 0.0087  data_time: 0.0008  memory: 662  
2025/10/25 20:51:15 - mmengine - INFO - Iter(val) [230/237]    eta: 0:00:00  time: 0.0087  data_time: 0.0008  memory: 662  
2025/10/25 20:51:15 - mmengine - INFO - Iter(val) [235/237]    eta: 0:00:00  time: 0.0087  data_time: 0.0008  memory: 662  
2025/10/25 20:51:15 - mmengine - INFO - per class results:
2025/10/25 20:51:15 - mmengine - INFO - 
+------------+-------+-------+
|   Class    |  IoU  |  Acc  |
+------------+-------+-------+
| background | 97.08 | 97.74 |
|   crack    | 56.61 | 84.86 |
+------------+-------+-------+
2025/10/25 20:51:15 - mmengine - INFO - Iter(val) [237/237]    aAcc: 97.1900  mIoU: 76.8500  mAcc: 91.3000  data_time: 0.0008  time: 0.0089
2025/10/25 20:51:17 - mmengine - INFO - Iter(train) [ 555/1000]  lr: 4.8813e-03  eta: 0:02:20  time: 0.2884  data_time: 0.0048  memory: 10177  loss: 0.4671  decode.loss_ce: 0.3148  decode.acc_seg: 94.2207  aux.loss_ce: 0.1522  aux.acc_seg: 94.2996
2025/10/25 20:51:18 - mmengine - INFO - Iter(train) [ 560/1000]  lr: 4.8330e-03  eta: 0:02:18  time: 0.2881  data_time: 0.0046  memory: 10177  loss: 0.4337  decode.loss_ce: 0.2958  decode.acc_seg: 91.8384  aux.loss_ce: 0.1379  aux.acc_seg: 94.8872
2025/10/25 20:51:18 - mmengine - INFO - Saving checkpoint at 560 iterations
2025/10/25 20:51:19 - mmengine - INFO - Iter(val) [  5/237]    eta: 0:00:02  time: 0.0098  data_time: 0.0014  memory: 662  
2025/10/25 20:51:19 - mmengine - INFO - Iter(val) [ 10/237]    eta: 0:00:02  time: 0.0098  data_time: 0.0014  memory: 662  
2025/10/25 20:51:19 - mmengine - INFO - Iter(val) [ 15/237]    eta: 0:00:02  time: 0.0086  data_time: 0.0007  memory: 662  
2025/10/25 20:51:19 - mmengine - INFO - Iter(val) [ 20/237]    eta: 0:00:02  time: 0.0087  data_time: 0.0008  memory: 662  
2025/10/25 20:51:19 - mmengine - INFO - Iter(val) [ 25/237]    eta: 0:00:01  time: 0.0087  data_time: 0.0008  memory: 662  
2025/10/25 20:51:19 - mmengine - INFO - Iter(val) [ 30/237]    eta: 0:00:01  time: 0.0086  data_time: 0.0007  memory: 662  
2025/10/25 20:51:19 - mmengine - INFO - Iter(val) [ 35/237]    eta: 0:00:01  time: 0.0087  data_time: 0.0008  memory: 662  
2025/10/25 20:51:19 - mmengine - INFO - Iter(val) [ 40/237]    eta: 0:00:01  time: 0.0089  data_time: 0.0008  memory: 662  
2025/10/25 20:51:19 - mmengine - INFO - Iter(val) [ 45/237]    eta: 0:00:01  time: 0.0089  data_time: 0.0008  memory: 662  
2025/10/25 20:51:19 - mmengine - INFO - Iter(val) [ 50/237]    eta: 0:00:01  time: 0.0088  data_time: 0.0009  memory: 662  
2025/10/25 20:51:19 - mmengine - INFO - Iter(val) [ 55/237]    eta: 0:00:01  time: 0.0088  data_time: 0.0009  memory: 662  
2025/10/25 20:51:19 - mmengine - INFO - Iter(val) [ 60/237]    eta: 0:00:01  time: 0.0088  data_time: 0.0009  memory: 662  
2025/10/25 20:51:19 - mmengine - INFO - Iter(val) [ 65/237]    eta: 0:00:01  time: 0.0088  data_time: 0.0008  memory: 662  
2025/10/25 20:51:19 - mmengine - INFO - Iter(val) [ 70/237]    eta: 0:00:01  time: 0.0087  data_time: 0.0008  memory: 662  
2025/10/25 20:51:20 - mmengine - INFO - Iter(val) [ 75/237]    eta: 0:00:01  time: 0.0086  data_time: 0.0007  memory: 662  
2025/10/25 20:51:20 - mmengine - INFO - Iter(val) [ 80/237]    eta: 0:00:01  time: 0.0086  data_time: 0.0007  memory: 662  
2025/10/25 20:51:20 - mmengine - INFO - Iter(val) [ 85/237]    eta: 0:00:01  time: 0.0086  data_time: 0.0007  memory: 662  
2025/10/25 20:51:20 - mmengine - INFO - Iter(val) [ 90/237]    eta: 0:00:01  time: 0.0087  data_time: 0.0008  memory: 662  
2025/10/25 20:51:20 - mmengine - INFO - Iter(val) [ 95/237]    eta: 0:00:01  time: 0.0087  data_time: 0.0008  memory: 662  
2025/10/25 20:51:20 - mmengine - INFO - Iter(val) [100/237]    eta: 0:00:01  time: 0.0087  data_time: 0.0008  memory: 662  
2025/10/25 20:51:20 - mmengine - INFO - Iter(val) [105/237]    eta: 0:00:01  time: 0.0087  data_time: 0.0008  memory: 662  
2025/10/25 20:51:20 - mmengine - INFO - Iter(val) [110/237]    eta: 0:00:01  time: 0.0086  data_time: 0.0008  memory: 662  
2025/10/25 20:51:20 - mmengine - INFO - Iter(val) [115/237]    eta: 0:00:01  time: 0.0086  data_time: 0.0008  memory: 662  
2025/10/25 20:51:20 - mmengine - INFO - Iter(val) [120/237]    eta: 0:00:01  time: 0.0087  data_time: 0.0008  memory: 662  
2025/10/25 20:51:20 - mmengine - INFO - Iter(val) [125/237]    eta: 0:00:00  time: 0.0087  data_time: 0.0008  memory: 662  
2025/10/25 20:51:20 - mmengine - INFO - Iter(val) [130/237]    eta: 0:00:00  time: 0.0087  data_time: 0.0008  memory: 662  
2025/10/25 20:51:20 - mmengine - INFO - Iter(val) [135/237]    eta: 0:00:00  time: 0.0088  data_time: 0.0009  memory: 662  
2025/10/25 20:51:20 - mmengine - INFO - Iter(val) [140/237]    eta: 0:00:00  time: 0.0093  data_time: 0.0009  memory: 662  
2025/10/25 20:51:20 - mmengine - INFO - Iter(val) [145/237]    eta: 0:00:00  time: 0.0092  data_time: 0.0009  memory: 662  
2025/10/25 20:51:20 - mmengine - INFO - Iter(val) [150/237]    eta: 0:00:00  time: 0.0087  data_time: 0.0008  memory: 662  
2025/10/25 20:51:20 - mmengine - INFO - Iter(val) [155/237]    eta: 0:00:00  time: 0.0087  data_time: 0.0008  memory: 662  
2025/10/25 20:51:20 - mmengine - INFO - Iter(val) [160/237]    eta: 0:00:00  time: 0.0087  data_time: 0.0008  memory: 662  
2025/10/25 20:51:20 - mmengine - INFO - Iter(val) [165/237]    eta: 0:00:00  time: 0.0086  data_time: 0.0008  memory: 662  
2025/10/25 20:51:20 - mmengine - INFO - Iter(val) [170/237]    eta: 0:00:00  time: 0.0086  data_time: 0.0007  memory: 662  
2025/10/25 20:51:20 - mmengine - INFO - Iter(val) [175/237]    eta: 0:00:00  time: 0.0090  data_time: 0.0009  memory: 662  
2025/10/25 20:51:20 - mmengine - INFO - Iter(val) [180/237]    eta: 0:00:00  time: 0.0091  data_time: 0.0009  memory: 662  
2025/10/25 20:51:20 - mmengine - INFO - Iter(val) [185/237]    eta: 0:00:00  time: 0.0088  data_time: 0.0008  memory: 662  
2025/10/25 20:51:21 - mmengine - INFO - Iter(val) [190/237]    eta: 0:00:00  time: 0.0092  data_time: 0.0010  memory: 662  
2025/10/25 20:51:21 - mmengine - INFO - Iter(val) [195/237]    eta: 0:00:00  time: 0.0093  data_time: 0.0010  memory: 662  
2025/10/25 20:51:21 - mmengine - INFO - Iter(val) [200/237]    eta: 0:00:00  time: 0.0088  data_time: 0.0008  memory: 662  
2025/10/25 20:51:21 - mmengine - INFO - Iter(val) [205/237]    eta: 0:00:00  time: 0.0087  data_time: 0.0008  memory: 662  
2025/10/25 20:51:21 - mmengine - INFO - Iter(val) [210/237]    eta: 0:00:00  time: 0.0087  data_time: 0.0008  memory: 662  
2025/10/25 20:51:21 - mmengine - INFO - Iter(val) [215/237]    eta: 0:00:00  time: 0.0087  data_time: 0.0008  memory: 662  
2025/10/25 20:51:21 - mmengine - INFO - Iter(val) [220/237]    eta: 0:00:00  time: 0.0087  data_time: 0.0008  memory: 662  
2025/10/25 20:51:21 - mmengine - INFO - Iter(val) [225/237]    eta: 0:00:00  time: 0.0088  data_time: 0.0009  memory: 662  
2025/10/25 20:51:21 - mmengine - INFO - Iter(val) [230/237]    eta: 0:00:00  time: 0.0088  data_time: 0.0008  memory: 662  
2025/10/25 20:51:21 - mmengine - INFO - Iter(val) [235/237]    eta: 0:00:00  time: 0.0086  data_time: 0.0008  memory: 662  
2025/10/25 20:51:21 - mmengine - INFO - per class results:
2025/10/25 20:51:21 - mmengine - INFO - 
+------------+-------+-------+
|   Class    |  IoU  |  Acc  |
+------------+-------+-------+
| background | 96.86 | 97.56 |
|   crack    | 54.57 | 84.02 |
+------------+-------+-------+
2025/10/25 20:51:21 - mmengine - INFO - Iter(val) [237/237]    aAcc: 96.9700  mIoU: 75.7200  mAcc: 90.7900  data_time: 0.0008  time: 0.0088
2025/10/25 20:51:22 - mmengine - INFO - Iter(train) [ 565/1000]  lr: 4.7845e-03  eta: 0:02:16  time: 0.2878  data_time: 0.0044  memory: 10177  loss: 0.3925  decode.loss_ce: 0.2645  decode.acc_seg: 93.9567  aux.loss_ce: 0.1279  aux.acc_seg: 93.9940
2025/10/25 20:51:24 - mmengine - INFO - Iter(train) [ 570/1000]  lr: 4.7360e-03  eta: 0:02:14  time: 0.2877  data_time: 0.0044  memory: 10177  loss: 0.3926  decode.loss_ce: 0.2601  decode.acc_seg: 94.5561  aux.loss_ce: 0.1325  aux.acc_seg: 94.1439
2025/10/25 20:51:24 - mmengine - INFO - Saving checkpoint at 570 iterations
2025/10/25 20:51:24 - mmengine - INFO - Iter(val) [  5/237]    eta: 0:00:02  time: 0.0093  data_time: 0.0013  memory: 662  
2025/10/25 20:51:24 - mmengine - INFO - Iter(val) [ 10/237]    eta: 0:00:02  time: 0.0094  data_time: 0.0013  memory: 662  
2025/10/25 20:51:25 - mmengine - INFO - Iter(val) [ 15/237]    eta: 0:00:02  time: 0.0089  data_time: 0.0008  memory: 662  
2025/10/25 20:51:25 - mmengine - INFO - Iter(val) [ 20/237]    eta: 0:00:02  time: 0.0094  data_time: 0.0010  memory: 662  
2025/10/25 20:51:25 - mmengine - INFO - Iter(val) [ 25/237]    eta: 0:00:01  time: 0.0092  data_time: 0.0010  memory: 662  
2025/10/25 20:51:25 - mmengine - INFO - Iter(val) [ 30/237]    eta: 0:00:01  time: 0.0088  data_time: 0.0008  memory: 662  
2025/10/25 20:51:25 - mmengine - INFO - Iter(val) [ 35/237]    eta: 0:00:01  time: 0.0088  data_time: 0.0008  memory: 662  
2025/10/25 20:51:25 - mmengine - INFO - Iter(val) [ 40/237]    eta: 0:00:01  time: 0.0087  data_time: 0.0008  memory: 662  
2025/10/25 20:51:25 - mmengine - INFO - Iter(val) [ 45/237]    eta: 0:00:01  time: 0.0087  data_time: 0.0008  memory: 662  
2025/10/25 20:51:25 - mmengine - INFO - Iter(val) [ 50/237]    eta: 0:00:01  time: 0.0087  data_time: 0.0008  memory: 662  
2025/10/25 20:51:25 - mmengine - INFO - Iter(val) [ 55/237]    eta: 0:00:01  time: 0.0088  data_time: 0.0008  memory: 662  
2025/10/25 20:51:25 - mmengine - INFO - Iter(val) [ 60/237]    eta: 0:00:01  time: 0.0087  data_time: 0.0008  memory: 662  
2025/10/25 20:51:25 - mmengine - INFO - Iter(val) [ 65/237]    eta: 0:00:01  time: 0.0087  data_time: 0.0008  memory: 662  
2025/10/25 20:51:25 - mmengine - INFO - Iter(val) [ 70/237]    eta: 0:00:01  time: 0.0087  data_time: 0.0008  memory: 662  
2025/10/25 20:51:25 - mmengine - INFO - Iter(val) [ 75/237]    eta: 0:00:01  time: 0.0087  data_time: 0.0008  memory: 662  
2025/10/25 20:51:25 - mmengine - INFO - Iter(val) [ 80/237]    eta: 0:00:01  time: 0.0088  data_time: 0.0008  memory: 662  
2025/10/25 20:51:25 - mmengine - INFO - Iter(val) [ 85/237]    eta: 0:00:01  time: 0.0088  data_time: 0.0008  memory: 662  
2025/10/25 20:51:25 - mmengine - INFO - Iter(val) [ 90/237]    eta: 0:00:01  time: 0.0087  data_time: 0.0008  memory: 662  
2025/10/25 20:51:25 - mmengine - INFO - Iter(val) [ 95/237]    eta: 0:00:01  time: 0.0085  data_time: 0.0007  memory: 662  
2025/10/25 20:51:25 - mmengine - INFO - Iter(val) [100/237]    eta: 0:00:01  time: 0.0086  data_time: 0.0007  memory: 662  
2025/10/25 20:51:25 - mmengine - INFO - Iter(val) [105/237]    eta: 0:00:01  time: 0.0086  data_time: 0.0007  memory: 662  
2025/10/25 20:51:25 - mmengine - INFO - Iter(val) [110/237]    eta: 0:00:01  time: 0.0086  data_time: 0.0007  memory: 662  
2025/10/25 20:51:25 - mmengine - INFO - Iter(val) [115/237]    eta: 0:00:01  time: 0.0086  data_time: 0.0007  memory: 662  
2025/10/25 20:51:25 - mmengine - INFO - Iter(val) [120/237]    eta: 0:00:01  time: 0.0086  data_time: 0.0008  memory: 662  
2025/10/25 20:51:25 - mmengine - INFO - Iter(val) [125/237]    eta: 0:00:00  time: 0.0086  data_time: 0.0008  memory: 662  
2025/10/25 20:51:26 - mmengine - INFO - Iter(val) [130/237]    eta: 0:00:00  time: 0.0087  data_time: 0.0008  memory: 662  
2025/10/25 20:51:26 - mmengine - INFO - Iter(val) [135/237]    eta: 0:00:00  time: 0.0087  data_time: 0.0008  memory: 662  
2025/10/25 20:51:26 - mmengine - INFO - Iter(val) [140/237]    eta: 0:00:00  time: 0.0087  data_time: 0.0008  memory: 662  
2025/10/25 20:51:26 - mmengine - INFO - Iter(val) [145/237]    eta: 0:00:00  time: 0.0087  data_time: 0.0008  memory: 662  
2025/10/25 20:51:26 - mmengine - INFO - Iter(val) [150/237]    eta: 0:00:00  time: 0.0087  data_time: 0.0008  memory: 662  
2025/10/25 20:51:26 - mmengine - INFO - Iter(val) [155/237]    eta: 0:00:00  time: 0.0087  data_time: 0.0008  memory: 662  
2025/10/25 20:51:26 - mmengine - INFO - Iter(val) [160/237]    eta: 0:00:00  time: 0.0087  data_time: 0.0008  memory: 662  
2025/10/25 20:51:26 - mmengine - INFO - Iter(val) [165/237]    eta: 0:00:00  time: 0.0087  data_time: 0.0008  memory: 662  
2025/10/25 20:51:26 - mmengine - INFO - Iter(val) [170/237]    eta: 0:00:00  time: 0.0087  data_time: 0.0008  memory: 662  
2025/10/25 20:51:26 - mmengine - INFO - Iter(val) [175/237]    eta: 0:00:00  time: 0.0087  data_time: 0.0008  memory: 662  
2025/10/25 20:51:26 - mmengine - INFO - Iter(val) [180/237]    eta: 0:00:00  time: 0.0087  data_time: 0.0008  memory: 662  
2025/10/25 20:51:26 - mmengine - INFO - Iter(val) [185/237]    eta: 0:00:00  time: 0.0088  data_time: 0.0008  memory: 662  
2025/10/25 20:51:26 - mmengine - INFO - Iter(val) [190/237]    eta: 0:00:00  time: 0.0088  data_time: 0.0009  memory: 662  
2025/10/25 20:51:26 - mmengine - INFO - Iter(val) [195/237]    eta: 0:00:00  time: 0.0090  data_time: 0.0008  memory: 662  
2025/10/25 20:51:26 - mmengine - INFO - Iter(val) [200/237]    eta: 0:00:00  time: 0.0089  data_time: 0.0008  memory: 662  
2025/10/25 20:51:26 - mmengine - INFO - Iter(val) [205/237]    eta: 0:00:00  time: 0.0087  data_time: 0.0007  memory: 662  
2025/10/25 20:51:26 - mmengine - INFO - Iter(val) [210/237]    eta: 0:00:00  time: 0.0087  data_time: 0.0008  memory: 662  
2025/10/25 20:51:26 - mmengine - INFO - Iter(val) [215/237]    eta: 0:00:00  time: 0.0086  data_time: 0.0007  memory: 662  
2025/10/25 20:51:26 - mmengine - INFO - Iter(val) [220/237]    eta: 0:00:00  time: 0.0086  data_time: 0.0007  memory: 662  
2025/10/25 20:51:26 - mmengine - INFO - Iter(val) [225/237]    eta: 0:00:00  time: 0.0087  data_time: 0.0008  memory: 662  
2025/10/25 20:51:26 - mmengine - INFO - Iter(val) [230/237]    eta: 0:00:00  time: 0.0090  data_time: 0.0008  memory: 662  
2025/10/25 20:51:26 - mmengine - INFO - Iter(val) [235/237]    eta: 0:00:00  time: 0.0090  data_time: 0.0008  memory: 662  
2025/10/25 20:51:26 - mmengine - INFO - per class results:
2025/10/25 20:51:26 - mmengine - INFO - 
+------------+-------+-------+
|   Class    |  IoU  |  Acc  |
+------------+-------+-------+
| background | 97.48 | 98.37 |
|   crack    | 58.69 | 79.87 |
+------------+-------+-------+
2025/10/25 20:51:26 - mmengine - INFO - Iter(val) [237/237]    aAcc: 97.5700  mIoU: 78.0800  mAcc: 89.1200  data_time: 0.0008  time: 0.0088
2025/10/25 20:51:28 - mmengine - INFO - Iter(train) [ 575/1000]  lr: 4.6875e-03  eta: 0:02:13  time: 0.2879  data_time: 0.0045  memory: 10177  loss: 0.3957  decode.loss_ce: 0.2626  decode.acc_seg: 96.6206  aux.loss_ce: 0.1331  aux.acc_seg: 95.6943
2025/10/25 20:51:29 - mmengine - INFO - Iter(train) [ 580/1000]  lr: 4.6389e-03  eta: 0:02:11  time: 0.2882  data_time: 0.0046  memory: 10177  loss: 0.4109  decode.loss_ce: 0.2757  decode.acc_seg: 96.4417  aux.loss_ce: 0.1353  aux.acc_seg: 97.0026
2025/10/25 20:51:29 - mmengine - INFO - Saving checkpoint at 580 iterations
2025/10/25 20:51:30 - mmengine - INFO - Iter(val) [  5/237]    eta: 0:00:02  time: 0.0099  data_time: 0.0015  memory: 662  
2025/10/25 20:51:30 - mmengine - INFO - Iter(val) [ 10/237]    eta: 0:00:02  time: 0.0097  data_time: 0.0013  memory: 662  
2025/10/25 20:51:30 - mmengine - INFO - Iter(val) [ 15/237]    eta: 0:00:02  time: 0.0085  data_time: 0.0006  memory: 662  
2025/10/25 20:51:30 - mmengine - INFO - Iter(val) [ 20/237]    eta: 0:00:01  time: 0.0086  data_time: 0.0007  memory: 662  
2025/10/25 20:51:30 - mmengine - INFO - Iter(val) [ 25/237]    eta: 0:00:01  time: 0.0086  data_time: 0.0007  memory: 662  
2025/10/25 20:51:30 - mmengine - INFO - Iter(val) [ 30/237]    eta: 0:00:01  time: 0.0086  data_time: 0.0007  memory: 662  
2025/10/25 20:51:30 - mmengine - INFO - Iter(val) [ 35/237]    eta: 0:00:01  time: 0.0086  data_time: 0.0008  memory: 662  
2025/10/25 20:51:30 - mmengine - INFO - Iter(val) [ 40/237]    eta: 0:00:01  time: 0.0087  data_time: 0.0008  memory: 662  
2025/10/25 20:51:30 - mmengine - INFO - Iter(val) [ 45/237]    eta: 0:00:01  time: 0.0087  data_time: 0.0008  memory: 662  
2025/10/25 20:51:30 - mmengine - INFO - Iter(val) [ 50/237]    eta: 0:00:01  time: 0.0087  data_time: 0.0008  memory: 662  
2025/10/25 20:51:30 - mmengine - INFO - Iter(val) [ 55/237]    eta: 0:00:01  time: 0.0087  data_time: 0.0008  memory: 662  
2025/10/25 20:51:30 - mmengine - INFO - Iter(val) [ 60/237]    eta: 0:00:01  time: 0.0088  data_time: 0.0008  memory: 662  
2025/10/25 20:51:30 - mmengine - INFO - Iter(val) [ 65/237]    eta: 0:00:01  time: 0.0088  data_time: 0.0008  memory: 662  
2025/10/25 20:51:31 - mmengine - INFO - Iter(val) [ 70/237]    eta: 0:00:01  time: 0.0088  data_time: 0.0008  memory: 662  
2025/10/25 20:51:31 - mmengine - INFO - Iter(val) [ 75/237]    eta: 0:00:01  time: 0.0087  data_time: 0.0008  memory: 662  
2025/10/25 20:51:31 - mmengine - INFO - Iter(val) [ 80/237]    eta: 0:00:01  time: 0.0086  data_time: 0.0007  memory: 662  
2025/10/25 20:51:31 - mmengine - INFO - Iter(val) [ 85/237]    eta: 0:00:01  time: 0.0086  data_time: 0.0007  memory: 662  
2025/10/25 20:51:31 - mmengine - INFO - Iter(val) [ 90/237]    eta: 0:00:01  time: 0.0087  data_time: 0.0008  memory: 662  
2025/10/25 20:51:31 - mmengine - INFO - Iter(val) [ 95/237]    eta: 0:00:01  time: 0.0090  data_time: 0.0008  memory: 662  
2025/10/25 20:51:31 - mmengine - INFO - Iter(val) [100/237]    eta: 0:00:01  time: 0.0091  data_time: 0.0008  memory: 662  
2025/10/25 20:51:31 - mmengine - INFO - Iter(val) [105/237]    eta: 0:00:01  time: 0.0087  data_time: 0.0007  memory: 662  
2025/10/25 20:51:31 - mmengine - INFO - Iter(val) [110/237]    eta: 0:00:01  time: 0.0088  data_time: 0.0009  memory: 662  
2025/10/25 20:51:31 - mmengine - INFO - Iter(val) [115/237]    eta: 0:00:01  time: 0.0087  data_time: 0.0008  memory: 662  
2025/10/25 20:51:31 - mmengine - INFO - Iter(val) [120/237]    eta: 0:00:01  time: 0.0086  data_time: 0.0008  memory: 662  
2025/10/25 20:51:31 - mmengine - INFO - Iter(val) [125/237]    eta: 0:00:00  time: 0.0087  data_time: 0.0008  memory: 662  
2025/10/25 20:51:31 - mmengine - INFO - Iter(val) [130/237]    eta: 0:00:00  time: 0.0087  data_time: 0.0008  memory: 662  
2025/10/25 20:51:31 - mmengine - INFO - Iter(val) [135/237]    eta: 0:00:00  time: 0.0087  data_time: 0.0008  memory: 662  
2025/10/25 20:51:31 - mmengine - INFO - Iter(val) [140/237]    eta: 0:00:00  time: 0.0087  data_time: 0.0008  memory: 662  
2025/10/25 20:51:31 - mmengine - INFO - Iter(val) [145/237]    eta: 0:00:00  time: 0.0087  data_time: 0.0008  memory: 662  
2025/10/25 20:51:31 - mmengine - INFO - Iter(val) [150/237]    eta: 0:00:00  time: 0.0088  data_time: 0.0008  memory: 662  
2025/10/25 20:51:31 - mmengine - INFO - Iter(val) [155/237]    eta: 0:00:00  time: 0.0088  data_time: 0.0009  memory: 662  
2025/10/25 20:51:31 - mmengine - INFO - Iter(val) [160/237]    eta: 0:00:00  time: 0.0097  data_time: 0.0010  memory: 662  
2025/10/25 20:51:31 - mmengine - INFO - Iter(val) [165/237]    eta: 0:00:00  time: 0.0097  data_time: 0.0010  memory: 662  
2025/10/25 20:51:31 - mmengine - INFO - Iter(val) [170/237]    eta: 0:00:00  time: 0.0088  data_time: 0.0008  memory: 662  
2025/10/25 20:51:31 - mmengine - INFO - Iter(val) [175/237]    eta: 0:00:00  time: 0.0087  data_time: 0.0007  memory: 662  
2025/10/25 20:51:31 - mmengine - INFO - Iter(val) [180/237]    eta: 0:00:00  time: 0.0086  data_time: 0.0007  memory: 662  
2025/10/25 20:51:32 - mmengine - INFO - Iter(val) [185/237]    eta: 0:00:00  time: 0.0086  data_time: 0.0007  memory: 662  
2025/10/25 20:51:32 - mmengine - INFO - Iter(val) [190/237]    eta: 0:00:00  time: 0.0086  data_time: 0.0007  memory: 662  
2025/10/25 20:51:32 - mmengine - INFO - Iter(val) [195/237]    eta: 0:00:00  time: 0.0086  data_time: 0.0007  memory: 662  
2025/10/25 20:51:32 - mmengine - INFO - Iter(val) [200/237]    eta: 0:00:00  time: 0.0086  data_time: 0.0007  memory: 662  
2025/10/25 20:51:32 - mmengine - INFO - Iter(val) [205/237]    eta: 0:00:00  time: 0.0087  data_time: 0.0007  memory: 662  
2025/10/25 20:51:32 - mmengine - INFO - Iter(val) [210/237]    eta: 0:00:00  time: 0.0087  data_time: 0.0007  memory: 662  
2025/10/25 20:51:32 - mmengine - INFO - Iter(val) [215/237]    eta: 0:00:00  time: 0.0087  data_time: 0.0007  memory: 662  
2025/10/25 20:51:32 - mmengine - INFO - Iter(val) [220/237]    eta: 0:00:00  time: 0.0086  data_time: 0.0007  memory: 662  
2025/10/25 20:51:32 - mmengine - INFO - Iter(val) [225/237]    eta: 0:00:00  time: 0.0085  data_time: 0.0007  memory: 662  
2025/10/25 20:51:32 - mmengine - INFO - Iter(val) [230/237]    eta: 0:00:00  time: 0.0085  data_time: 0.0007  memory: 662  
2025/10/25 20:51:32 - mmengine - INFO - Iter(val) [235/237]    eta: 0:00:00  time: 0.0085  data_time: 0.0006  memory: 662  
2025/10/25 20:51:32 - mmengine - INFO - per class results:
2025/10/25 20:51:32 - mmengine - INFO - 
+------------+-------+-------+
|   Class    |  IoU  |  Acc  |
+------------+-------+-------+
| background | 96.66 | 97.26 |
|   crack    | 53.67 | 86.19 |
+------------+-------+-------+
2025/10/25 20:51:32 - mmengine - INFO - Iter(val) [237/237]    aAcc: 96.7800  mIoU: 75.1600  mAcc: 91.7300  data_time: 0.0008  time: 0.0088
2025/10/25 20:51:33 - mmengine - INFO - Iter(train) [ 585/1000]  lr: 4.5902e-03  eta: 0:02:10  time: 0.2881  data_time: 0.0047  memory: 10177  loss: 0.4144  decode.loss_ce: 0.2774  decode.acc_seg: 92.2443  aux.loss_ce: 0.1370  aux.acc_seg: 95.1348
2025/10/25 20:51:35 - mmengine - INFO - Iter(train) [ 590/1000]  lr: 4.5415e-03  eta: 0:02:08  time: 0.2881  data_time: 0.0046  memory: 10177  loss: 0.3931  decode.loss_ce: 0.2608  decode.acc_seg: 93.6336  aux.loss_ce: 0.1322  aux.acc_seg: 95.6340
2025/10/25 20:51:35 - mmengine - INFO - Saving checkpoint at 590 iterations
2025/10/25 20:51:35 - mmengine - INFO - Iter(val) [  5/237]    eta: 0:00:02  time: 0.0094  data_time: 0.0014  memory: 662  
2025/10/25 20:51:35 - mmengine - INFO - Iter(val) [ 10/237]    eta: 0:00:02  time: 0.0094  data_time: 0.0014  memory: 662  
2025/10/25 20:51:36 - mmengine - INFO - Iter(val) [ 15/237]    eta: 0:00:02  time: 0.0086  data_time: 0.0006  memory: 662  
2025/10/25 20:51:36 - mmengine - INFO - Iter(val) [ 20/237]    eta: 0:00:01  time: 0.0086  data_time: 0.0008  memory: 662  
2025/10/25 20:51:36 - mmengine - INFO - Iter(val) [ 25/237]    eta: 0:00:01  time: 0.0086  data_time: 0.0008  memory: 662  
2025/10/25 20:51:36 - mmengine - INFO - Iter(val) [ 30/237]    eta: 0:00:01  time: 0.0086  data_time: 0.0007  memory: 662  
2025/10/25 20:51:36 - mmengine - INFO - Iter(val) [ 35/237]    eta: 0:00:01  time: 0.0087  data_time: 0.0008  memory: 662  
2025/10/25 20:51:36 - mmengine - INFO - Iter(val) [ 40/237]    eta: 0:00:01  time: 0.0088  data_time: 0.0008  memory: 662  
2025/10/25 20:51:36 - mmengine - INFO - Iter(val) [ 45/237]    eta: 0:00:01  time: 0.0089  data_time: 0.0009  memory: 662  
2025/10/25 20:51:36 - mmengine - INFO - Iter(val) [ 50/237]    eta: 0:00:01  time: 0.0090  data_time: 0.0009  memory: 662  
2025/10/25 20:51:36 - mmengine - INFO - Iter(val) [ 55/237]    eta: 0:00:01  time: 0.0090  data_time: 0.0009  memory: 662  
2025/10/25 20:51:36 - mmengine - INFO - Iter(val) [ 60/237]    eta: 0:00:01  time: 0.0088  data_time: 0.0008  memory: 662  
2025/10/25 20:51:36 - mmengine - INFO - Iter(val) [ 65/237]    eta: 0:00:01  time: 0.0087  data_time: 0.0008  memory: 662  
2025/10/25 20:51:36 - mmengine - INFO - Iter(val) [ 70/237]    eta: 0:00:01  time: 0.0087  data_time: 0.0008  memory: 662  
2025/10/25 20:51:36 - mmengine - INFO - Iter(val) [ 75/237]    eta: 0:00:01  time: 0.0087  data_time: 0.0008  memory: 662  
2025/10/25 20:51:36 - mmengine - INFO - Iter(val) [ 80/237]    eta: 0:00:01  time: 0.0087  data_time: 0.0008  memory: 662  
2025/10/25 20:51:36 - mmengine - INFO - Iter(val) [ 85/237]    eta: 0:00:01  time: 0.0087  data_time: 0.0008  memory: 662  
2025/10/25 20:51:36 - mmengine - INFO - Iter(val) [ 90/237]    eta: 0:00:01  time: 0.0088  data_time: 0.0008  memory: 662  
2025/10/25 20:51:36 - mmengine - INFO - Iter(val) [ 95/237]    eta: 0:00:01  time: 0.0088  data_time: 0.0008  memory: 662  
2025/10/25 20:51:36 - mmengine - INFO - Iter(val) [100/237]    eta: 0:00:01  time: 0.0087  data_time: 0.0008  memory: 662  
2025/10/25 20:51:36 - mmengine - INFO - Iter(val) [105/237]    eta: 0:00:01  time: 0.0088  data_time: 0.0008  memory: 662  
2025/10/25 20:51:36 - mmengine - INFO - Iter(val) [110/237]    eta: 0:00:01  time: 0.0087  data_time: 0.0008  memory: 662  
2025/10/25 20:51:36 - mmengine - INFO - Iter(val) [115/237]    eta: 0:00:01  time: 0.0091  data_time: 0.0009  memory: 662  
2025/10/25 20:51:36 - mmengine - INFO - Iter(val) [120/237]    eta: 0:00:01  time: 0.0092  data_time: 0.0010  memory: 662  
2025/10/25 20:51:37 - mmengine - INFO - Iter(val) [125/237]    eta: 0:00:00  time: 0.0090  data_time: 0.0009  memory: 662  
2025/10/25 20:51:37 - mmengine - INFO - Iter(val) [130/237]    eta: 0:00:00  time: 0.0088  data_time: 0.0008  memory: 662  
2025/10/25 20:51:37 - mmengine - INFO - Iter(val) [135/237]    eta: 0:00:00  time: 0.0092  data_time: 0.0009  memory: 662  
2025/10/25 20:51:37 - mmengine - INFO - Iter(val) [140/237]    eta: 0:00:00  time: 0.0092  data_time: 0.0009  memory: 662  
2025/10/25 20:51:37 - mmengine - INFO - Iter(val) [145/237]    eta: 0:00:00  time: 0.0088  data_time: 0.0008  memory: 662  
2025/10/25 20:51:37 - mmengine - INFO - Iter(val) [150/237]    eta: 0:00:00  time: 0.0088  data_time: 0.0008  memory: 662  
2025/10/25 20:51:37 - mmengine - INFO - Iter(val) [155/237]    eta: 0:00:00  time: 0.0087  data_time: 0.0008  memory: 662  
2025/10/25 20:51:37 - mmengine - INFO - Iter(val) [160/237]    eta: 0:00:00  time: 0.0087  data_time: 0.0008  memory: 662  
2025/10/25 20:51:37 - mmengine - INFO - Iter(val) [165/237]    eta: 0:00:00  time: 0.0087  data_time: 0.0008  memory: 662  
2025/10/25 20:51:37 - mmengine - INFO - Iter(val) [170/237]    eta: 0:00:00  time: 0.0086  data_time: 0.0008  memory: 662  
2025/10/25 20:51:37 - mmengine - INFO - Iter(val) [175/237]    eta: 0:00:00  time: 0.0087  data_time: 0.0008  memory: 662  
2025/10/25 20:51:37 - mmengine - INFO - Iter(val) [180/237]    eta: 0:00:00  time: 0.0087  data_time: 0.0008  memory: 662  
2025/10/25 20:51:37 - mmengine - INFO - Iter(val) [185/237]    eta: 0:00:00  time: 0.0087  data_time: 0.0008  memory: 662  
2025/10/25 20:51:37 - mmengine - INFO - Iter(val) [190/237]    eta: 0:00:00  time: 0.0087  data_time: 0.0008  memory: 662  
2025/10/25 20:51:37 - mmengine - INFO - Iter(val) [195/237]    eta: 0:00:00  time: 0.0087  data_time: 0.0008  memory: 662  
2025/10/25 20:51:37 - mmengine - INFO - Iter(val) [200/237]    eta: 0:00:00  time: 0.0087  data_time: 0.0008  memory: 662  
2025/10/25 20:51:37 - mmengine - INFO - Iter(val) [205/237]    eta: 0:00:00  time: 0.0087  data_time: 0.0008  memory: 662  
2025/10/25 20:51:37 - mmengine - INFO - Iter(val) [210/237]    eta: 0:00:00  time: 0.0087  data_time: 0.0008  memory: 662  
2025/10/25 20:51:37 - mmengine - INFO - Iter(val) [215/237]    eta: 0:00:00  time: 0.0091  data_time: 0.0009  memory: 662  
2025/10/25 20:51:37 - mmengine - INFO - Iter(val) [220/237]    eta: 0:00:00  time: 0.0092  data_time: 0.0010  memory: 662  
2025/10/25 20:51:37 - mmengine - INFO - Iter(val) [225/237]    eta: 0:00:00  time: 0.0089  data_time: 0.0009  memory: 662  
2025/10/25 20:51:37 - mmengine - INFO - Iter(val) [230/237]    eta: 0:00:00  time: 0.0088  data_time: 0.0008  memory: 662  
2025/10/25 20:51:37 - mmengine - INFO - Iter(val) [235/237]    eta: 0:00:00  time: 0.0086  data_time: 0.0007  memory: 662  
2025/10/25 20:51:37 - mmengine - INFO - per class results:
2025/10/25 20:51:37 - mmengine - INFO - 
+------------+-------+-------+
|   Class    |  IoU  |  Acc  |
+------------+-------+-------+
| background | 96.87 | 97.61 |
|   crack    | 54.32 | 82.99 |
+------------+-------+-------+
2025/10/25 20:51:38 - mmengine - INFO - Iter(val) [237/237]    aAcc: 96.9800  mIoU: 75.5900  mAcc: 90.3000  data_time: 0.0008  time: 0.0088
2025/10/25 20:51:39 - mmengine - INFO - Iter(train) [ 595/1000]  lr: 4.4927e-03  eta: 0:02:06  time: 0.2882  data_time: 0.0046  memory: 10177  loss: 0.4061  decode.loss_ce: 0.2699  decode.acc_seg: 93.6233  aux.loss_ce: 0.1362  aux.acc_seg: 92.9523
2025/10/25 20:51:40 - mmengine - INFO - Iter(train) [ 600/1000]  lr: 4.4439e-03  eta: 0:02:05  time: 0.2880  data_time: 0.0046  memory: 10177  loss: 0.3984  decode.loss_ce: 0.2648  decode.acc_seg: 93.9889  aux.loss_ce: 0.1336  aux.acc_seg: 94.2298
2025/10/25 20:51:40 - mmengine - INFO - Saving checkpoint at 600 iterations
2025/10/25 20:51:41 - mmengine - INFO - Iter(val) [  5/237]    eta: 0:00:02  time: 0.0095  data_time: 0.0014  memory: 662  
2025/10/25 20:51:41 - mmengine - INFO - Iter(val) [ 10/237]    eta: 0:00:02  time: 0.0094  data_time: 0.0014  memory: 662  
2025/10/25 20:51:41 - mmengine - INFO - Iter(val) [ 15/237]    eta: 0:00:02  time: 0.0087  data_time: 0.0007  memory: 662  
2025/10/25 20:51:41 - mmengine - INFO - Iter(val) [ 20/237]    eta: 0:00:02  time: 0.0091  data_time: 0.0008  memory: 662  
2025/10/25 20:51:41 - mmengine - INFO - Iter(val) [ 25/237]    eta: 0:00:01  time: 0.0089  data_time: 0.0008  memory: 662  
2025/10/25 20:51:41 - mmengine - INFO - Iter(val) [ 30/237]    eta: 0:00:01  time: 0.0086  data_time: 0.0007  memory: 662  
2025/10/25 20:51:41 - mmengine - INFO - Iter(val) [ 35/237]    eta: 0:00:01  time: 0.0086  data_time: 0.0007  memory: 662  
2025/10/25 20:51:41 - mmengine - INFO - Iter(val) [ 40/237]    eta: 0:00:01  time: 0.0088  data_time: 0.0008  memory: 662  
2025/10/25 20:51:41 - mmengine - INFO - Iter(val) [ 45/237]    eta: 0:00:01  time: 0.0089  data_time: 0.0008  memory: 662  
2025/10/25 20:51:41 - mmengine - INFO - Iter(val) [ 50/237]    eta: 0:00:01  time: 0.0086  data_time: 0.0007  memory: 662  
2025/10/25 20:51:41 - mmengine - INFO - Iter(val) [ 55/237]    eta: 0:00:01  time: 0.0086  data_time: 0.0007  memory: 662  
2025/10/25 20:51:41 - mmengine - INFO - Iter(val) [ 60/237]    eta: 0:00:01  time: 0.0086  data_time: 0.0007  memory: 662  
2025/10/25 20:51:41 - mmengine - INFO - Iter(val) [ 65/237]    eta: 0:00:01  time: 0.0086  data_time: 0.0007  memory: 662  
2025/10/25 20:51:42 - mmengine - INFO - Iter(val) [ 70/237]    eta: 0:00:01  time: 0.0087  data_time: 0.0008  memory: 662  
2025/10/25 20:51:42 - mmengine - INFO - Iter(val) [ 75/237]    eta: 0:00:01  time: 0.0088  data_time: 0.0008  memory: 662  
2025/10/25 20:51:42 - mmengine - INFO - Iter(val) [ 80/237]    eta: 0:00:01  time: 0.0087  data_time: 0.0008  memory: 662  
2025/10/25 20:51:42 - mmengine - INFO - Iter(val) [ 85/237]    eta: 0:00:01  time: 0.0086  data_time: 0.0007  memory: 662  
2025/10/25 20:51:42 - mmengine - INFO - Iter(val) [ 90/237]    eta: 0:00:01  time: 0.0086  data_time: 0.0007  memory: 662  
2025/10/25 20:51:42 - mmengine - INFO - Iter(val) [ 95/237]    eta: 0:00:01  time: 0.0087  data_time: 0.0008  memory: 662  
2025/10/25 20:51:42 - mmengine - INFO - Iter(val) [100/237]    eta: 0:00:01  time: 0.0087  data_time: 0.0008  memory: 662  
2025/10/25 20:51:42 - mmengine - INFO - Iter(val) [105/237]    eta: 0:00:01  time: 0.0088  data_time: 0.0008  memory: 662  
2025/10/25 20:51:42 - mmengine - INFO - Iter(val) [110/237]    eta: 0:00:01  time: 0.0087  data_time: 0.0008  memory: 662  
2025/10/25 20:51:42 - mmengine - INFO - Iter(val) [115/237]    eta: 0:00:01  time: 0.0087  data_time: 0.0008  memory: 662  
2025/10/25 20:51:42 - mmengine - INFO - Iter(val) [120/237]    eta: 0:00:01  time: 0.0088  data_time: 0.0008  memory: 662  
2025/10/25 20:51:42 - mmengine - INFO - Iter(val) [125/237]    eta: 0:00:00  time: 0.0088  data_time: 0.0008  memory: 662  
2025/10/25 20:51:42 - mmengine - INFO - Iter(val) [130/237]    eta: 0:00:00  time: 0.0087  data_time: 0.0008  memory: 662  
2025/10/25 20:51:42 - mmengine - INFO - Iter(val) [135/237]    eta: 0:00:00  time: 0.0087  data_time: 0.0008  memory: 662  
2025/10/25 20:51:42 - mmengine - INFO - Iter(val) [140/237]    eta: 0:00:00  time: 0.0087  data_time: 0.0007  memory: 662  
2025/10/25 20:51:42 - mmengine - INFO - Iter(val) [145/237]    eta: 0:00:00  time: 0.0086  data_time: 0.0007  memory: 662  
2025/10/25 20:51:42 - mmengine - INFO - Iter(val) [150/237]    eta: 0:00:00  time: 0.0087  data_time: 0.0008  memory: 662  
2025/10/25 20:51:42 - mmengine - INFO - Iter(val) [155/237]    eta: 0:00:00  time: 0.0087  data_time: 0.0008  memory: 662  
2025/10/25 20:51:42 - mmengine - INFO - Iter(val) [160/237]    eta: 0:00:00  time: 0.0087  data_time: 0.0008  memory: 662  
2025/10/25 20:51:42 - mmengine - INFO - Iter(val) [165/237]    eta: 0:00:00  time: 0.0090  data_time: 0.0009  memory: 662  
2025/10/25 20:51:42 - mmengine - INFO - Iter(val) [170/237]    eta: 0:00:00  time: 0.0091  data_time: 0.0009  memory: 662  
2025/10/25 20:51:42 - mmengine - INFO - Iter(val) [175/237]    eta: 0:00:00  time: 0.0090  data_time: 0.0009  memory: 662  
2025/10/25 20:51:42 - mmengine - INFO - Iter(val) [180/237]    eta: 0:00:00  time: 0.0091  data_time: 0.0010  memory: 662  
2025/10/25 20:51:43 - mmengine - INFO - Iter(val) [185/237]    eta: 0:00:00  time: 0.0091  data_time: 0.0010  memory: 662  
2025/10/25 20:51:43 - mmengine - INFO - Iter(val) [190/237]    eta: 0:00:00  time: 0.0090  data_time: 0.0009  memory: 662  
2025/10/25 20:51:43 - mmengine - INFO - Iter(val) [195/237]    eta: 0:00:00  time: 0.0089  data_time: 0.0009  memory: 662  
2025/10/25 20:51:43 - mmengine - INFO - Iter(val) [200/237]    eta: 0:00:00  time: 0.0087  data_time: 0.0008  memory: 662  
2025/10/25 20:51:43 - mmengine - INFO - Iter(val) [205/237]    eta: 0:00:00  time: 0.0087  data_time: 0.0008  memory: 662  
2025/10/25 20:51:43 - mmengine - INFO - Iter(val) [210/237]    eta: 0:00:00  time: 0.0087  data_time: 0.0008  memory: 662  
2025/10/25 20:51:43 - mmengine - INFO - Iter(val) [215/237]    eta: 0:00:00  time: 0.0086  data_time: 0.0007  memory: 662  
2025/10/25 20:51:43 - mmengine - INFO - Iter(val) [220/237]    eta: 0:00:00  time: 0.0087  data_time: 0.0007  memory: 662  
2025/10/25 20:51:43 - mmengine - INFO - Iter(val) [225/237]    eta: 0:00:00  time: 0.0087  data_time: 0.0008  memory: 662  
2025/10/25 20:51:43 - mmengine - INFO - Iter(val) [230/237]    eta: 0:00:00  time: 0.0088  data_time: 0.0008  memory: 662  
2025/10/25 20:51:43 - mmengine - INFO - Iter(val) [235/237]    eta: 0:00:00  time: 0.0087  data_time: 0.0008  memory: 662  
2025/10/25 20:51:43 - mmengine - INFO - per class results:
2025/10/25 20:51:43 - mmengine - INFO - 
+------------+-------+-------+
|   Class    |  IoU  |  Acc  |
+------------+-------+-------+
| background | 97.45 | 98.53 |
|   crack    | 56.99 | 75.48 |
+------------+-------+-------+
2025/10/25 20:51:43 - mmengine - INFO - Iter(val) [237/237]    aAcc: 97.5400  mIoU: 77.2200  mAcc: 87.0100  data_time: 0.0008  time: 0.0088
2025/10/25 20:51:44 - mmengine - INFO - Iter(train) [ 605/1000]  lr: 4.3950e-03  eta: 0:02:03  time: 0.2880  data_time: 0.0046  memory: 10177  loss: 0.4273  decode.loss_ce: 0.2840  decode.acc_seg: 90.3814  aux.loss_ce: 0.1433  aux.acc_seg: 93.3410
2025/10/25 20:51:46 - mmengine - INFO - Iter(train) [ 610/1000]  lr: 4.3460e-03  eta: 0:02:01  time: 0.2883  data_time: 0.0048  memory: 10177  loss: 0.4548  decode.loss_ce: 0.3064  decode.acc_seg: 89.9302  aux.loss_ce: 0.1484  aux.acc_seg: 92.5082
2025/10/25 20:51:46 - mmengine - INFO - Saving checkpoint at 610 iterations
2025/10/25 20:51:47 - mmengine - INFO - Iter(val) [  5/237]    eta: 0:00:02  time: 0.0091  data_time: 0.0012  memory: 662  
2025/10/25 20:51:47 - mmengine - INFO - Iter(val) [ 10/237]    eta: 0:00:02  time: 0.0090  data_time: 0.0011  memory: 662  
2025/10/25 20:51:47 - mmengine - INFO - Iter(val) [ 15/237]    eta: 0:00:01  time: 0.0085  data_time: 0.0006  memory: 662  
2025/10/25 20:51:47 - mmengine - INFO - Iter(val) [ 20/237]    eta: 0:00:01  time: 0.0086  data_time: 0.0008  memory: 662  
2025/10/25 20:51:47 - mmengine - INFO - Iter(val) [ 25/237]    eta: 0:00:01  time: 0.0087  data_time: 0.0008  memory: 662  
2025/10/25 20:51:47 - mmengine - INFO - Iter(val) [ 30/237]    eta: 0:00:01  time: 0.0087  data_time: 0.0008  memory: 662  
2025/10/25 20:51:47 - mmengine - INFO - Iter(val) [ 35/237]    eta: 0:00:01  time: 0.0087  data_time: 0.0008  memory: 662  
2025/10/25 20:51:47 - mmengine - INFO - Iter(val) [ 40/237]    eta: 0:00:01  time: 0.0087  data_time: 0.0008  memory: 662  
2025/10/25 20:51:47 - mmengine - INFO - Iter(val) [ 45/237]    eta: 0:00:01  time: 0.0087  data_time: 0.0008  memory: 662  
2025/10/25 20:51:47 - mmengine - INFO - Iter(val) [ 50/237]    eta: 0:00:01  time: 0.0086  data_time: 0.0008  memory: 662  
2025/10/25 20:51:47 - mmengine - INFO - Iter(val) [ 55/237]    eta: 0:00:01  time: 0.0087  data_time: 0.0008  memory: 662  
2025/10/25 20:51:47 - mmengine - INFO - Iter(val) [ 60/237]    eta: 0:00:01  time: 0.0088  data_time: 0.0009  memory: 662  
2025/10/25 20:51:47 - mmengine - INFO - Iter(val) [ 65/237]    eta: 0:00:01  time: 0.0090  data_time: 0.0009  memory: 662  
2025/10/25 20:51:47 - mmengine - INFO - Iter(val) [ 70/237]    eta: 0:00:01  time: 0.0088  data_time: 0.0009  memory: 662  
2025/10/25 20:51:47 - mmengine - INFO - Iter(val) [ 75/237]    eta: 0:00:01  time: 0.0087  data_time: 0.0008  memory: 662  
2025/10/25 20:51:47 - mmengine - INFO - Iter(val) [ 80/237]    eta: 0:00:01  time: 0.0087  data_time: 0.0008  memory: 662  
2025/10/25 20:51:47 - mmengine - INFO - Iter(val) [ 85/237]    eta: 0:00:01  time: 0.0086  data_time: 0.0008  memory: 662  
2025/10/25 20:51:47 - mmengine - INFO - Iter(val) [ 90/237]    eta: 0:00:01  time: 0.0087  data_time: 0.0008  memory: 662  
2025/10/25 20:51:47 - mmengine - INFO - Iter(val) [ 95/237]    eta: 0:00:01  time: 0.0087  data_time: 0.0008  memory: 662  
2025/10/25 20:51:47 - mmengine - INFO - Iter(val) [100/237]    eta: 0:00:01  time: 0.0087  data_time: 0.0008  memory: 662  
2025/10/25 20:51:47 - mmengine - INFO - Iter(val) [105/237]    eta: 0:00:01  time: 0.0086  data_time: 0.0007  memory: 662  
2025/10/25 20:51:47 - mmengine - INFO - Iter(val) [110/237]    eta: 0:00:01  time: 0.0086  data_time: 0.0007  memory: 662  
2025/10/25 20:51:48 - mmengine - INFO - Iter(val) [115/237]    eta: 0:00:01  time: 0.0086  data_time: 0.0008  memory: 662  
2025/10/25 20:51:48 - mmengine - INFO - Iter(val) [120/237]    eta: 0:00:01  time: 0.0087  data_time: 0.0008  memory: 662  
2025/10/25 20:51:48 - mmengine - INFO - Iter(val) [125/237]    eta: 0:00:00  time: 0.0087  data_time: 0.0008  memory: 662  
2025/10/25 20:51:48 - mmengine - INFO - Iter(val) [130/237]    eta: 0:00:00  time: 0.0087  data_time: 0.0008  memory: 662  
2025/10/25 20:51:48 - mmengine - INFO - Iter(val) [135/237]    eta: 0:00:00  time: 0.0087  data_time: 0.0008  memory: 662  
2025/10/25 20:51:48 - mmengine - INFO - Iter(val) [140/237]    eta: 0:00:00  time: 0.0087  data_time: 0.0008  memory: 662  
2025/10/25 20:51:48 - mmengine - INFO - Iter(val) [145/237]    eta: 0:00:00  time: 0.0087  data_time: 0.0008  memory: 662  
2025/10/25 20:51:48 - mmengine - INFO - Iter(val) [150/237]    eta: 0:00:00  time: 0.0087  data_time: 0.0008  memory: 662  
2025/10/25 20:51:48 - mmengine - INFO - Iter(val) [155/237]    eta: 0:00:00  time: 0.0087  data_time: 0.0008  memory: 662  
2025/10/25 20:51:48 - mmengine - INFO - Iter(val) [160/237]    eta: 0:00:00  time: 0.0087  data_time: 0.0008  memory: 662  
2025/10/25 20:51:48 - mmengine - INFO - Iter(val) [165/237]    eta: 0:00:00  time: 0.0087  data_time: 0.0008  memory: 662  
2025/10/25 20:51:48 - mmengine - INFO - Iter(val) [170/237]    eta: 0:00:00  time: 0.0087  data_time: 0.0008  memory: 662  
2025/10/25 20:51:48 - mmengine - INFO - Iter(val) [175/237]    eta: 0:00:00  time: 0.0087  data_time: 0.0008  memory: 662  
2025/10/25 20:51:48 - mmengine - INFO - Iter(val) [180/237]    eta: 0:00:00  time: 0.0087  data_time: 0.0008  memory: 662  
2025/10/25 20:51:48 - mmengine - INFO - Iter(val) [185/237]    eta: 0:00:00  time: 0.0087  data_time: 0.0008  memory: 662  
2025/10/25 20:51:48 - mmengine - INFO - Iter(val) [190/237]    eta: 0:00:00  time: 0.0087  data_time: 0.0008  memory: 662  
2025/10/25 20:51:48 - mmengine - INFO - Iter(val) [195/237]    eta: 0:00:00  time: 0.0087  data_time: 0.0008  memory: 662  
2025/10/25 20:51:48 - mmengine - INFO - Iter(val) [200/237]    eta: 0:00:00  time: 0.0087  data_time: 0.0008  memory: 662  
2025/10/25 20:51:48 - mmengine - INFO - Iter(val) [205/237]    eta: 0:00:00  time: 0.0087  data_time: 0.0008  memory: 662  
2025/10/25 20:51:48 - mmengine - INFO - Iter(val) [210/237]    eta: 0:00:00  time: 0.0087  data_time: 0.0008  memory: 662  
2025/10/25 20:51:48 - mmengine - INFO - Iter(val) [215/237]    eta: 0:00:00  time: 0.0088  data_time: 0.0008  memory: 662  
2025/10/25 20:51:48 - mmengine - INFO - Iter(val) [220/237]    eta: 0:00:00  time: 0.0089  data_time: 0.0009  memory: 662  
2025/10/25 20:51:48 - mmengine - INFO - Iter(val) [225/237]    eta: 0:00:00  time: 0.0091  data_time: 0.0009  memory: 662  
2025/10/25 20:51:49 - mmengine - INFO - Iter(val) [230/237]    eta: 0:00:00  time: 0.0090  data_time: 0.0009  memory: 662  
2025/10/25 20:51:49 - mmengine - INFO - Iter(val) [235/237]    eta: 0:00:00  time: 0.0088  data_time: 0.0008  memory: 662  
2025/10/25 20:51:49 - mmengine - INFO - per class results:
2025/10/25 20:51:49 - mmengine - INFO - 
+------------+-------+-------+
|   Class    |  IoU  |  Acc  |
+------------+-------+-------+
| background | 96.76 | 97.44 |
|   crack    | 53.97 | 84.48 |
+------------+-------+-------+
2025/10/25 20:51:49 - mmengine - INFO - Iter(val) [237/237]    aAcc: 96.8800  mIoU: 75.3700  mAcc: 90.9600  data_time: 0.0008  time: 0.0087
2025/10/25 20:51:50 - mmengine - INFO - Iter(train) [ 615/1000]  lr: 4.2970e-03  eta: 0:02:00  time: 0.2883  data_time: 0.0049  memory: 10177  loss: 0.4338  decode.loss_ce: 0.2923  decode.acc_seg: 94.6500  aux.loss_ce: 0.1414  aux.acc_seg: 94.1070
2025/10/25 20:51:51 - mmengine - INFO - Iter(train) [ 620/1000]  lr: 4.2479e-03  eta: 0:01:58  time: 0.2881  data_time: 0.0047  memory: 10177  loss: 0.4035  decode.loss_ce: 0.2689  decode.acc_seg: 94.1784  aux.loss_ce: 0.1347  aux.acc_seg: 94.2656
2025/10/25 20:51:51 - mmengine - INFO - Saving checkpoint at 620 iterations
2025/10/25 20:51:52 - mmengine - INFO - Iter(val) [  5/237]    eta: 0:00:02  time: 0.0092  data_time: 0.0012  memory: 662  
2025/10/25 20:51:52 - mmengine - INFO - Iter(val) [ 10/237]    eta: 0:00:02  time: 0.0091  data_time: 0.0012  memory: 662  
2025/10/25 20:51:52 - mmengine - INFO - Iter(val) [ 15/237]    eta: 0:00:01  time: 0.0086  data_time: 0.0007  memory: 662  
2025/10/25 20:51:52 - mmengine - INFO - Iter(val) [ 20/237]    eta: 0:00:01  time: 0.0087  data_time: 0.0008  memory: 662  
2025/10/25 20:51:52 - mmengine - INFO - Iter(val) [ 25/237]    eta: 0:00:01  time: 0.0087  data_time: 0.0008  memory: 662  
2025/10/25 20:51:52 - mmengine - INFO - Iter(val) [ 30/237]    eta: 0:00:01  time: 0.0088  data_time: 0.0008  memory: 662  
2025/10/25 20:51:52 - mmengine - INFO - Iter(val) [ 35/237]    eta: 0:00:01  time: 0.0088  data_time: 0.0008  memory: 662  
2025/10/25 20:51:52 - mmengine - INFO - Iter(val) [ 40/237]    eta: 0:00:01  time: 0.0088  data_time: 0.0009  memory: 662  
2025/10/25 20:51:52 - mmengine - INFO - Iter(val) [ 45/237]    eta: 0:00:01  time: 0.0088  data_time: 0.0009  memory: 662  
2025/10/25 20:51:52 - mmengine - INFO - Iter(val) [ 50/237]    eta: 0:00:01  time: 0.0090  data_time: 0.0009  memory: 662  
2025/10/25 20:51:52 - mmengine - INFO - Iter(val) [ 55/237]    eta: 0:00:01  time: 0.0092  data_time: 0.0009  memory: 662  
2025/10/25 20:51:53 - mmengine - INFO - Iter(val) [ 60/237]    eta: 0:00:01  time: 0.0090  data_time: 0.0009  memory: 662  
2025/10/25 20:51:53 - mmengine - INFO - Iter(val) [ 65/237]    eta: 0:00:01  time: 0.0088  data_time: 0.0008  memory: 662  
2025/10/25 20:51:53 - mmengine - INFO - Iter(val) [ 70/237]    eta: 0:00:01  time: 0.0087  data_time: 0.0008  memory: 662  
2025/10/25 20:51:53 - mmengine - INFO - Iter(val) [ 75/237]    eta: 0:00:01  time: 0.0087  data_time: 0.0008  memory: 662  
2025/10/25 20:51:53 - mmengine - INFO - Iter(val) [ 80/237]    eta: 0:00:01  time: 0.0087  data_time: 0.0008  memory: 662  
2025/10/25 20:51:53 - mmengine - INFO - Iter(val) [ 85/237]    eta: 0:00:01  time: 0.0087  data_time: 0.0008  memory: 662  
2025/10/25 20:51:53 - mmengine - INFO - Iter(val) [ 90/237]    eta: 0:00:01  time: 0.0087  data_time: 0.0008  memory: 662  
2025/10/25 20:51:53 - mmengine - INFO - Iter(val) [ 95/237]    eta: 0:00:01  time: 0.0087  data_time: 0.0008  memory: 662  
2025/10/25 20:51:53 - mmengine - INFO - Iter(val) [100/237]    eta: 0:00:01  time: 0.0086  data_time: 0.0008  memory: 662  
2025/10/25 20:51:53 - mmengine - INFO - Iter(val) [105/237]    eta: 0:00:01  time: 0.0087  data_time: 0.0008  memory: 662  
2025/10/25 20:51:53 - mmengine - INFO - Iter(val) [110/237]    eta: 0:00:01  time: 0.0087  data_time: 0.0008  memory: 662  
2025/10/25 20:51:53 - mmengine - INFO - Iter(val) [115/237]    eta: 0:00:01  time: 0.0088  data_time: 0.0008  memory: 662  
2025/10/25 20:51:53 - mmengine - INFO - Iter(val) [120/237]    eta: 0:00:01  time: 0.0090  data_time: 0.0009  memory: 662  
2025/10/25 20:51:53 - mmengine - INFO - Iter(val) [125/237]    eta: 0:00:00  time: 0.0091  data_time: 0.0009  memory: 662  
2025/10/25 20:51:53 - mmengine - INFO - Iter(val) [130/237]    eta: 0:00:00  time: 0.0088  data_time: 0.0008  memory: 662  
2025/10/25 20:51:53 - mmengine - INFO - Iter(val) [135/237]    eta: 0:00:00  time: 0.0088  data_time: 0.0008  memory: 662  
2025/10/25 20:51:53 - mmengine - INFO - Iter(val) [140/237]    eta: 0:00:00  time: 0.0087  data_time: 0.0008  memory: 662  
2025/10/25 20:51:53 - mmengine - INFO - Iter(val) [145/237]    eta: 0:00:00  time: 0.0087  data_time: 0.0008  memory: 662  
2025/10/25 20:51:53 - mmengine - INFO - Iter(val) [150/237]    eta: 0:00:00  time: 0.0087  data_time: 0.0008  memory: 662  
2025/10/25 20:51:53 - mmengine - INFO - Iter(val) [155/237]    eta: 0:00:00  time: 0.0087  data_time: 0.0008  memory: 662  
2025/10/25 20:51:53 - mmengine - INFO - Iter(val) [160/237]    eta: 0:00:00  time: 0.0087  data_time: 0.0008  memory: 662  
2025/10/25 20:51:53 - mmengine - INFO - Iter(val) [165/237]    eta: 0:00:00  time: 0.0088  data_time: 0.0008  memory: 662  
2025/10/25 20:51:53 - mmengine - INFO - Iter(val) [170/237]    eta: 0:00:00  time: 0.0087  data_time: 0.0008  memory: 662  
2025/10/25 20:51:54 - mmengine - INFO - Iter(val) [175/237]    eta: 0:00:00  time: 0.0086  data_time: 0.0007  memory: 662  
2025/10/25 20:51:54 - mmengine - INFO - Iter(val) [180/237]    eta: 0:00:00  time: 0.0086  data_time: 0.0007  memory: 662  
2025/10/25 20:51:54 - mmengine - INFO - Iter(val) [185/237]    eta: 0:00:00  time: 0.0086  data_time: 0.0007  memory: 662  
2025/10/25 20:51:54 - mmengine - INFO - Iter(val) [190/237]    eta: 0:00:00  time: 0.0087  data_time: 0.0008  memory: 662  
2025/10/25 20:51:54 - mmengine - INFO - Iter(val) [195/237]    eta: 0:00:00  time: 0.0087  data_time: 0.0008  memory: 662  
2025/10/25 20:51:54 - mmengine - INFO - Iter(val) [200/237]    eta: 0:00:00  time: 0.0088  data_time: 0.0008  memory: 662  
2025/10/25 20:51:54 - mmengine - INFO - Iter(val) [205/237]    eta: 0:00:00  time: 0.0089  data_time: 0.0009  memory: 662  
2025/10/25 20:51:54 - mmengine - INFO - Iter(val) [210/237]    eta: 0:00:00  time: 0.0094  data_time: 0.0009  memory: 662  
2025/10/25 20:51:54 - mmengine - INFO - Iter(val) [215/237]    eta: 0:00:00  time: 0.0092  data_time: 0.0009  memory: 662  
2025/10/25 20:51:54 - mmengine - INFO - Iter(val) [220/237]    eta: 0:00:00  time: 0.0087  data_time: 0.0008  memory: 662  
2025/10/25 20:51:54 - mmengine - INFO - Iter(val) [225/237]    eta: 0:00:00  time: 0.0087  data_time: 0.0008  memory: 662  
2025/10/25 20:51:54 - mmengine - INFO - Iter(val) [230/237]    eta: 0:00:00  time: 0.0087  data_time: 0.0008  memory: 662  
2025/10/25 20:51:54 - mmengine - INFO - Iter(val) [235/237]    eta: 0:00:00  time: 0.0086  data_time: 0.0007  memory: 662  
2025/10/25 20:51:54 - mmengine - INFO - per class results:
2025/10/25 20:51:54 - mmengine - INFO - 
+------------+-------+-------+
|   Class    |  IoU  |  Acc  |
+------------+-------+-------+
| background | 97.28 | 98.14 |
|   crack    | 57.02 | 80.42 |
+------------+-------+-------+
2025/10/25 20:51:54 - mmengine - INFO - Iter(val) [237/237]    aAcc: 97.3800  mIoU: 77.1500  mAcc: 89.2800  data_time: 0.0008  time: 0.0088
2025/10/25 20:51:56 - mmengine - INFO - Iter(train) [ 625/1000]  lr: 4.1988e-03  eta: 0:01:56  time: 0.2881  data_time: 0.0045  memory: 10177  loss: 0.3565  decode.loss_ce: 0.2352  decode.acc_seg: 93.5515  aux.loss_ce: 0.1213  aux.acc_seg: 93.7847
2025/10/25 20:51:57 - mmengine - INFO - Iter(train) [ 630/1000]  lr: 4.1496e-03  eta: 0:01:55  time: 0.2881  data_time: 0.0045  memory: 10177  loss: 0.3343  decode.loss_ce: 0.2197  decode.acc_seg: 95.1972  aux.loss_ce: 0.1146  aux.acc_seg: 96.1162
2025/10/25 20:51:57 - mmengine - INFO - Saving checkpoint at 630 iterations
2025/10/25 20:51:58 - mmengine - INFO - Iter(val) [  5/237]    eta: 0:00:02  time: 0.0092  data_time: 0.0013  memory: 662  
2025/10/25 20:51:58 - mmengine - INFO - Iter(val) [ 10/237]    eta: 0:00:02  time: 0.0094  data_time: 0.0013  memory: 662  
2025/10/25 20:51:58 - mmengine - INFO - Iter(val) [ 15/237]    eta: 0:00:02  time: 0.0087  data_time: 0.0008  memory: 662  
2025/10/25 20:51:58 - mmengine - INFO - Iter(val) [ 20/237]    eta: 0:00:01  time: 0.0087  data_time: 0.0008  memory: 662  
2025/10/25 20:51:58 - mmengine - INFO - Iter(val) [ 25/237]    eta: 0:00:01  time: 0.0087  data_time: 0.0008  memory: 662  
2025/10/25 20:51:58 - mmengine - INFO - Iter(val) [ 30/237]    eta: 0:00:01  time: 0.0087  data_time: 0.0008  memory: 662  
2025/10/25 20:51:58 - mmengine - INFO - Iter(val) [ 35/237]    eta: 0:00:01  time: 0.0088  data_time: 0.0008  memory: 662  
2025/10/25 20:51:58 - mmengine - INFO - Iter(val) [ 40/237]    eta: 0:00:01  time: 0.0091  data_time: 0.0008  memory: 662  
2025/10/25 20:51:58 - mmengine - INFO - Iter(val) [ 45/237]    eta: 0:00:01  time: 0.0091  data_time: 0.0008  memory: 662  
2025/10/25 20:51:58 - mmengine - INFO - Iter(val) [ 50/237]    eta: 0:00:01  time: 0.0086  data_time: 0.0007  memory: 662  
2025/10/25 20:51:58 - mmengine - INFO - Iter(val) [ 55/237]    eta: 0:00:01  time: 0.0089  data_time: 0.0008  memory: 662  
2025/10/25 20:51:58 - mmengine - INFO - Iter(val) [ 60/237]    eta: 0:00:01  time: 0.0091  data_time: 0.0008  memory: 662  
2025/10/25 20:51:58 - mmengine - INFO - Iter(val) [ 65/237]    eta: 0:00:01  time: 0.0089  data_time: 0.0008  memory: 662  
2025/10/25 20:51:58 - mmengine - INFO - Iter(val) [ 70/237]    eta: 0:00:01  time: 0.0086  data_time: 0.0007  memory: 662  
2025/10/25 20:51:58 - mmengine - INFO - Iter(val) [ 75/237]    eta: 0:00:01  time: 0.0086  data_time: 0.0007  memory: 662  
2025/10/25 20:51:58 - mmengine - INFO - Iter(val) [ 80/237]    eta: 0:00:01  time: 0.0086  data_time: 0.0007  memory: 662  
2025/10/25 20:51:58 - mmengine - INFO - Iter(val) [ 85/237]    eta: 0:00:01  time: 0.0087  data_time: 0.0007  memory: 662  
2025/10/25 20:51:58 - mmengine - INFO - Iter(val) [ 90/237]    eta: 0:00:01  time: 0.0092  data_time: 0.0009  memory: 662  
2025/10/25 20:51:58 - mmengine - INFO - Iter(val) [ 95/237]    eta: 0:00:01  time: 0.0098  data_time: 0.0010  memory: 662  
2025/10/25 20:51:58 - mmengine - INFO - Iter(val) [100/237]    eta: 0:00:01  time: 0.0095  data_time: 0.0010  memory: 662  
2025/10/25 20:51:58 - mmengine - INFO - Iter(val) [105/237]    eta: 0:00:01  time: 0.0089  data_time: 0.0009  memory: 662  
2025/10/25 20:51:58 - mmengine - INFO - Iter(val) [110/237]    eta: 0:00:01  time: 0.0088  data_time: 0.0008  memory: 662  
2025/10/25 20:51:59 - mmengine - INFO - Iter(val) [115/237]    eta: 0:00:01  time: 0.0089  data_time: 0.0008  memory: 662  
2025/10/25 20:51:59 - mmengine - INFO - Iter(val) [120/237]    eta: 0:00:01  time: 0.0092  data_time: 0.0010  memory: 662  
2025/10/25 20:51:59 - mmengine - INFO - Iter(val) [125/237]    eta: 0:00:01  time: 0.0090  data_time: 0.0009  memory: 662  
2025/10/25 20:51:59 - mmengine - INFO - Iter(val) [130/237]    eta: 0:00:00  time: 0.0087  data_time: 0.0007  memory: 662  
2025/10/25 20:51:59 - mmengine - INFO - Iter(val) [135/237]    eta: 0:00:00  time: 0.0087  data_time: 0.0007  memory: 662  
2025/10/25 20:51:59 - mmengine - INFO - Iter(val) [140/237]    eta: 0:00:00  time: 0.0087  data_time: 0.0007  memory: 662  
2025/10/25 20:51:59 - mmengine - INFO - Iter(val) [145/237]    eta: 0:00:00  time: 0.0088  data_time: 0.0007  memory: 662  
2025/10/25 20:51:59 - mmengine - INFO - Iter(val) [150/237]    eta: 0:00:00  time: 0.0087  data_time: 0.0008  memory: 662  
2025/10/25 20:51:59 - mmengine - INFO - Iter(val) [155/237]    eta: 0:00:00  time: 0.0086  data_time: 0.0007  memory: 662  
2025/10/25 20:51:59 - mmengine - INFO - Iter(val) [160/237]    eta: 0:00:00  time: 0.0086  data_time: 0.0007  memory: 662  
2025/10/25 20:51:59 - mmengine - INFO - Iter(val) [165/237]    eta: 0:00:00  time: 0.0087  data_time: 0.0008  memory: 662  
2025/10/25 20:51:59 - mmengine - INFO - Iter(val) [170/237]    eta: 0:00:00  time: 0.0087  data_time: 0.0008  memory: 662  
2025/10/25 20:51:59 - mmengine - INFO - Iter(val) [175/237]    eta: 0:00:00  time: 0.0086  data_time: 0.0007  memory: 662  
2025/10/25 20:51:59 - mmengine - INFO - Iter(val) [180/237]    eta: 0:00:00  time: 0.0086  data_time: 0.0007  memory: 662  
2025/10/25 20:51:59 - mmengine - INFO - Iter(val) [185/237]    eta: 0:00:00  time: 0.0086  data_time: 0.0007  memory: 662  
2025/10/25 20:51:59 - mmengine - INFO - Iter(val) [190/237]    eta: 0:00:00  time: 0.0085  data_time: 0.0007  memory: 662  
2025/10/25 20:51:59 - mmengine - INFO - Iter(val) [195/237]    eta: 0:00:00  time: 0.0086  data_time: 0.0007  memory: 662  
2025/10/25 20:51:59 - mmengine - INFO - Iter(val) [200/237]    eta: 0:00:00  time: 0.0088  data_time: 0.0009  memory: 662  
2025/10/25 20:51:59 - mmengine - INFO - Iter(val) [205/237]    eta: 0:00:00  time: 0.0088  data_time: 0.0009  memory: 662  
2025/10/25 20:51:59 - mmengine - INFO - Iter(val) [210/237]    eta: 0:00:00  time: 0.0086  data_time: 0.0007  memory: 662  
2025/10/25 20:51:59 - mmengine - INFO - Iter(val) [215/237]    eta: 0:00:00  time: 0.0086  data_time: 0.0007  memory: 662  
2025/10/25 20:51:59 - mmengine - INFO - Iter(val) [220/237]    eta: 0:00:00  time: 0.0086  data_time: 0.0007  memory: 662  
2025/10/25 20:51:59 - mmengine - INFO - Iter(val) [225/237]    eta: 0:00:00  time: 0.0086  data_time: 0.0007  memory: 662  
2025/10/25 20:52:00 - mmengine - INFO - Iter(val) [230/237]    eta: 0:00:00  time: 0.0086  data_time: 0.0008  memory: 662  
2025/10/25 20:52:00 - mmengine - INFO - Iter(val) [235/237]    eta: 0:00:00  time: 0.0086  data_time: 0.0008  memory: 662  
2025/10/25 20:52:00 - mmengine - INFO - per class results:
2025/10/25 20:52:00 - mmengine - INFO - 
+------------+-------+-------+
|   Class    |  IoU  |  Acc  |
+------------+-------+-------+
| background | 96.99 |  97.5 |
|   crack    |  56.9 | 88.38 |
+------------+-------+-------+
2025/10/25 20:52:00 - mmengine - INFO - Iter(val) [237/237]    aAcc: 97.1000  mIoU: 76.9400  mAcc: 92.9400  data_time: 0.0008  time: 0.0088
2025/10/25 20:52:01 - mmengine - INFO - Iter(train) [ 635/1000]  lr: 4.1003e-03  eta: 0:01:53  time: 0.2881  data_time: 0.0046  memory: 10177  loss: 0.3312  decode.loss_ce: 0.2204  decode.acc_seg: 97.2344  aux.loss_ce: 0.1108  aux.acc_seg: 97.4216
2025/10/25 20:52:02 - mmengine - INFO - Iter(train) [ 640/1000]  lr: 4.0509e-03  eta: 0:01:52  time: 0.2883  data_time: 0.0048  memory: 10177  loss: 0.4116  decode.loss_ce: 0.2778  decode.acc_seg: 93.2310  aux.loss_ce: 0.1338  aux.acc_seg: 93.0840
2025/10/25 20:52:02 - mmengine - INFO - Saving checkpoint at 640 iterations
2025/10/25 20:52:03 - mmengine - INFO - Iter(val) [  5/237]    eta: 0:00:02  time: 0.0091  data_time: 0.0012  memory: 662  
2025/10/25 20:52:03 - mmengine - INFO - Iter(val) [ 10/237]    eta: 0:00:02  time: 0.0091  data_time: 0.0012  memory: 662  
2025/10/25 20:52:03 - mmengine - INFO - Iter(val) [ 15/237]    eta: 0:00:01  time: 0.0087  data_time: 0.0008  memory: 662  
2025/10/25 20:52:03 - mmengine - INFO - Iter(val) [ 20/237]    eta: 0:00:01  time: 0.0087  data_time: 0.0008  memory: 662  
2025/10/25 20:52:03 - mmengine - INFO - Iter(val) [ 25/237]    eta: 0:00:01  time: 0.0087  data_time: 0.0008  memory: 662  
2025/10/25 20:52:03 - mmengine - INFO - Iter(val) [ 30/237]    eta: 0:00:01  time: 0.0087  data_time: 0.0008  memory: 662  
2025/10/25 20:52:03 - mmengine - INFO - Iter(val) [ 35/237]    eta: 0:00:01  time: 0.0087  data_time: 0.0008  memory: 662  
2025/10/25 20:52:03 - mmengine - INFO - Iter(val) [ 40/237]    eta: 0:00:01  time: 0.0087  data_time: 0.0008  memory: 662  
2025/10/25 20:52:03 - mmengine - INFO - Iter(val) [ 45/237]    eta: 0:00:01  time: 0.0087  data_time: 0.0008  memory: 662  
2025/10/25 20:52:03 - mmengine - INFO - Iter(val) [ 50/237]    eta: 0:00:01  time: 0.0087  data_time: 0.0008  memory: 662  
2025/10/25 20:52:03 - mmengine - INFO - Iter(val) [ 55/237]    eta: 0:00:01  time: 0.0087  data_time: 0.0008  memory: 662  
2025/10/25 20:52:04 - mmengine - INFO - Iter(val) [ 60/237]    eta: 0:00:01  time: 0.0087  data_time: 0.0008  memory: 662  
2025/10/25 20:52:04 - mmengine - INFO - Iter(val) [ 65/237]    eta: 0:00:01  time: 0.0086  data_time: 0.0008  memory: 662  
2025/10/25 20:52:04 - mmengine - INFO - Iter(val) [ 70/237]    eta: 0:00:01  time: 0.0086  data_time: 0.0007  memory: 662  
2025/10/25 20:52:04 - mmengine - INFO - Iter(val) [ 75/237]    eta: 0:00:01  time: 0.0087  data_time: 0.0008  memory: 662  
2025/10/25 20:52:04 - mmengine - INFO - Iter(val) [ 80/237]    eta: 0:00:01  time: 0.0087  data_time: 0.0008  memory: 662  
2025/10/25 20:52:04 - mmengine - INFO - Iter(val) [ 85/237]    eta: 0:00:01  time: 0.0087  data_time: 0.0008  memory: 662  
2025/10/25 20:52:04 - mmengine - INFO - Iter(val) [ 90/237]    eta: 0:00:01  time: 0.0087  data_time: 0.0008  memory: 662  
2025/10/25 20:52:04 - mmengine - INFO - Iter(val) [ 95/237]    eta: 0:00:01  time: 0.0087  data_time: 0.0008  memory: 662  
2025/10/25 20:52:04 - mmengine - INFO - Iter(val) [100/237]    eta: 0:00:01  time: 0.0087  data_time: 0.0008  memory: 662  
2025/10/25 20:52:04 - mmengine - INFO - Iter(val) [105/237]    eta: 0:00:01  time: 0.0087  data_time: 0.0008  memory: 662  
2025/10/25 20:52:04 - mmengine - INFO - Iter(val) [110/237]    eta: 0:00:01  time: 0.0086  data_time: 0.0008  memory: 662  
2025/10/25 20:52:04 - mmengine - INFO - Iter(val) [115/237]    eta: 0:00:01  time: 0.0086  data_time: 0.0008  memory: 662  
2025/10/25 20:52:04 - mmengine - INFO - Iter(val) [120/237]    eta: 0:00:01  time: 0.0086  data_time: 0.0008  memory: 662  
2025/10/25 20:52:04 - mmengine - INFO - Iter(val) [125/237]    eta: 0:00:00  time: 0.0086  data_time: 0.0008  memory: 662  
2025/10/25 20:52:04 - mmengine - INFO - Iter(val) [130/237]    eta: 0:00:00  time: 0.0087  data_time: 0.0008  memory: 662  
2025/10/25 20:52:04 - mmengine - INFO - Iter(val) [135/237]    eta: 0:00:00  time: 0.0087  data_time: 0.0008  memory: 662  
2025/10/25 20:52:04 - mmengine - INFO - Iter(val) [140/237]    eta: 0:00:00  time: 0.0087  data_time: 0.0008  memory: 662  
2025/10/25 20:52:04 - mmengine - INFO - Iter(val) [145/237]    eta: 0:00:00  time: 0.0087  data_time: 0.0008  memory: 662  
2025/10/25 20:52:04 - mmengine - INFO - Iter(val) [150/237]    eta: 0:00:00  time: 0.0088  data_time: 0.0008  memory: 662  
2025/10/25 20:52:04 - mmengine - INFO - Iter(val) [155/237]    eta: 0:00:00  time: 0.0088  data_time: 0.0008  memory: 662  
2025/10/25 20:52:04 - mmengine - INFO - Iter(val) [160/237]    eta: 0:00:00  time: 0.0088  data_time: 0.0008  memory: 662  
2025/10/25 20:52:04 - mmengine - INFO - Iter(val) [165/237]    eta: 0:00:00  time: 0.0088  data_time: 0.0008  memory: 662  
2025/10/25 20:52:04 - mmengine - INFO - Iter(val) [170/237]    eta: 0:00:00  time: 0.0088  data_time: 0.0008  memory: 662  
2025/10/25 20:52:05 - mmengine - INFO - Iter(val) [175/237]    eta: 0:00:00  time: 0.0088  data_time: 0.0008  memory: 662  
2025/10/25 20:52:05 - mmengine - INFO - Iter(val) [180/237]    eta: 0:00:00  time: 0.0088  data_time: 0.0009  memory: 662  
2025/10/25 20:52:05 - mmengine - INFO - Iter(val) [185/237]    eta: 0:00:00  time: 0.0088  data_time: 0.0009  memory: 662  
2025/10/25 20:52:05 - mmengine - INFO - Iter(val) [190/237]    eta: 0:00:00  time: 0.0088  data_time: 0.0009  memory: 662  
2025/10/25 20:52:05 - mmengine - INFO - Iter(val) [195/237]    eta: 0:00:00  time: 0.0087  data_time: 0.0008  memory: 662  
2025/10/25 20:52:05 - mmengine - INFO - Iter(val) [200/237]    eta: 0:00:00  time: 0.0086  data_time: 0.0008  memory: 662  
2025/10/25 20:52:05 - mmengine - INFO - Iter(val) [205/237]    eta: 0:00:00  time: 0.0087  data_time: 0.0008  memory: 662  
2025/10/25 20:52:05 - mmengine - INFO - Iter(val) [210/237]    eta: 0:00:00  time: 0.0087  data_time: 0.0008  memory: 662  
2025/10/25 20:52:05 - mmengine - INFO - Iter(val) [215/237]    eta: 0:00:00  time: 0.0087  data_time: 0.0008  memory: 662  
2025/10/25 20:52:05 - mmengine - INFO - Iter(val) [220/237]    eta: 0:00:00  time: 0.0087  data_time: 0.0008  memory: 662  
2025/10/25 20:52:05 - mmengine - INFO - Iter(val) [225/237]    eta: 0:00:00  time: 0.0086  data_time: 0.0007  memory: 662  
2025/10/25 20:52:05 - mmengine - INFO - Iter(val) [230/237]    eta: 0:00:00  time: 0.0087  data_time: 0.0008  memory: 662  
2025/10/25 20:52:05 - mmengine - INFO - Iter(val) [235/237]    eta: 0:00:00  time: 0.0091  data_time: 0.0009  memory: 662  
2025/10/25 20:52:05 - mmengine - INFO - per class results:
2025/10/25 20:52:05 - mmengine - INFO - 
+------------+-------+-------+
|   Class    |  IoU  |  Acc  |
+------------+-------+-------+
| background | 97.21 | 97.79 |
|   crack    | 58.26 | 86.74 |
+------------+-------+-------+
2025/10/25 20:52:05 - mmengine - INFO - Iter(val) [237/237]    aAcc: 97.3100  mIoU: 77.7300  mAcc: 92.2600  data_time: 0.0008  time: 0.0087
2025/10/25 20:52:07 - mmengine - INFO - Iter(train) [ 645/1000]  lr: 4.0015e-03  eta: 0:01:50  time: 0.2883  data_time: 0.0049  memory: 10177  loss: 0.4219  decode.loss_ce: 0.2861  decode.acc_seg: 94.0016  aux.loss_ce: 0.1358  aux.acc_seg: 94.8108
2025/10/25 20:52:08 - mmengine - INFO - Iter(train) [ 650/1000]  lr: 3.9520e-03  eta: 0:01:48  time: 0.2882  data_time: 0.0048  memory: 10177  loss: 0.3548  decode.loss_ce: 0.2383  decode.acc_seg: 94.0694  aux.loss_ce: 0.1165  aux.acc_seg: 95.2368
2025/10/25 20:52:08 - mmengine - INFO - Saving checkpoint at 650 iterations
2025/10/25 20:52:09 - mmengine - INFO - Iter(val) [  5/237]    eta: 0:00:02  time: 0.0097  data_time: 0.0014  memory: 662  
2025/10/25 20:52:09 - mmengine - INFO - Iter(val) [ 10/237]    eta: 0:00:02  time: 0.0093  data_time: 0.0013  memory: 662  
2025/10/25 20:52:09 - mmengine - INFO - Iter(val) [ 15/237]    eta: 0:00:02  time: 0.0087  data_time: 0.0008  memory: 662  
2025/10/25 20:52:09 - mmengine - INFO - Iter(val) [ 20/237]    eta: 0:00:01  time: 0.0087  data_time: 0.0008  memory: 662  
2025/10/25 20:52:09 - mmengine - INFO - Iter(val) [ 25/237]    eta: 0:00:01  time: 0.0087  data_time: 0.0008  memory: 662  
2025/10/25 20:52:09 - mmengine - INFO - Iter(val) [ 30/237]    eta: 0:00:01  time: 0.0088  data_time: 0.0008  memory: 662  
2025/10/25 20:52:09 - mmengine - INFO - Iter(val) [ 35/237]    eta: 0:00:01  time: 0.0089  data_time: 0.0009  memory: 662  
2025/10/25 20:52:09 - mmengine - INFO - Iter(val) [ 40/237]    eta: 0:00:01  time: 0.0088  data_time: 0.0008  memory: 662  
2025/10/25 20:52:09 - mmengine - INFO - Iter(val) [ 45/237]    eta: 0:00:01  time: 0.0088  data_time: 0.0008  memory: 662  
2025/10/25 20:52:09 - mmengine - INFO - Iter(val) [ 50/237]    eta: 0:00:01  time: 0.0088  data_time: 0.0008  memory: 662  
2025/10/25 20:52:09 - mmengine - INFO - Iter(val) [ 55/237]    eta: 0:00:01  time: 0.0088  data_time: 0.0009  memory: 662  
2025/10/25 20:52:09 - mmengine - INFO - Iter(val) [ 60/237]    eta: 0:00:01  time: 0.0088  data_time: 0.0009  memory: 662  
2025/10/25 20:52:09 - mmengine - INFO - Iter(val) [ 65/237]    eta: 0:00:01  time: 0.0087  data_time: 0.0008  memory: 662  
2025/10/25 20:52:09 - mmengine - INFO - Iter(val) [ 70/237]    eta: 0:00:01  time: 0.0087  data_time: 0.0008  memory: 662  
2025/10/25 20:52:09 - mmengine - INFO - Iter(val) [ 75/237]    eta: 0:00:01  time: 0.0087  data_time: 0.0008  memory: 662  
2025/10/25 20:52:09 - mmengine - INFO - Iter(val) [ 80/237]    eta: 0:00:01  time: 0.0087  data_time: 0.0008  memory: 662  
2025/10/25 20:52:09 - mmengine - INFO - Iter(val) [ 85/237]    eta: 0:00:01  time: 0.0087  data_time: 0.0008  memory: 662  
2025/10/25 20:52:09 - mmengine - INFO - Iter(val) [ 90/237]    eta: 0:00:01  time: 0.0087  data_time: 0.0008  memory: 662  
2025/10/25 20:52:09 - mmengine - INFO - Iter(val) [ 95/237]    eta: 0:00:01  time: 0.0088  data_time: 0.0008  memory: 662  
2025/10/25 20:52:09 - mmengine - INFO - Iter(val) [100/237]    eta: 0:00:01  time: 0.0088  data_time: 0.0008  memory: 662  
2025/10/25 20:52:09 - mmengine - INFO - Iter(val) [105/237]    eta: 0:00:01  time: 0.0087  data_time: 0.0008  memory: 662  
2025/10/25 20:52:10 - mmengine - INFO - Iter(val) [110/237]    eta: 0:00:01  time: 0.0088  data_time: 0.0008  memory: 662  
2025/10/25 20:52:10 - mmengine - INFO - Iter(val) [115/237]    eta: 0:00:01  time: 0.0089  data_time: 0.0009  memory: 662  
2025/10/25 20:52:10 - mmengine - INFO - Iter(val) [120/237]    eta: 0:00:01  time: 0.0089  data_time: 0.0009  memory: 662  
2025/10/25 20:52:10 - mmengine - INFO - Iter(val) [125/237]    eta: 0:00:00  time: 0.0087  data_time: 0.0008  memory: 662  
2025/10/25 20:52:10 - mmengine - INFO - Iter(val) [130/237]    eta: 0:00:00  time: 0.0087  data_time: 0.0007  memory: 662  
2025/10/25 20:52:10 - mmengine - INFO - Iter(val) [135/237]    eta: 0:00:00  time: 0.0087  data_time: 0.0007  memory: 662  
2025/10/25 20:52:10 - mmengine - INFO - Iter(val) [140/237]    eta: 0:00:00  time: 0.0087  data_time: 0.0007  memory: 662  
2025/10/25 20:52:10 - mmengine - INFO - Iter(val) [145/237]    eta: 0:00:00  time: 0.0087  data_time: 0.0008  memory: 662  
2025/10/25 20:52:10 - mmengine - INFO - Iter(val) [150/237]    eta: 0:00:00  time: 0.0087  data_time: 0.0008  memory: 662  
2025/10/25 20:52:10 - mmengine - INFO - Iter(val) [155/237]    eta: 0:00:00  time: 0.0087  data_time: 0.0007  memory: 662  
2025/10/25 20:52:10 - mmengine - INFO - Iter(val) [160/237]    eta: 0:00:00  time: 0.0087  data_time: 0.0008  memory: 662  
2025/10/25 20:52:10 - mmengine - INFO - Iter(val) [165/237]    eta: 0:00:00  time: 0.0087  data_time: 0.0008  memory: 662  
2025/10/25 20:52:10 - mmengine - INFO - Iter(val) [170/237]    eta: 0:00:00  time: 0.0086  data_time: 0.0007  memory: 662  
2025/10/25 20:52:10 - mmengine - INFO - Iter(val) [175/237]    eta: 0:00:00  time: 0.0086  data_time: 0.0007  memory: 662  
2025/10/25 20:52:10 - mmengine - INFO - Iter(val) [180/237]    eta: 0:00:00  time: 0.0086  data_time: 0.0007  memory: 662  
2025/10/25 20:52:10 - mmengine - INFO - Iter(val) [185/237]    eta: 0:00:00  time: 0.0086  data_time: 0.0007  memory: 662  
2025/10/25 20:52:10 - mmengine - INFO - Iter(val) [190/237]    eta: 0:00:00  time: 0.0086  data_time: 0.0007  memory: 662  
2025/10/25 20:52:10 - mmengine - INFO - Iter(val) [195/237]    eta: 0:00:00  time: 0.0086  data_time: 0.0007  memory: 662  
2025/10/25 20:52:10 - mmengine - INFO - Iter(val) [200/237]    eta: 0:00:00  time: 0.0087  data_time: 0.0008  memory: 662  
2025/10/25 20:52:10 - mmengine - INFO - Iter(val) [205/237]    eta: 0:00:00  time: 0.0087  data_time: 0.0008  memory: 662  
2025/10/25 20:52:10 - mmengine - INFO - Iter(val) [210/237]    eta: 0:00:00  time: 0.0087  data_time: 0.0008  memory: 662  
2025/10/25 20:52:10 - mmengine - INFO - Iter(val) [215/237]    eta: 0:00:00  time: 0.0088  data_time: 0.0009  memory: 662  
2025/10/25 20:52:10 - mmengine - INFO - Iter(val) [220/237]    eta: 0:00:00  time: 0.0089  data_time: 0.0009  memory: 662  
2025/10/25 20:52:11 - mmengine - INFO - Iter(val) [225/237]    eta: 0:00:00  time: 0.0089  data_time: 0.0009  memory: 662  
2025/10/25 20:52:11 - mmengine - INFO - Iter(val) [230/237]    eta: 0:00:00  time: 0.0088  data_time: 0.0008  memory: 662  
2025/10/25 20:52:11 - mmengine - INFO - Iter(val) [235/237]    eta: 0:00:00  time: 0.0086  data_time: 0.0007  memory: 662  
2025/10/25 20:52:11 - mmengine - INFO - per class results:
2025/10/25 20:52:11 - mmengine - INFO - 
+------------+-------+-------+
|   Class    |  IoU  |  Acc  |
+------------+-------+-------+
| background | 97.44 | 98.22 |
|   crack    | 59.03 |  82.3 |
+------------+-------+-------+
2025/10/25 20:52:11 - mmengine - INFO - Iter(val) [237/237]    aAcc: 97.5300  mIoU: 78.2400  mAcc: 90.2600  data_time: 0.0008  time: 0.0088
2025/10/25 20:52:12 - mmengine - INFO - Iter(train) [ 655/1000]  lr: 3.9024e-03  eta: 0:01:47  time: 0.2885  data_time: 0.0048  memory: 10177  loss: 0.3216  decode.loss_ce: 0.2146  decode.acc_seg: 96.2377  aux.loss_ce: 0.1070  aux.acc_seg: 96.4725
2025/10/25 20:52:14 - mmengine - INFO - Iter(train) [ 660/1000]  lr: 3.8528e-03  eta: 0:01:45  time: 0.2884  data_time: 0.0047  memory: 10177  loss: 0.3042  decode.loss_ce: 0.2039  decode.acc_seg: 97.1046  aux.loss_ce: 0.1002  aux.acc_seg: 96.0732
2025/10/25 20:52:14 - mmengine - INFO - Saving checkpoint at 660 iterations
2025/10/25 20:52:14 - mmengine - INFO - Iter(val) [  5/237]    eta: 0:00:02  time: 0.0100  data_time: 0.0014  memory: 662  
2025/10/25 20:52:14 - mmengine - INFO - Iter(val) [ 10/237]    eta: 0:00:02  time: 0.0100  data_time: 0.0013  memory: 662  
2025/10/25 20:52:14 - mmengine - INFO - Iter(val) [ 15/237]    eta: 0:00:02  time: 0.0086  data_time: 0.0007  memory: 662  
2025/10/25 20:52:14 - mmengine - INFO - Iter(val) [ 20/237]    eta: 0:00:02  time: 0.0087  data_time: 0.0007  memory: 662  
2025/10/25 20:52:14 - mmengine - INFO - Iter(val) [ 25/237]    eta: 0:00:01  time: 0.0087  data_time: 0.0008  memory: 662  
2025/10/25 20:52:14 - mmengine - INFO - Iter(val) [ 30/237]    eta: 0:00:01  time: 0.0087  data_time: 0.0008  memory: 662  
2025/10/25 20:52:14 - mmengine - INFO - Iter(val) [ 35/237]    eta: 0:00:01  time: 0.0088  data_time: 0.0009  memory: 662  
2025/10/25 20:52:14 - mmengine - INFO - Iter(val) [ 40/237]    eta: 0:00:01  time: 0.0088  data_time: 0.0008  memory: 662  
2025/10/25 20:52:14 - mmengine - INFO - Iter(val) [ 45/237]    eta: 0:00:01  time: 0.0089  data_time: 0.0009  memory: 662  
2025/10/25 20:52:14 - mmengine - INFO - Iter(val) [ 50/237]    eta: 0:00:01  time: 0.0090  data_time: 0.0009  memory: 662  
2025/10/25 20:52:15 - mmengine - INFO - Iter(val) [ 55/237]    eta: 0:00:01  time: 0.0089  data_time: 0.0009  memory: 662  
2025/10/25 20:52:15 - mmengine - INFO - Iter(val) [ 60/237]    eta: 0:00:01  time: 0.0088  data_time: 0.0009  memory: 662  
2025/10/25 20:52:15 - mmengine - INFO - Iter(val) [ 65/237]    eta: 0:00:01  time: 0.0087  data_time: 0.0008  memory: 662  
2025/10/25 20:52:15 - mmengine - INFO - Iter(val) [ 70/237]    eta: 0:00:01  time: 0.0087  data_time: 0.0008  memory: 662  
2025/10/25 20:52:15 - mmengine - INFO - Iter(val) [ 75/237]    eta: 0:00:01  time: 0.0087  data_time: 0.0008  memory: 662  
2025/10/25 20:52:15 - mmengine - INFO - Iter(val) [ 80/237]    eta: 0:00:01  time: 0.0087  data_time: 0.0008  memory: 662  
2025/10/25 20:52:15 - mmengine - INFO - Iter(val) [ 85/237]    eta: 0:00:01  time: 0.0088  data_time: 0.0008  memory: 662  
2025/10/25 20:52:15 - mmengine - INFO - Iter(val) [ 90/237]    eta: 0:00:01  time: 0.0088  data_time: 0.0008  memory: 662  
2025/10/25 20:52:15 - mmengine - INFO - Iter(val) [ 95/237]    eta: 0:00:01  time: 0.0087  data_time: 0.0008  memory: 662  
2025/10/25 20:52:15 - mmengine - INFO - Iter(val) [100/237]    eta: 0:00:01  time: 0.0087  data_time: 0.0008  memory: 662  
2025/10/25 20:52:15 - mmengine - INFO - Iter(val) [105/237]    eta: 0:00:01  time: 0.0088  data_time: 0.0008  memory: 662  
2025/10/25 20:52:15 - mmengine - INFO - Iter(val) [110/237]    eta: 0:00:01  time: 0.0087  data_time: 0.0008  memory: 662  
2025/10/25 20:52:15 - mmengine - INFO - Iter(val) [115/237]    eta: 0:00:01  time: 0.0087  data_time: 0.0008  memory: 662  
2025/10/25 20:52:15 - mmengine - INFO - Iter(val) [120/237]    eta: 0:00:01  time: 0.0088  data_time: 0.0008  memory: 662  
2025/10/25 20:52:15 - mmengine - INFO - Iter(val) [125/237]    eta: 0:00:00  time: 0.0087  data_time: 0.0008  memory: 662  
2025/10/25 20:52:15 - mmengine - INFO - Iter(val) [130/237]    eta: 0:00:00  time: 0.0087  data_time: 0.0008  memory: 662  
2025/10/25 20:52:15 - mmengine - INFO - Iter(val) [135/237]    eta: 0:00:00  time: 0.0088  data_time: 0.0009  memory: 662  
2025/10/25 20:52:15 - mmengine - INFO - Iter(val) [140/237]    eta: 0:00:00  time: 0.0088  data_time: 0.0009  memory: 662  
2025/10/25 20:52:15 - mmengine - INFO - Iter(val) [145/237]    eta: 0:00:00  time: 0.0087  data_time: 0.0008  memory: 662  
2025/10/25 20:52:15 - mmengine - INFO - Iter(val) [150/237]    eta: 0:00:00  time: 0.0087  data_time: 0.0008  memory: 662  
2025/10/25 20:52:15 - mmengine - INFO - Iter(val) [155/237]    eta: 0:00:00  time: 0.0087  data_time: 0.0008  memory: 662  
2025/10/25 20:52:15 - mmengine - INFO - Iter(val) [160/237]    eta: 0:00:00  time: 0.0088  data_time: 0.0009  memory: 662  
2025/10/25 20:52:15 - mmengine - INFO - Iter(val) [165/237]    eta: 0:00:00  time: 0.0088  data_time: 0.0009  memory: 662  
2025/10/25 20:52:16 - mmengine - INFO - Iter(val) [170/237]    eta: 0:00:00  time: 0.0088  data_time: 0.0009  memory: 662  
2025/10/25 20:52:16 - mmengine - INFO - Iter(val) [175/237]    eta: 0:00:00  time: 0.0089  data_time: 0.0009  memory: 662  
2025/10/25 20:52:16 - mmengine - INFO - Iter(val) [180/237]    eta: 0:00:00  time: 0.0089  data_time: 0.0009  memory: 662  
2025/10/25 20:52:16 - mmengine - INFO - Iter(val) [185/237]    eta: 0:00:00  time: 0.0087  data_time: 0.0008  memory: 662  
2025/10/25 20:52:16 - mmengine - INFO - Iter(val) [190/237]    eta: 0:00:00  time: 0.0087  data_time: 0.0008  memory: 662  
2025/10/25 20:52:16 - mmengine - INFO - Iter(val) [195/237]    eta: 0:00:00  time: 0.0088  data_time: 0.0008  memory: 662  
2025/10/25 20:52:16 - mmengine - INFO - Iter(val) [200/237]    eta: 0:00:00  time: 0.0087  data_time: 0.0008  memory: 662  
2025/10/25 20:52:16 - mmengine - INFO - Iter(val) [205/237]    eta: 0:00:00  time: 0.0087  data_time: 0.0008  memory: 662  
2025/10/25 20:52:16 - mmengine - INFO - Iter(val) [210/237]    eta: 0:00:00  time: 0.0088  data_time: 0.0008  memory: 662  
2025/10/25 20:52:16 - mmengine - INFO - Iter(val) [215/237]    eta: 0:00:00  time: 0.0088  data_time: 0.0008  memory: 662  
2025/10/25 20:52:16 - mmengine - INFO - Iter(val) [220/237]    eta: 0:00:00  time: 0.0087  data_time: 0.0008  memory: 662  
2025/10/25 20:52:16 - mmengine - INFO - Iter(val) [225/237]    eta: 0:00:00  time: 0.0088  data_time: 0.0009  memory: 662  
2025/10/25 20:52:16 - mmengine - INFO - Iter(val) [230/237]    eta: 0:00:00  time: 0.0088  data_time: 0.0008  memory: 662  
2025/10/25 20:52:16 - mmengine - INFO - Iter(val) [235/237]    eta: 0:00:00  time: 0.0087  data_time: 0.0008  memory: 662  
2025/10/25 20:52:16 - mmengine - INFO - per class results:
2025/10/25 20:52:16 - mmengine - INFO - 
+------------+-------+-------+
|   Class    |  IoU  |  Acc  |
+------------+-------+-------+
| background | 97.31 |  98.0 |
|   crack    |  58.4 | 84.18 |
+------------+-------+-------+
2025/10/25 20:52:16 - mmengine - INFO - Iter(val) [237/237]    aAcc: 97.4100  mIoU: 77.8500  mAcc: 91.0900  data_time: 0.0009  time: 0.0088
2025/10/25 20:52:18 - mmengine - INFO - Iter(train) [ 665/1000]  lr: 3.8031e-03  eta: 0:01:43  time: 0.2879  data_time: 0.0045  memory: 10177  loss: 0.4068  decode.loss_ce: 0.2717  decode.acc_seg: 93.8880  aux.loss_ce: 0.1351  aux.acc_seg: 92.9318
2025/10/25 20:52:19 - mmengine - INFO - Iter(train) [ 670/1000]  lr: 3.7533e-03  eta: 0:01:42  time: 0.2881  data_time: 0.0046  memory: 10177  loss: 0.4303  decode.loss_ce: 0.2859  decode.acc_seg: 95.3895  aux.loss_ce: 0.1445  aux.acc_seg: 96.5358
2025/10/25 20:52:19 - mmengine - INFO - Saving checkpoint at 670 iterations
2025/10/25 20:52:20 - mmengine - INFO - Iter(val) [  5/237]    eta: 0:00:02  time: 0.0094  data_time: 0.0014  memory: 662  
2025/10/25 20:52:20 - mmengine - INFO - Iter(val) [ 10/237]    eta: 0:00:02  time: 0.0094  data_time: 0.0013  memory: 662  
2025/10/25 20:52:20 - mmengine - INFO - Iter(val) [ 15/237]    eta: 0:00:02  time: 0.0085  data_time: 0.0007  memory: 662  
2025/10/25 20:52:20 - mmengine - INFO - Iter(val) [ 20/237]    eta: 0:00:01  time: 0.0086  data_time: 0.0007  memory: 662  
2025/10/25 20:52:20 - mmengine - INFO - Iter(val) [ 25/237]    eta: 0:00:01  time: 0.0088  data_time: 0.0008  memory: 662  
2025/10/25 20:52:20 - mmengine - INFO - Iter(val) [ 30/237]    eta: 0:00:01  time: 0.0088  data_time: 0.0008  memory: 662  
2025/10/25 20:52:20 - mmengine - INFO - Iter(val) [ 35/237]    eta: 0:00:01  time: 0.0091  data_time: 0.0009  memory: 662  
2025/10/25 20:52:20 - mmengine - INFO - Iter(val) [ 40/237]    eta: 0:00:01  time: 0.0095  data_time: 0.0010  memory: 662  
2025/10/25 20:52:20 - mmengine - INFO - Iter(val) [ 45/237]    eta: 0:00:01  time: 0.0092  data_time: 0.0009  memory: 662  
2025/10/25 20:52:20 - mmengine - INFO - Iter(val) [ 50/237]    eta: 0:00:01  time: 0.0088  data_time: 0.0008  memory: 662  
2025/10/25 20:52:20 - mmengine - INFO - Iter(val) [ 55/237]    eta: 0:00:01  time: 0.0087  data_time: 0.0008  memory: 662  
2025/10/25 20:52:20 - mmengine - INFO - Iter(val) [ 60/237]    eta: 0:00:01  time: 0.0088  data_time: 0.0008  memory: 662  
2025/10/25 20:52:20 - mmengine - INFO - Iter(val) [ 65/237]    eta: 0:00:01  time: 0.0087  data_time: 0.0008  memory: 662  
2025/10/25 20:52:20 - mmengine - INFO - Iter(val) [ 70/237]    eta: 0:00:01  time: 0.0088  data_time: 0.0008  memory: 662  
2025/10/25 20:52:20 - mmengine - INFO - Iter(val) [ 75/237]    eta: 0:00:01  time: 0.0088  data_time: 0.0008  memory: 662  
2025/10/25 20:52:20 - mmengine - INFO - Iter(val) [ 80/237]    eta: 0:00:01  time: 0.0088  data_time: 0.0008  memory: 662  
2025/10/25 20:52:20 - mmengine - INFO - Iter(val) [ 85/237]    eta: 0:00:01  time: 0.0090  data_time: 0.0009  memory: 662  
2025/10/25 20:52:20 - mmengine - INFO - Iter(val) [ 90/237]    eta: 0:00:01  time: 0.0090  data_time: 0.0009  memory: 662  
2025/10/25 20:52:20 - mmengine - INFO - Iter(val) [ 95/237]    eta: 0:00:01  time: 0.0088  data_time: 0.0008  memory: 662  
2025/10/25 20:52:20 - mmengine - INFO - Iter(val) [100/237]    eta: 0:00:01  time: 0.0089  data_time: 0.0009  memory: 662  
2025/10/25 20:52:20 - mmengine - INFO - Iter(val) [105/237]    eta: 0:00:01  time: 0.0090  data_time: 0.0009  memory: 662  
2025/10/25 20:52:21 - mmengine - INFO - Iter(val) [110/237]    eta: 0:00:01  time: 0.0089  data_time: 0.0009  memory: 662  
2025/10/25 20:52:21 - mmengine - INFO - Iter(val) [115/237]    eta: 0:00:01  time: 0.0088  data_time: 0.0008  memory: 662  
2025/10/25 20:52:21 - mmengine - INFO - Iter(val) [120/237]    eta: 0:00:01  time: 0.0087  data_time: 0.0008  memory: 662  
2025/10/25 20:52:21 - mmengine - INFO - Iter(val) [125/237]    eta: 0:00:00  time: 0.0087  data_time: 0.0008  memory: 662  
2025/10/25 20:52:21 - mmengine - INFO - Iter(val) [130/237]    eta: 0:00:00  time: 0.0087  data_time: 0.0008  memory: 662  
2025/10/25 20:52:21 - mmengine - INFO - Iter(val) [135/237]    eta: 0:00:00  time: 0.0088  data_time: 0.0009  memory: 662  
2025/10/25 20:52:21 - mmengine - INFO - Iter(val) [140/237]    eta: 0:00:00  time: 0.0090  data_time: 0.0009  memory: 662  
2025/10/25 20:52:21 - mmengine - INFO - Iter(val) [145/237]    eta: 0:00:00  time: 0.0091  data_time: 0.0009  memory: 662  
2025/10/25 20:52:21 - mmengine - INFO - Iter(val) [150/237]    eta: 0:00:00  time: 0.0090  data_time: 0.0009  memory: 662  
2025/10/25 20:52:21 - mmengine - INFO - Iter(val) [155/237]    eta: 0:00:00  time: 0.0088  data_time: 0.0008  memory: 662  
2025/10/25 20:52:21 - mmengine - INFO - Iter(val) [160/237]    eta: 0:00:00  time: 0.0088  data_time: 0.0008  memory: 662  
2025/10/25 20:52:21 - mmengine - INFO - Iter(val) [165/237]    eta: 0:00:00  time: 0.0088  data_time: 0.0008  memory: 662  
2025/10/25 20:52:21 - mmengine - INFO - Iter(val) [170/237]    eta: 0:00:00  time: 0.0088  data_time: 0.0008  memory: 662  
2025/10/25 20:52:21 - mmengine - INFO - Iter(val) [175/237]    eta: 0:00:00  time: 0.0088  data_time: 0.0008  memory: 662  
2025/10/25 20:52:21 - mmengine - INFO - Iter(val) [180/237]    eta: 0:00:00  time: 0.0087  data_time: 0.0008  memory: 662  
2025/10/25 20:52:21 - mmengine - INFO - Iter(val) [185/237]    eta: 0:00:00  time: 0.0086  data_time: 0.0007  memory: 662  
2025/10/25 20:52:21 - mmengine - INFO - Iter(val) [190/237]    eta: 0:00:00  time: 0.0086  data_time: 0.0007  memory: 662  
2025/10/25 20:52:21 - mmengine - INFO - Iter(val) [195/237]    eta: 0:00:00  time: 0.0086  data_time: 0.0007  memory: 662  
2025/10/25 20:52:21 - mmengine - INFO - Iter(val) [200/237]    eta: 0:00:00  time: 0.0086  data_time: 0.0007  memory: 662  
2025/10/25 20:52:21 - mmengine - INFO - Iter(val) [205/237]    eta: 0:00:00  time: 0.0086  data_time: 0.0007  memory: 662  
2025/10/25 20:52:21 - mmengine - INFO - Iter(val) [210/237]    eta: 0:00:00  time: 0.0087  data_time: 0.0008  memory: 662  
2025/10/25 20:52:21 - mmengine - INFO - Iter(val) [215/237]    eta: 0:00:00  time: 0.0087  data_time: 0.0008  memory: 662  
2025/10/25 20:52:21 - mmengine - INFO - Iter(val) [220/237]    eta: 0:00:00  time: 0.0087  data_time: 0.0008  memory: 662  
2025/10/25 20:52:22 - mmengine - INFO - Iter(val) [225/237]    eta: 0:00:00  time: 0.0087  data_time: 0.0007  memory: 662  
2025/10/25 20:52:22 - mmengine - INFO - Iter(val) [230/237]    eta: 0:00:00  time: 0.0087  data_time: 0.0007  memory: 662  
2025/10/25 20:52:22 - mmengine - INFO - Iter(val) [235/237]    eta: 0:00:00  time: 0.0086  data_time: 0.0007  memory: 662  
2025/10/25 20:52:22 - mmengine - INFO - per class results:
2025/10/25 20:52:22 - mmengine - INFO - 
+------------+-------+-------+
|   Class    |  IoU  |  Acc  |
+------------+-------+-------+
| background |  96.7 | 97.29 |
|   crack    | 54.07 | 86.45 |
+------------+-------+-------+
2025/10/25 20:52:22 - mmengine - INFO - Iter(val) [237/237]    aAcc: 96.8200  mIoU: 75.3900  mAcc: 91.8700  data_time: 0.0008  time: 0.0088
2025/10/25 20:52:23 - mmengine - INFO - Iter(train) [ 675/1000]  lr: 3.7035e-03  eta: 0:01:40  time: 0.2883  data_time: 0.0048  memory: 10177  loss: 0.3830  decode.loss_ce: 0.2544  decode.acc_seg: 93.3831  aux.loss_ce: 0.1286  aux.acc_seg: 95.1808
2025/10/25 20:52:25 - mmengine - INFO - Iter(train) [ 680/1000]  lr: 3.6535e-03  eta: 0:01:39  time: 0.2883  data_time: 0.0050  memory: 10177  loss: 0.4048  decode.loss_ce: 0.2661  decode.acc_seg: 93.0752  aux.loss_ce: 0.1388  aux.acc_seg: 94.5955
2025/10/25 20:52:25 - mmengine - INFO - Saving checkpoint at 680 iterations
2025/10/25 20:52:25 - mmengine - INFO - Iter(val) [  5/237]    eta: 0:00:02  time: 0.0091  data_time: 0.0012  memory: 662  
2025/10/25 20:52:25 - mmengine - INFO - Iter(val) [ 10/237]    eta: 0:00:02  time: 0.0091  data_time: 0.0012  memory: 662  
2025/10/25 20:52:25 - mmengine - INFO - Iter(val) [ 15/237]    eta: 0:00:01  time: 0.0086  data_time: 0.0007  memory: 662  
2025/10/25 20:52:25 - mmengine - INFO - Iter(val) [ 20/237]    eta: 0:00:01  time: 0.0087  data_time: 0.0008  memory: 662  
2025/10/25 20:52:25 - mmengine - INFO - Iter(val) [ 25/237]    eta: 0:00:01  time: 0.0088  data_time: 0.0008  memory: 662  
2025/10/25 20:52:25 - mmengine - INFO - Iter(val) [ 30/237]    eta: 0:00:01  time: 0.0092  data_time: 0.0010  memory: 662  
2025/10/25 20:52:25 - mmengine - INFO - Iter(val) [ 35/237]    eta: 0:00:01  time: 0.0093  data_time: 0.0010  memory: 662  
2025/10/25 20:52:25 - mmengine - INFO - Iter(val) [ 40/237]    eta: 0:00:01  time: 0.0089  data_time: 0.0009  memory: 662  
2025/10/25 20:52:25 - mmengine - INFO - Iter(val) [ 45/237]    eta: 0:00:01  time: 0.0088  data_time: 0.0008  memory: 662  
2025/10/25 20:52:25 - mmengine - INFO - Iter(val) [ 50/237]    eta: 0:00:01  time: 0.0088  data_time: 0.0008  memory: 662  
2025/10/25 20:52:26 - mmengine - INFO - Iter(val) [ 55/237]    eta: 0:00:01  time: 0.0088  data_time: 0.0008  memory: 662  
2025/10/25 20:52:26 - mmengine - INFO - Iter(val) [ 60/237]    eta: 0:00:01  time: 0.0087  data_time: 0.0008  memory: 662  
2025/10/25 20:52:26 - mmengine - INFO - Iter(val) [ 65/237]    eta: 0:00:01  time: 0.0088  data_time: 0.0008  memory: 662  
2025/10/25 20:52:26 - mmengine - INFO - Iter(val) [ 70/237]    eta: 0:00:01  time: 0.0088  data_time: 0.0008  memory: 662  
2025/10/25 20:52:26 - mmengine - INFO - Iter(val) [ 75/237]    eta: 0:00:01  time: 0.0087  data_time: 0.0008  memory: 662  
2025/10/25 20:52:26 - mmengine - INFO - Iter(val) [ 80/237]    eta: 0:00:01  time: 0.0087  data_time: 0.0008  memory: 662  
2025/10/25 20:52:26 - mmengine - INFO - Iter(val) [ 85/237]    eta: 0:00:01  time: 0.0088  data_time: 0.0008  memory: 662  
2025/10/25 20:52:26 - mmengine - INFO - Iter(val) [ 90/237]    eta: 0:00:01  time: 0.0088  data_time: 0.0008  memory: 662  
2025/10/25 20:52:26 - mmengine - INFO - Iter(val) [ 95/237]    eta: 0:00:01  time: 0.0087  data_time: 0.0008  memory: 662  
2025/10/25 20:52:26 - mmengine - INFO - Iter(val) [100/237]    eta: 0:00:01  time: 0.0088  data_time: 0.0009  memory: 662  
2025/10/25 20:52:26 - mmengine - INFO - Iter(val) [105/237]    eta: 0:00:01  time: 0.0088  data_time: 0.0009  memory: 662  
2025/10/25 20:52:26 - mmengine - INFO - Iter(val) [110/237]    eta: 0:00:01  time: 0.0088  data_time: 0.0008  memory: 662  
2025/10/25 20:52:26 - mmengine - INFO - Iter(val) [115/237]    eta: 0:00:01  time: 0.0088  data_time: 0.0008  memory: 662  
2025/10/25 20:52:26 - mmengine - INFO - Iter(val) [120/237]    eta: 0:00:01  time: 0.0088  data_time: 0.0008  memory: 662  
2025/10/25 20:52:26 - mmengine - INFO - Iter(val) [125/237]    eta: 0:00:00  time: 0.0087  data_time: 0.0008  memory: 662  
2025/10/25 20:52:26 - mmengine - INFO - Iter(val) [130/237]    eta: 0:00:00  time: 0.0087  data_time: 0.0008  memory: 662  
2025/10/25 20:52:26 - mmengine - INFO - Iter(val) [135/237]    eta: 0:00:00  time: 0.0087  data_time: 0.0008  memory: 662  
2025/10/25 20:52:26 - mmengine - INFO - Iter(val) [140/237]    eta: 0:00:00  time: 0.0087  data_time: 0.0008  memory: 662  
2025/10/25 20:52:26 - mmengine - INFO - Iter(val) [145/237]    eta: 0:00:00  time: 0.0087  data_time: 0.0008  memory: 662  
2025/10/25 20:52:26 - mmengine - INFO - Iter(val) [150/237]    eta: 0:00:00  time: 0.0087  data_time: 0.0008  memory: 662  
2025/10/25 20:52:26 - mmengine - INFO - Iter(val) [155/237]    eta: 0:00:00  time: 0.0088  data_time: 0.0008  memory: 662  
2025/10/25 20:52:26 - mmengine - INFO - Iter(val) [160/237]    eta: 0:00:00  time: 0.0088  data_time: 0.0008  memory: 662  
2025/10/25 20:52:26 - mmengine - INFO - Iter(val) [165/237]    eta: 0:00:00  time: 0.0088  data_time: 0.0008  memory: 662  
2025/10/25 20:52:27 - mmengine - INFO - Iter(val) [170/237]    eta: 0:00:00  time: 0.0087  data_time: 0.0008  memory: 662  
2025/10/25 20:52:27 - mmengine - INFO - Iter(val) [175/237]    eta: 0:00:00  time: 0.0088  data_time: 0.0008  memory: 662  
2025/10/25 20:52:27 - mmengine - INFO - Iter(val) [180/237]    eta: 0:00:00  time: 0.0089  data_time: 0.0009  memory: 662  
2025/10/25 20:52:27 - mmengine - INFO - Iter(val) [185/237]    eta: 0:00:00  time: 0.0089  data_time: 0.0009  memory: 662  
2025/10/25 20:52:27 - mmengine - INFO - Iter(val) [190/237]    eta: 0:00:00  time: 0.0088  data_time: 0.0008  memory: 662  
2025/10/25 20:52:27 - mmengine - INFO - Iter(val) [195/237]    eta: 0:00:00  time: 0.0088  data_time: 0.0008  memory: 662  
2025/10/25 20:52:27 - mmengine - INFO - Iter(val) [200/237]    eta: 0:00:00  time: 0.0094  data_time: 0.0009  memory: 662  
2025/10/25 20:52:27 - mmengine - INFO - Iter(val) [205/237]    eta: 0:00:00  time: 0.0093  data_time: 0.0009  memory: 662  
2025/10/25 20:52:27 - mmengine - INFO - Iter(val) [210/237]    eta: 0:00:00  time: 0.0092  data_time: 0.0009  memory: 662  
2025/10/25 20:52:27 - mmengine - INFO - Iter(val) [215/237]    eta: 0:00:00  time: 0.0092  data_time: 0.0009  memory: 662  
2025/10/25 20:52:27 - mmengine - INFO - Iter(val) [220/237]    eta: 0:00:00  time: 0.0088  data_time: 0.0009  memory: 662  
2025/10/25 20:52:27 - mmengine - INFO - Iter(val) [225/237]    eta: 0:00:00  time: 0.0087  data_time: 0.0008  memory: 662  
2025/10/25 20:52:27 - mmengine - INFO - Iter(val) [230/237]    eta: 0:00:00  time: 0.0087  data_time: 0.0008  memory: 662  
2025/10/25 20:52:27 - mmengine - INFO - Iter(val) [235/237]    eta: 0:00:00  time: 0.0086  data_time: 0.0008  memory: 662  
2025/10/25 20:52:27 - mmengine - INFO - per class results:
2025/10/25 20:52:27 - mmengine - INFO - 
+------------+-------+-------+
|   Class    |  IoU  |  Acc  |
+------------+-------+-------+
| background | 97.33 | 98.16 |
|   crack    | 57.69 | 81.15 |
+------------+-------+-------+
2025/10/25 20:52:27 - mmengine - INFO - Iter(val) [237/237]    aAcc: 97.4200  mIoU: 77.5100  mAcc: 89.6500  data_time: 0.0008  time: 0.0088
2025/10/25 20:52:29 - mmengine - INFO - Iter(train) [ 685/1000]  lr: 3.6035e-03  eta: 0:01:37  time: 0.2883  data_time: 0.0050  memory: 10177  loss: 0.4183  decode.loss_ce: 0.2772  decode.acc_seg: 93.8251  aux.loss_ce: 0.1411  aux.acc_seg: 94.4836
2025/10/25 20:52:30 - mmengine - INFO - Iter(train) [ 690/1000]  lr: 3.5534e-03  eta: 0:01:35  time: 0.2887  data_time: 0.0050  memory: 10177  loss: 0.4026  decode.loss_ce: 0.2662  decode.acc_seg: 92.9921  aux.loss_ce: 0.1364  aux.acc_seg: 94.7813
2025/10/25 20:52:30 - mmengine - INFO - Saving checkpoint at 690 iterations
2025/10/25 20:52:31 - mmengine - INFO - Iter(val) [  5/237]    eta: 0:00:02  time: 0.0091  data_time: 0.0012  memory: 662  
2025/10/25 20:52:31 - mmengine - INFO - Iter(val) [ 10/237]    eta: 0:00:02  time: 0.0090  data_time: 0.0011  memory: 662  
2025/10/25 20:52:31 - mmengine - INFO - Iter(val) [ 15/237]    eta: 0:00:01  time: 0.0085  data_time: 0.0007  memory: 662  
2025/10/25 20:52:31 - mmengine - INFO - Iter(val) [ 20/237]    eta: 0:00:01  time: 0.0087  data_time: 0.0008  memory: 662  
2025/10/25 20:52:31 - mmengine - INFO - Iter(val) [ 25/237]    eta: 0:00:01  time: 0.0087  data_time: 0.0008  memory: 662  
2025/10/25 20:52:31 - mmengine - INFO - Iter(val) [ 30/237]    eta: 0:00:01  time: 0.0087  data_time: 0.0008  memory: 662  
2025/10/25 20:52:31 - mmengine - INFO - Iter(val) [ 35/237]    eta: 0:00:01  time: 0.0087  data_time: 0.0008  memory: 662  
2025/10/25 20:52:31 - mmengine - INFO - Iter(val) [ 40/237]    eta: 0:00:01  time: 0.0088  data_time: 0.0008  memory: 662  
2025/10/25 20:52:31 - mmengine - INFO - Iter(val) [ 45/237]    eta: 0:00:01  time: 0.0088  data_time: 0.0008  memory: 662  
2025/10/25 20:52:31 - mmengine - INFO - Iter(val) [ 50/237]    eta: 0:00:01  time: 0.0087  data_time: 0.0008  memory: 662  
2025/10/25 20:52:31 - mmengine - INFO - Iter(val) [ 55/237]    eta: 0:00:01  time: 0.0088  data_time: 0.0008  memory: 662  
2025/10/25 20:52:31 - mmengine - INFO - Iter(val) [ 60/237]    eta: 0:00:01  time: 0.0088  data_time: 0.0009  memory: 662  
2025/10/25 20:52:31 - mmengine - INFO - Iter(val) [ 65/237]    eta: 0:00:01  time: 0.0090  data_time: 0.0009  memory: 662  
2025/10/25 20:52:31 - mmengine - INFO - Iter(val) [ 70/237]    eta: 0:00:01  time: 0.0091  data_time: 0.0009  memory: 662  
2025/10/25 20:52:31 - mmengine - INFO - Iter(val) [ 75/237]    eta: 0:00:01  time: 0.0089  data_time: 0.0009  memory: 662  
2025/10/25 20:52:31 - mmengine - INFO - Iter(val) [ 80/237]    eta: 0:00:01  time: 0.0089  data_time: 0.0009  memory: 662  
2025/10/25 20:52:31 - mmengine - INFO - Iter(val) [ 85/237]    eta: 0:00:01  time: 0.0088  data_time: 0.0008  memory: 662  
2025/10/25 20:52:31 - mmengine - INFO - Iter(val) [ 90/237]    eta: 0:00:01  time: 0.0087  data_time: 0.0008  memory: 662  
2025/10/25 20:52:31 - mmengine - INFO - Iter(val) [ 95/237]    eta: 0:00:01  time: 0.0087  data_time: 0.0008  memory: 662  
2025/10/25 20:52:32 - mmengine - INFO - Iter(val) [100/237]    eta: 0:00:01  time: 0.0087  data_time: 0.0008  memory: 662  
2025/10/25 20:52:32 - mmengine - INFO - Iter(val) [105/237]    eta: 0:00:01  time: 0.0087  data_time: 0.0008  memory: 662  
2025/10/25 20:52:32 - mmengine - INFO - Iter(val) [110/237]    eta: 0:00:01  time: 0.0088  data_time: 0.0009  memory: 662  
2025/10/25 20:52:32 - mmengine - INFO - Iter(val) [115/237]    eta: 0:00:01  time: 0.0088  data_time: 0.0009  memory: 662  
2025/10/25 20:52:32 - mmengine - INFO - Iter(val) [120/237]    eta: 0:00:01  time: 0.0087  data_time: 0.0008  memory: 662  
2025/10/25 20:52:32 - mmengine - INFO - Iter(val) [125/237]    eta: 0:00:00  time: 0.0090  data_time: 0.0009  memory: 662  
2025/10/25 20:52:32 - mmengine - INFO - Iter(val) [130/237]    eta: 0:00:00  time: 0.0090  data_time: 0.0009  memory: 662  
2025/10/25 20:52:32 - mmengine - INFO - Iter(val) [135/237]    eta: 0:00:00  time: 0.0088  data_time: 0.0008  memory: 662  
2025/10/25 20:52:32 - mmengine - INFO - Iter(val) [140/237]    eta: 0:00:00  time: 0.0088  data_time: 0.0008  memory: 662  
2025/10/25 20:52:32 - mmengine - INFO - Iter(val) [145/237]    eta: 0:00:00  time: 0.0087  data_time: 0.0008  memory: 662  
2025/10/25 20:52:32 - mmengine - INFO - Iter(val) [150/237]    eta: 0:00:00  time: 0.0086  data_time: 0.0007  memory: 662  
2025/10/25 20:52:32 - mmengine - INFO - Iter(val) [155/237]    eta: 0:00:00  time: 0.0087  data_time: 0.0008  memory: 662  
2025/10/25 20:52:32 - mmengine - INFO - Iter(val) [160/237]    eta: 0:00:00  time: 0.0088  data_time: 0.0008  memory: 662  
2025/10/25 20:52:32 - mmengine - INFO - Iter(val) [165/237]    eta: 0:00:00  time: 0.0089  data_time: 0.0009  memory: 662  
2025/10/25 20:52:32 - mmengine - INFO - Iter(val) [170/237]    eta: 0:00:00  time: 0.0088  data_time: 0.0008  memory: 662  
2025/10/25 20:52:32 - mmengine - INFO - Iter(val) [175/237]    eta: 0:00:00  time: 0.0086  data_time: 0.0007  memory: 662  
2025/10/25 20:52:32 - mmengine - INFO - Iter(val) [180/237]    eta: 0:00:00  time: 0.0086  data_time: 0.0007  memory: 662  
2025/10/25 20:52:32 - mmengine - INFO - Iter(val) [185/237]    eta: 0:00:00  time: 0.0086  data_time: 0.0007  memory: 662  
2025/10/25 20:52:32 - mmengine - INFO - Iter(val) [190/237]    eta: 0:00:00  time: 0.0086  data_time: 0.0007  memory: 662  
2025/10/25 20:52:32 - mmengine - INFO - Iter(val) [195/237]    eta: 0:00:00  time: 0.0086  data_time: 0.0007  memory: 662  
2025/10/25 20:52:32 - mmengine - INFO - Iter(val) [200/237]    eta: 0:00:00  time: 0.0088  data_time: 0.0008  memory: 662  
2025/10/25 20:52:32 - mmengine - INFO - Iter(val) [205/237]    eta: 0:00:00  time: 0.0092  data_time: 0.0010  memory: 662  
2025/10/25 20:52:32 - mmengine - INFO - Iter(val) [210/237]    eta: 0:00:00  time: 0.0093  data_time: 0.0010  memory: 662  
2025/10/25 20:52:33 - mmengine - INFO - Iter(val) [215/237]    eta: 0:00:00  time: 0.0089  data_time: 0.0009  memory: 662  
2025/10/25 20:52:33 - mmengine - INFO - Iter(val) [220/237]    eta: 0:00:00  time: 0.0088  data_time: 0.0009  memory: 662  
2025/10/25 20:52:33 - mmengine - INFO - Iter(val) [225/237]    eta: 0:00:00  time: 0.0090  data_time: 0.0008  memory: 662  
2025/10/25 20:52:33 - mmengine - INFO - Iter(val) [230/237]    eta: 0:00:00  time: 0.0090  data_time: 0.0008  memory: 662  
2025/10/25 20:52:33 - mmengine - INFO - Iter(val) [235/237]    eta: 0:00:00  time: 0.0087  data_time: 0.0008  memory: 662  
2025/10/25 20:52:33 - mmengine - INFO - per class results:
2025/10/25 20:52:33 - mmengine - INFO - 
+------------+-------+-------+
|   Class    |  IoU  |  Acc  |
+------------+-------+-------+
| background | 97.13 | 97.94 |
|   crack    | 56.12 | 81.69 |
+------------+-------+-------+
2025/10/25 20:52:33 - mmengine - INFO - Iter(val) [237/237]    aAcc: 97.2400  mIoU: 76.6300  mAcc: 89.8200  data_time: 0.0008  time: 0.0088
2025/10/25 20:52:34 - mmengine - INFO - Iter(train) [ 695/1000]  lr: 3.5033e-03  eta: 0:01:34  time: 0.2888  data_time: 0.0051  memory: 10177  loss: 0.3691  decode.loss_ce: 0.2420  decode.acc_seg: 94.2316  aux.loss_ce: 0.1270  aux.acc_seg: 93.9703
2025/10/25 20:52:36 - mmengine - INFO - Iter(train) [ 700/1000]  lr: 3.4530e-03  eta: 0:01:32  time: 0.2885  data_time: 0.0049  memory: 10177  loss: 0.3646  decode.loss_ce: 0.2452  decode.acc_seg: 95.2114  aux.loss_ce: 0.1194  aux.acc_seg: 94.6181
2025/10/25 20:52:36 - mmengine - INFO - Saving checkpoint at 700 iterations
2025/10/25 20:52:36 - mmengine - INFO - Iter(val) [  5/237]    eta: 0:00:02  time: 0.0095  data_time: 0.0013  memory: 662  
2025/10/25 20:52:36 - mmengine - INFO - Iter(val) [ 10/237]    eta: 0:00:02  time: 0.0095  data_time: 0.0013  memory: 662  
2025/10/25 20:52:36 - mmengine - INFO - Iter(val) [ 15/237]    eta: 0:00:02  time: 0.0086  data_time: 0.0007  memory: 662  
2025/10/25 20:52:36 - mmengine - INFO - Iter(val) [ 20/237]    eta: 0:00:01  time: 0.0087  data_time: 0.0008  memory: 662  
2025/10/25 20:52:36 - mmengine - INFO - Iter(val) [ 25/237]    eta: 0:00:01  time: 0.0088  data_time: 0.0008  memory: 662  
2025/10/25 20:52:36 - mmengine - INFO - Iter(val) [ 30/237]    eta: 0:00:01  time: 0.0090  data_time: 0.0009  memory: 662  
2025/10/25 20:52:36 - mmengine - INFO - Iter(val) [ 35/237]    eta: 0:00:01  time: 0.0091  data_time: 0.0009  memory: 662  
2025/10/25 20:52:37 - mmengine - INFO - Iter(val) [ 40/237]    eta: 0:00:01  time: 0.0090  data_time: 0.0009  memory: 662  
2025/10/25 20:52:37 - mmengine - INFO - Iter(val) [ 45/237]    eta: 0:00:01  time: 0.0093  data_time: 0.0009  memory: 662  
2025/10/25 20:52:37 - mmengine - INFO - Iter(val) [ 50/237]    eta: 0:00:01  time: 0.0092  data_time: 0.0009  memory: 662  
2025/10/25 20:52:37 - mmengine - INFO - Iter(val) [ 55/237]    eta: 0:00:01  time: 0.0088  data_time: 0.0008  memory: 662  
2025/10/25 20:52:37 - mmengine - INFO - Iter(val) [ 60/237]    eta: 0:00:01  time: 0.0087  data_time: 0.0008  memory: 662  
2025/10/25 20:52:37 - mmengine - INFO - Iter(val) [ 65/237]    eta: 0:00:01  time: 0.0088  data_time: 0.0008  memory: 662  
2025/10/25 20:52:37 - mmengine - INFO - Iter(val) [ 70/237]    eta: 0:00:01  time: 0.0088  data_time: 0.0008  memory: 662  
2025/10/25 20:52:37 - mmengine - INFO - Iter(val) [ 75/237]    eta: 0:00:01  time: 0.0087  data_time: 0.0008  memory: 662  
2025/10/25 20:52:37 - mmengine - INFO - Iter(val) [ 80/237]    eta: 0:00:01  time: 0.0087  data_time: 0.0008  memory: 662  
2025/10/25 20:52:37 - mmengine - INFO - Iter(val) [ 85/237]    eta: 0:00:01  time: 0.0087  data_time: 0.0008  memory: 662  
2025/10/25 20:52:37 - mmengine - INFO - Iter(val) [ 90/237]    eta: 0:00:01  time: 0.0088  data_time: 0.0009  memory: 662  
2025/10/25 20:52:37 - mmengine - INFO - Iter(val) [ 95/237]    eta: 0:00:01  time: 0.0087  data_time: 0.0009  memory: 662  
2025/10/25 20:52:37 - mmengine - INFO - Iter(val) [100/237]    eta: 0:00:01  time: 0.0091  data_time: 0.0009  memory: 662  
2025/10/25 20:52:37 - mmengine - INFO - Iter(val) [105/237]    eta: 0:00:01  time: 0.0097  data_time: 0.0010  memory: 662  
2025/10/25 20:52:37 - mmengine - INFO - Iter(val) [110/237]    eta: 0:00:01  time: 0.0094  data_time: 0.0009  memory: 662  
2025/10/25 20:52:37 - mmengine - INFO - Iter(val) [115/237]    eta: 0:00:01  time: 0.0087  data_time: 0.0008  memory: 662  
2025/10/25 20:52:37 - mmengine - INFO - Iter(val) [120/237]    eta: 0:00:01  time: 0.0087  data_time: 0.0008  memory: 662  
2025/10/25 20:52:37 - mmengine - INFO - Iter(val) [125/237]    eta: 0:00:01  time: 0.0087  data_time: 0.0008  memory: 662  
2025/10/25 20:52:37 - mmengine - INFO - Iter(val) [130/237]    eta: 0:00:00  time: 0.0086  data_time: 0.0008  memory: 662  
2025/10/25 20:52:37 - mmengine - INFO - Iter(val) [135/237]    eta: 0:00:00  time: 0.0087  data_time: 0.0008  memory: 662  
2025/10/25 20:52:37 - mmengine - INFO - Iter(val) [140/237]    eta: 0:00:00  time: 0.0087  data_time: 0.0008  memory: 662  
2025/10/25 20:52:37 - mmengine - INFO - Iter(val) [145/237]    eta: 0:00:00  time: 0.0088  data_time: 0.0009  memory: 662  
2025/10/25 20:52:37 - mmengine - INFO - Iter(val) [150/237]    eta: 0:00:00  time: 0.0089  data_time: 0.0009  memory: 662  
2025/10/25 20:52:38 - mmengine - INFO - Iter(val) [155/237]    eta: 0:00:00  time: 0.0088  data_time: 0.0008  memory: 662  
2025/10/25 20:52:38 - mmengine - INFO - Iter(val) [160/237]    eta: 0:00:00  time: 0.0088  data_time: 0.0008  memory: 662  
2025/10/25 20:52:38 - mmengine - INFO - Iter(val) [165/237]    eta: 0:00:00  time: 0.0088  data_time: 0.0009  memory: 662  
2025/10/25 20:52:38 - mmengine - INFO - Iter(val) [170/237]    eta: 0:00:00  time: 0.0088  data_time: 0.0009  memory: 662  
2025/10/25 20:52:38 - mmengine - INFO - Iter(val) [175/237]    eta: 0:00:00  time: 0.0088  data_time: 0.0009  memory: 662  
2025/10/25 20:52:38 - mmengine - INFO - Iter(val) [180/237]    eta: 0:00:00  time: 0.0089  data_time: 0.0009  memory: 662  
2025/10/25 20:52:38 - mmengine - INFO - Iter(val) [185/237]    eta: 0:00:00  time: 0.0088  data_time: 0.0009  memory: 662  
2025/10/25 20:52:38 - mmengine - INFO - Iter(val) [190/237]    eta: 0:00:00  time: 0.0087  data_time: 0.0008  memory: 662  
2025/10/25 20:52:38 - mmengine - INFO - Iter(val) [195/237]    eta: 0:00:00  time: 0.0087  data_time: 0.0008  memory: 662  
2025/10/25 20:52:38 - mmengine - INFO - Iter(val) [200/237]    eta: 0:00:00  time: 0.0088  data_time: 0.0009  memory: 662  
2025/10/25 20:52:38 - mmengine - INFO - Iter(val) [205/237]    eta: 0:00:00  time: 0.0087  data_time: 0.0008  memory: 662  
2025/10/25 20:52:38 - mmengine - INFO - Iter(val) [210/237]    eta: 0:00:00  time: 0.0088  data_time: 0.0008  memory: 662  
2025/10/25 20:52:38 - mmengine - INFO - Iter(val) [215/237]    eta: 0:00:00  time: 0.0096  data_time: 0.0009  memory: 662  
2025/10/25 20:52:38 - mmengine - INFO - Iter(val) [220/237]    eta: 0:00:00  time: 0.0096  data_time: 0.0009  memory: 662  
2025/10/25 20:52:38 - mmengine - INFO - Iter(val) [225/237]    eta: 0:00:00  time: 0.0087  data_time: 0.0008  memory: 662  
2025/10/25 20:52:38 - mmengine - INFO - Iter(val) [230/237]    eta: 0:00:00  time: 0.0087  data_time: 0.0008  memory: 662  
2025/10/25 20:52:38 - mmengine - INFO - Iter(val) [235/237]    eta: 0:00:00  time: 0.0086  data_time: 0.0008  memory: 662  
2025/10/25 20:52:38 - mmengine - INFO - per class results:
2025/10/25 20:52:38 - mmengine - INFO - 
+------------+-------+-------+
|   Class    |  IoU  |  Acc  |
+------------+-------+-------+
| background | 96.03 | 96.52 |
|   crack    | 50.15 | 88.73 |
+------------+-------+-------+
2025/10/25 20:52:38 - mmengine - INFO - Iter(val) [237/237]    aAcc: 96.1800  mIoU: 73.0900  mAcc: 92.6200  data_time: 0.0009  time: 0.0089
2025/10/25 20:52:40 - mmengine - INFO - Iter(train) [ 705/1000]  lr: 3.4027e-03  eta: 0:01:31  time: 0.2883  data_time: 0.0047  memory: 10177  loss: 0.3722  decode.loss_ce: 0.2485  decode.acc_seg: 94.6221  aux.loss_ce: 0.1237  aux.acc_seg: 94.4364
2025/10/25 20:52:41 - mmengine - INFO - Iter(train) [ 710/1000]  lr: 3.3523e-03  eta: 0:01:29  time: 0.2882  data_time: 0.0047  memory: 10177  loss: 0.3770  decode.loss_ce: 0.2508  decode.acc_seg: 92.7515  aux.loss_ce: 0.1262  aux.acc_seg: 93.9106
2025/10/25 20:52:41 - mmengine - INFO - Saving checkpoint at 710 iterations
2025/10/25 20:52:42 - mmengine - INFO - Iter(val) [  5/237]    eta: 0:00:02  time: 0.0093  data_time: 0.0014  memory: 662  
2025/10/25 20:52:42 - mmengine - INFO - Iter(val) [ 10/237]    eta: 0:00:02  time: 0.0096  data_time: 0.0014  memory: 662  
2025/10/25 20:52:42 - mmengine - INFO - Iter(val) [ 15/237]    eta: 0:00:02  time: 0.0092  data_time: 0.0009  memory: 662  
2025/10/25 20:52:42 - mmengine - INFO - Iter(val) [ 20/237]    eta: 0:00:02  time: 0.0089  data_time: 0.0009  memory: 662  
2025/10/25 20:52:42 - mmengine - INFO - Iter(val) [ 25/237]    eta: 0:00:01  time: 0.0086  data_time: 0.0008  memory: 662  
2025/10/25 20:52:42 - mmengine - INFO - Iter(val) [ 30/237]    eta: 0:00:01  time: 0.0087  data_time: 0.0008  memory: 662  
2025/10/25 20:52:42 - mmengine - INFO - Iter(val) [ 35/237]    eta: 0:00:01  time: 0.0086  data_time: 0.0008  memory: 662  
2025/10/25 20:52:42 - mmengine - INFO - Iter(val) [ 40/237]    eta: 0:00:01  time: 0.0086  data_time: 0.0008  memory: 662  
2025/10/25 20:52:42 - mmengine - INFO - Iter(val) [ 45/237]    eta: 0:00:01  time: 0.0087  data_time: 0.0008  memory: 662  
2025/10/25 20:52:42 - mmengine - INFO - Iter(val) [ 50/237]    eta: 0:00:01  time: 0.0087  data_time: 0.0008  memory: 662  
2025/10/25 20:52:42 - mmengine - INFO - Iter(val) [ 55/237]    eta: 0:00:01  time: 0.0088  data_time: 0.0008  memory: 662  
2025/10/25 20:52:42 - mmengine - INFO - Iter(val) [ 60/237]    eta: 0:00:01  time: 0.0087  data_time: 0.0008  memory: 662  
2025/10/25 20:52:42 - mmengine - INFO - Iter(val) [ 65/237]    eta: 0:00:01  time: 0.0087  data_time: 0.0008  memory: 662  
2025/10/25 20:52:42 - mmengine - INFO - Iter(val) [ 70/237]    eta: 0:00:01  time: 0.0087  data_time: 0.0008  memory: 662  
2025/10/25 20:52:42 - mmengine - INFO - Iter(val) [ 75/237]    eta: 0:00:01  time: 0.0087  data_time: 0.0008  memory: 662  
2025/10/25 20:52:42 - mmengine - INFO - Iter(val) [ 80/237]    eta: 0:00:01  time: 0.0087  data_time: 0.0008  memory: 662  
2025/10/25 20:52:42 - mmengine - INFO - Iter(val) [ 85/237]    eta: 0:00:01  time: 0.0089  data_time: 0.0009  memory: 662  
2025/10/25 20:52:42 - mmengine - INFO - Iter(val) [ 90/237]    eta: 0:00:01  time: 0.0090  data_time: 0.0009  memory: 662  
2025/10/25 20:52:43 - mmengine - INFO - Iter(val) [ 95/237]    eta: 0:00:01  time: 0.0092  data_time: 0.0009  memory: 662  
2025/10/25 20:52:43 - mmengine - INFO - Iter(val) [100/237]    eta: 0:00:01  time: 0.0091  data_time: 0.0009  memory: 662  
2025/10/25 20:52:43 - mmengine - INFO - Iter(val) [105/237]    eta: 0:00:01  time: 0.0088  data_time: 0.0008  memory: 662  
2025/10/25 20:52:43 - mmengine - INFO - Iter(val) [110/237]    eta: 0:00:01  time: 0.0087  data_time: 0.0008  memory: 662  
2025/10/25 20:52:43 - mmengine - INFO - Iter(val) [115/237]    eta: 0:00:01  time: 0.0087  data_time: 0.0008  memory: 662  
2025/10/25 20:52:43 - mmengine - INFO - Iter(val) [120/237]    eta: 0:00:01  time: 0.0088  data_time: 0.0008  memory: 662  
2025/10/25 20:52:43 - mmengine - INFO - Iter(val) [125/237]    eta: 0:00:00  time: 0.0089  data_time: 0.0009  memory: 662  
2025/10/25 20:52:43 - mmengine - INFO - Iter(val) [130/237]    eta: 0:00:00  time: 0.0090  data_time: 0.0009  memory: 662  
2025/10/25 20:52:43 - mmengine - INFO - Iter(val) [135/237]    eta: 0:00:00  time: 0.0090  data_time: 0.0009  memory: 662  
2025/10/25 20:52:43 - mmengine - INFO - Iter(val) [140/237]    eta: 0:00:00  time: 0.0089  data_time: 0.0008  memory: 662  
2025/10/25 20:52:43 - mmengine - INFO - Iter(val) [145/237]    eta: 0:00:00  time: 0.0087  data_time: 0.0008  memory: 662  
2025/10/25 20:52:43 - mmengine - INFO - Iter(val) [150/237]    eta: 0:00:00  time: 0.0088  data_time: 0.0008  memory: 662  
2025/10/25 20:52:43 - mmengine - INFO - Iter(val) [155/237]    eta: 0:00:00  time: 0.0088  data_time: 0.0008  memory: 662  
2025/10/25 20:52:43 - mmengine - INFO - Iter(val) [160/237]    eta: 0:00:00  time: 0.0088  data_time: 0.0008  memory: 662  
2025/10/25 20:52:43 - mmengine - INFO - Iter(val) [165/237]    eta: 0:00:00  time: 0.0088  data_time: 0.0008  memory: 662  
2025/10/25 20:52:43 - mmengine - INFO - Iter(val) [170/237]    eta: 0:00:00  time: 0.0088  data_time: 0.0009  memory: 662  
2025/10/25 20:52:43 - mmengine - INFO - Iter(val) [175/237]    eta: 0:00:00  time: 0.0089  data_time: 0.0009  memory: 662  
2025/10/25 20:52:43 - mmengine - INFO - Iter(val) [180/237]    eta: 0:00:00  time: 0.0095  data_time: 0.0010  memory: 662  
2025/10/25 20:52:43 - mmengine - INFO - Iter(val) [185/237]    eta: 0:00:00  time: 0.0096  data_time: 0.0010  memory: 662  
2025/10/25 20:52:43 - mmengine - INFO - Iter(val) [190/237]    eta: 0:00:00  time: 0.0090  data_time: 0.0009  memory: 662  
2025/10/25 20:52:43 - mmengine - INFO - Iter(val) [195/237]    eta: 0:00:00  time: 0.0090  data_time: 0.0009  memory: 662  
2025/10/25 20:52:43 - mmengine - INFO - Iter(val) [200/237]    eta: 0:00:00  time: 0.0090  data_time: 0.0008  memory: 662  
2025/10/25 20:52:43 - mmengine - INFO - Iter(val) [205/237]    eta: 0:00:00  time: 0.0087  data_time: 0.0008  memory: 662  
2025/10/25 20:52:44 - mmengine - INFO - Iter(val) [210/237]    eta: 0:00:00  time: 0.0087  data_time: 0.0008  memory: 662  
2025/10/25 20:52:44 - mmengine - INFO - Iter(val) [215/237]    eta: 0:00:00  time: 0.0087  data_time: 0.0008  memory: 662  
2025/10/25 20:52:44 - mmengine - INFO - Iter(val) [220/237]    eta: 0:00:00  time: 0.0087  data_time: 0.0008  memory: 662  
2025/10/25 20:52:44 - mmengine - INFO - Iter(val) [225/237]    eta: 0:00:00  time: 0.0087  data_time: 0.0007  memory: 662  
2025/10/25 20:52:44 - mmengine - INFO - Iter(val) [230/237]    eta: 0:00:00  time: 0.0086  data_time: 0.0007  memory: 662  
2025/10/25 20:52:44 - mmengine - INFO - Iter(val) [235/237]    eta: 0:00:00  time: 0.0086  data_time: 0.0007  memory: 662  
2025/10/25 20:52:44 - mmengine - INFO - per class results:
2025/10/25 20:52:44 - mmengine - INFO - 
+------------+-------+-------+
|   Class    |  IoU  |  Acc  |
+------------+-------+-------+
| background | 96.58 | 97.18 |
|   crack    | 53.19 | 86.39 |
+------------+-------+-------+
2025/10/25 20:52:44 - mmengine - INFO - Iter(val) [237/237]    aAcc: 96.7100  mIoU: 74.8800  mAcc: 91.7800  data_time: 0.0009  time: 0.0089
2025/10/25 20:52:45 - mmengine - INFO - Iter(train) [ 715/1000]  lr: 3.3017e-03  eta: 0:01:27  time: 0.2882  data_time: 0.0047  memory: 10177  loss: 0.3638  decode.loss_ce: 0.2435  decode.acc_seg: 95.4165  aux.loss_ce: 0.1203  aux.acc_seg: 95.2209
2025/10/25 20:52:47 - mmengine - INFO - Iter(train) [ 720/1000]  lr: 3.2511e-03  eta: 0:01:26  time: 0.2881  data_time: 0.0047  memory: 10177  loss: 0.3411  decode.loss_ce: 0.2275  decode.acc_seg: 95.3308  aux.loss_ce: 0.1136  aux.acc_seg: 96.2362
2025/10/25 20:52:47 - mmengine - INFO - Saving checkpoint at 720 iterations
2025/10/25 20:52:47 - mmengine - INFO - Iter(val) [  5/237]    eta: 0:00:02  time: 0.0093  data_time: 0.0012  memory: 662  
2025/10/25 20:52:47 - mmengine - INFO - Iter(val) [ 10/237]    eta: 0:00:02  time: 0.0093  data_time: 0.0012  memory: 662  
2025/10/25 20:52:47 - mmengine - INFO - Iter(val) [ 15/237]    eta: 0:00:02  time: 0.0087  data_time: 0.0007  memory: 662  
2025/10/25 20:52:47 - mmengine - INFO - Iter(val) [ 20/237]    eta: 0:00:01  time: 0.0090  data_time: 0.0008  memory: 662  
2025/10/25 20:52:47 - mmengine - INFO - Iter(val) [ 25/237]    eta: 0:00:01  time: 0.0090  data_time: 0.0008  memory: 662  
2025/10/25 20:52:48 - mmengine - INFO - Iter(val) [ 30/237]    eta: 0:00:01  time: 0.0087  data_time: 0.0008  memory: 662  
2025/10/25 20:52:48 - mmengine - INFO - Iter(val) [ 35/237]    eta: 0:00:01  time: 0.0087  data_time: 0.0008  memory: 662  
2025/10/25 20:52:48 - mmengine - INFO - Iter(val) [ 40/237]    eta: 0:00:01  time: 0.0087  data_time: 0.0007  memory: 662  
2025/10/25 20:52:48 - mmengine - INFO - Iter(val) [ 45/237]    eta: 0:00:01  time: 0.0087  data_time: 0.0008  memory: 662  
2025/10/25 20:52:48 - mmengine - INFO - Iter(val) [ 50/237]    eta: 0:00:01  time: 0.0087  data_time: 0.0008  memory: 662  
2025/10/25 20:52:48 - mmengine - INFO - Iter(val) [ 55/237]    eta: 0:00:01  time: 0.0088  data_time: 0.0008  memory: 662  
2025/10/25 20:52:48 - mmengine - INFO - Iter(val) [ 60/237]    eta: 0:00:01  time: 0.0089  data_time: 0.0009  memory: 662  
2025/10/25 20:52:48 - mmengine - INFO - Iter(val) [ 65/237]    eta: 0:00:01  time: 0.0094  data_time: 0.0009  memory: 662  
2025/10/25 20:52:48 - mmengine - INFO - Iter(val) [ 70/237]    eta: 0:00:01  time: 0.0093  data_time: 0.0009  memory: 662  
2025/10/25 20:52:48 - mmengine - INFO - Iter(val) [ 75/237]    eta: 0:00:01  time: 0.0087  data_time: 0.0008  memory: 662  
2025/10/25 20:52:48 - mmengine - INFO - Iter(val) [ 80/237]    eta: 0:00:01  time: 0.0087  data_time: 0.0007  memory: 662  
2025/10/25 20:52:48 - mmengine - INFO - Iter(val) [ 85/237]    eta: 0:00:01  time: 0.0087  data_time: 0.0008  memory: 662  
2025/10/25 20:52:48 - mmengine - INFO - Iter(val) [ 90/237]    eta: 0:00:01  time: 0.0087  data_time: 0.0008  memory: 662  
2025/10/25 20:52:48 - mmengine - INFO - Iter(val) [ 95/237]    eta: 0:00:01  time: 0.0087  data_time: 0.0008  memory: 662  
2025/10/25 20:52:48 - mmengine - INFO - Iter(val) [100/237]    eta: 0:00:01  time: 0.0086  data_time: 0.0008  memory: 662  
2025/10/25 20:52:48 - mmengine - INFO - Iter(val) [105/237]    eta: 0:00:01  time: 0.0087  data_time: 0.0008  memory: 662  
2025/10/25 20:52:48 - mmengine - INFO - Iter(val) [110/237]    eta: 0:00:01  time: 0.0087  data_time: 0.0008  memory: 662  
2025/10/25 20:52:48 - mmengine - INFO - Iter(val) [115/237]    eta: 0:00:01  time: 0.0086  data_time: 0.0007  memory: 662  
2025/10/25 20:52:48 - mmengine - INFO - Iter(val) [120/237]    eta: 0:00:01  time: 0.0086  data_time: 0.0007  memory: 662  
2025/10/25 20:52:48 - mmengine - INFO - Iter(val) [125/237]    eta: 0:00:00  time: 0.0087  data_time: 0.0008  memory: 662  
2025/10/25 20:52:48 - mmengine - INFO - Iter(val) [130/237]    eta: 0:00:00  time: 0.0087  data_time: 0.0008  memory: 662  
2025/10/25 20:52:48 - mmengine - INFO - Iter(val) [135/237]    eta: 0:00:00  time: 0.0089  data_time: 0.0009  memory: 662  
2025/10/25 20:52:48 - mmengine - INFO - Iter(val) [140/237]    eta: 0:00:00  time: 0.0089  data_time: 0.0009  memory: 662  
2025/10/25 20:52:49 - mmengine - INFO - Iter(val) [145/237]    eta: 0:00:00  time: 0.0089  data_time: 0.0009  memory: 662  
2025/10/25 20:52:49 - mmengine - INFO - Iter(val) [150/237]    eta: 0:00:00  time: 0.0088  data_time: 0.0008  memory: 662  
2025/10/25 20:52:49 - mmengine - INFO - Iter(val) [155/237]    eta: 0:00:00  time: 0.0087  data_time: 0.0008  memory: 662  
2025/10/25 20:52:49 - mmengine - INFO - Iter(val) [160/237]    eta: 0:00:00  time: 0.0087  data_time: 0.0008  memory: 662  
2025/10/25 20:52:49 - mmengine - INFO - Iter(val) [165/237]    eta: 0:00:00  time: 0.0087  data_time: 0.0008  memory: 662  
2025/10/25 20:52:49 - mmengine - INFO - Iter(val) [170/237]    eta: 0:00:00  time: 0.0087  data_time: 0.0008  memory: 662  
2025/10/25 20:52:49 - mmengine - INFO - Iter(val) [175/237]    eta: 0:00:00  time: 0.0087  data_time: 0.0008  memory: 662  
2025/10/25 20:52:49 - mmengine - INFO - Iter(val) [180/237]    eta: 0:00:00  time: 0.0087  data_time: 0.0008  memory: 662  
2025/10/25 20:52:49 - mmengine - INFO - Iter(val) [185/237]    eta: 0:00:00  time: 0.0087  data_time: 0.0008  memory: 662  
2025/10/25 20:52:49 - mmengine - INFO - Iter(val) [190/237]    eta: 0:00:00  time: 0.0086  data_time: 0.0008  memory: 662  
2025/10/25 20:52:49 - mmengine - INFO - Iter(val) [195/237]    eta: 0:00:00  time: 0.0087  data_time: 0.0008  memory: 662  
2025/10/25 20:52:49 - mmengine - INFO - Iter(val) [200/237]    eta: 0:00:00  time: 0.0087  data_time: 0.0008  memory: 662  
2025/10/25 20:52:49 - mmengine - INFO - Iter(val) [205/237]    eta: 0:00:00  time: 0.0087  data_time: 0.0008  memory: 662  
2025/10/25 20:52:49 - mmengine - INFO - Iter(val) [210/237]    eta: 0:00:00  time: 0.0088  data_time: 0.0008  memory: 662  
2025/10/25 20:52:49 - mmengine - INFO - Iter(val) [215/237]    eta: 0:00:00  time: 0.0087  data_time: 0.0008  memory: 662  
2025/10/25 20:52:49 - mmengine - INFO - Iter(val) [220/237]    eta: 0:00:00  time: 0.0086  data_time: 0.0008  memory: 662  
2025/10/25 20:52:49 - mmengine - INFO - Iter(val) [225/237]    eta: 0:00:00  time: 0.0087  data_time: 0.0008  memory: 662  
2025/10/25 20:52:49 - mmengine - INFO - Iter(val) [230/237]    eta: 0:00:00  time: 0.0088  data_time: 0.0009  memory: 662  
2025/10/25 20:52:49 - mmengine - INFO - Iter(val) [235/237]    eta: 0:00:00  time: 0.0088  data_time: 0.0008  memory: 662  
2025/10/25 20:52:49 - mmengine - INFO - per class results:
2025/10/25 20:52:49 - mmengine - INFO - 
+------------+-------+-------+
|   Class    |  IoU  |  Acc  |
+------------+-------+-------+
| background | 97.35 | 98.16 |
|   crack    | 58.03 | 81.64 |
+------------+-------+-------+
2025/10/25 20:52:49 - mmengine - INFO - Iter(val) [237/237]    aAcc: 97.4400  mIoU: 77.6900  mAcc: 89.9000  data_time: 0.0008  time: 0.0088
2025/10/25 20:52:51 - mmengine - INFO - Iter(train) [ 725/1000]  lr: 3.2005e-03  eta: 0:01:24  time: 0.2882  data_time: 0.0048  memory: 10177  loss: 0.3682  decode.loss_ce: 0.2431  decode.acc_seg: 95.4727  aux.loss_ce: 0.1250  aux.acc_seg: 95.8762
2025/10/25 20:52:52 - mmengine - INFO - Iter(train) [ 730/1000]  lr: 3.1497e-03  eta: 0:01:23  time: 0.2882  data_time: 0.0048  memory: 10177  loss: 0.3598  decode.loss_ce: 0.2350  decode.acc_seg: 95.2079  aux.loss_ce: 0.1248  aux.acc_seg: 94.4927
2025/10/25 20:52:52 - mmengine - INFO - Saving checkpoint at 730 iterations
2025/10/25 20:52:53 - mmengine - INFO - Iter(val) [  5/237]    eta: 0:00:02  time: 0.0092  data_time: 0.0013  memory: 662  
2025/10/25 20:52:53 - mmengine - INFO - Iter(val) [ 10/237]    eta: 0:00:02  time: 0.0095  data_time: 0.0013  memory: 662  
2025/10/25 20:52:53 - mmengine - INFO - Iter(val) [ 15/237]    eta: 0:00:02  time: 0.0090  data_time: 0.0008  memory: 662  
2025/10/25 20:52:53 - mmengine - INFO - Iter(val) [ 20/237]    eta: 0:00:01  time: 0.0087  data_time: 0.0008  memory: 662  
2025/10/25 20:52:53 - mmengine - INFO - Iter(val) [ 25/237]    eta: 0:00:01  time: 0.0086  data_time: 0.0007  memory: 662  
2025/10/25 20:52:53 - mmengine - INFO - Iter(val) [ 30/237]    eta: 0:00:01  time: 0.0085  data_time: 0.0007  memory: 662  
2025/10/25 20:52:53 - mmengine - INFO - Iter(val) [ 35/237]    eta: 0:00:01  time: 0.0085  data_time: 0.0007  memory: 662  
2025/10/25 20:52:53 - mmengine - INFO - Iter(val) [ 40/237]    eta: 0:00:01  time: 0.0085  data_time: 0.0007  memory: 662  
2025/10/25 20:52:53 - mmengine - INFO - Iter(val) [ 45/237]    eta: 0:00:01  time: 0.0085  data_time: 0.0007  memory: 662  
2025/10/25 20:52:53 - mmengine - INFO - Iter(val) [ 50/237]    eta: 0:00:01  time: 0.0086  data_time: 0.0007  memory: 662  
2025/10/25 20:52:53 - mmengine - INFO - Iter(val) [ 55/237]    eta: 0:00:01  time: 0.0085  data_time: 0.0007  memory: 662  
2025/10/25 20:52:53 - mmengine - INFO - Iter(val) [ 60/237]    eta: 0:00:01  time: 0.0085  data_time: 0.0007  memory: 662  
2025/10/25 20:52:53 - mmengine - INFO - Iter(val) [ 65/237]    eta: 0:00:01  time: 0.0085  data_time: 0.0007  memory: 662  
2025/10/25 20:52:53 - mmengine - INFO - Iter(val) [ 70/237]    eta: 0:00:01  time: 0.0086  data_time: 0.0007  memory: 662  
2025/10/25 20:52:53 - mmengine - INFO - Iter(val) [ 75/237]    eta: 0:00:01  time: 0.0085  data_time: 0.0007  memory: 662  
2025/10/25 20:52:53 - mmengine - INFO - Iter(val) [ 80/237]    eta: 0:00:01  time: 0.0085  data_time: 0.0007  memory: 662  
2025/10/25 20:52:53 - mmengine - INFO - Iter(val) [ 85/237]    eta: 0:00:01  time: 0.0085  data_time: 0.0007  memory: 662  
2025/10/25 20:52:54 - mmengine - INFO - Iter(val) [ 90/237]    eta: 0:00:01  time: 0.0085  data_time: 0.0007  memory: 662  
2025/10/25 20:52:54 - mmengine - INFO - Iter(val) [ 95/237]    eta: 0:00:01  time: 0.0085  data_time: 0.0007  memory: 662  
2025/10/25 20:52:54 - mmengine - INFO - Iter(val) [100/237]    eta: 0:00:01  time: 0.0086  data_time: 0.0007  memory: 662  
2025/10/25 20:52:54 - mmengine - INFO - Iter(val) [105/237]    eta: 0:00:01  time: 0.0087  data_time: 0.0008  memory: 662  
2025/10/25 20:52:54 - mmengine - INFO - Iter(val) [110/237]    eta: 0:00:01  time: 0.0087  data_time: 0.0007  memory: 662  
2025/10/25 20:52:54 - mmengine - INFO - Iter(val) [115/237]    eta: 0:00:01  time: 0.0086  data_time: 0.0007  memory: 662  
2025/10/25 20:52:54 - mmengine - INFO - Iter(val) [120/237]    eta: 0:00:01  time: 0.0087  data_time: 0.0008  memory: 662  
2025/10/25 20:52:54 - mmengine - INFO - Iter(val) [125/237]    eta: 0:00:00  time: 0.0088  data_time: 0.0008  memory: 662  
2025/10/25 20:52:54 - mmengine - INFO - Iter(val) [130/237]    eta: 0:00:00  time: 0.0087  data_time: 0.0008  memory: 662  
2025/10/25 20:52:54 - mmengine - INFO - Iter(val) [135/237]    eta: 0:00:00  time: 0.0087  data_time: 0.0007  memory: 662  
2025/10/25 20:52:54 - mmengine - INFO - Iter(val) [140/237]    eta: 0:00:00  time: 0.0086  data_time: 0.0007  memory: 662  
2025/10/25 20:52:54 - mmengine - INFO - Iter(val) [145/237]    eta: 0:00:00  time: 0.0086  data_time: 0.0007  memory: 662  
2025/10/25 20:52:54 - mmengine - INFO - Iter(val) [150/237]    eta: 0:00:00  time: 0.0086  data_time: 0.0007  memory: 662  
2025/10/25 20:52:54 - mmengine - INFO - Iter(val) [155/237]    eta: 0:00:00  time: 0.0085  data_time: 0.0007  memory: 662  
2025/10/25 20:52:54 - mmengine - INFO - Iter(val) [160/237]    eta: 0:00:00  time: 0.0085  data_time: 0.0007  memory: 662  
2025/10/25 20:52:54 - mmengine - INFO - Iter(val) [165/237]    eta: 0:00:00  time: 0.0088  data_time: 0.0008  memory: 662  
2025/10/25 20:52:54 - mmengine - INFO - Iter(val) [170/237]    eta: 0:00:00  time: 0.0088  data_time: 0.0008  memory: 662  
2025/10/25 20:52:54 - mmengine - INFO - Iter(val) [175/237]    eta: 0:00:00  time: 0.0086  data_time: 0.0007  memory: 662  
2025/10/25 20:52:54 - mmengine - INFO - Iter(val) [180/237]    eta: 0:00:00  time: 0.0087  data_time: 0.0007  memory: 662  
2025/10/25 20:52:54 - mmengine - INFO - Iter(val) [185/237]    eta: 0:00:00  time: 0.0088  data_time: 0.0008  memory: 662  
2025/10/25 20:52:54 - mmengine - INFO - Iter(val) [190/237]    eta: 0:00:00  time: 0.0089  data_time: 0.0008  memory: 662  
2025/10/25 20:52:54 - mmengine - INFO - Iter(val) [195/237]    eta: 0:00:00  time: 0.0090  data_time: 0.0009  memory: 662  
2025/10/25 20:52:54 - mmengine - INFO - Iter(val) [200/237]    eta: 0:00:00  time: 0.0089  data_time: 0.0009  memory: 662  
2025/10/25 20:52:55 - mmengine - INFO - Iter(val) [205/237]    eta: 0:00:00  time: 0.0091  data_time: 0.0009  memory: 662  
2025/10/25 20:52:55 - mmengine - INFO - Iter(val) [210/237]    eta: 0:00:00  time: 0.0091  data_time: 0.0008  memory: 662  
2025/10/25 20:52:55 - mmengine - INFO - Iter(val) [215/237]    eta: 0:00:00  time: 0.0089  data_time: 0.0008  memory: 662  
2025/10/25 20:52:55 - mmengine - INFO - Iter(val) [220/237]    eta: 0:00:00  time: 0.0087  data_time: 0.0008  memory: 662  
2025/10/25 20:52:55 - mmengine - INFO - Iter(val) [225/237]    eta: 0:00:00  time: 0.0086  data_time: 0.0008  memory: 662  
2025/10/25 20:52:55 - mmengine - INFO - Iter(val) [230/237]    eta: 0:00:00  time: 0.0086  data_time: 0.0008  memory: 662  
2025/10/25 20:52:55 - mmengine - INFO - Iter(val) [235/237]    eta: 0:00:00  time: 0.0085  data_time: 0.0007  memory: 662  
2025/10/25 20:52:55 - mmengine - INFO - per class results:
2025/10/25 20:52:55 - mmengine - INFO - 
+------------+-------+-------+
|   Class    |  IoU  |  Acc  |
+------------+-------+-------+
| background | 97.27 | 97.99 |
|   crack    | 57.87 |  83.6 |
+------------+-------+-------+
2025/10/25 20:52:55 - mmengine - INFO - Iter(val) [237/237]    aAcc: 97.3700  mIoU: 77.5700  mAcc: 90.7900  data_time: 0.0008  time: 0.0087
2025/10/25 20:52:56 - mmengine - INFO - Iter(train) [ 735/1000]  lr: 3.0988e-03  eta: 0:01:21  time: 0.2883  data_time: 0.0048  memory: 10177  loss: 0.3596  decode.loss_ce: 0.2376  decode.acc_seg: 92.5040  aux.loss_ce: 0.1220  aux.acc_seg: 93.2793
2025/10/25 20:52:58 - mmengine - INFO - Iter(train) [ 740/1000]  lr: 3.0478e-03  eta: 0:01:20  time: 0.2880  data_time: 0.0047  memory: 10177  loss: 0.3415  decode.loss_ce: 0.2281  decode.acc_seg: 96.3125  aux.loss_ce: 0.1134  aux.acc_seg: 95.6596
2025/10/25 20:52:58 - mmengine - INFO - Saving checkpoint at 740 iterations
2025/10/25 20:52:58 - mmengine - INFO - Iter(val) [  5/237]    eta: 0:00:02  time: 0.0091  data_time: 0.0012  memory: 662  
2025/10/25 20:52:58 - mmengine - INFO - Iter(val) [ 10/237]    eta: 0:00:02  time: 0.0093  data_time: 0.0012  memory: 662  
2025/10/25 20:52:58 - mmengine - INFO - Iter(val) [ 15/237]    eta: 0:00:02  time: 0.0088  data_time: 0.0007  memory: 662  
2025/10/25 20:52:58 - mmengine - INFO - Iter(val) [ 20/237]    eta: 0:00:01  time: 0.0087  data_time: 0.0008  memory: 662  
2025/10/25 20:52:58 - mmengine - INFO - Iter(val) [ 25/237]    eta: 0:00:01  time: 0.0088  data_time: 0.0008  memory: 662  
2025/10/25 20:52:58 - mmengine - INFO - Iter(val) [ 30/237]    eta: 0:00:01  time: 0.0089  data_time: 0.0009  memory: 662  
2025/10/25 20:52:59 - mmengine - INFO - Iter(val) [ 35/237]    eta: 0:00:01  time: 0.0089  data_time: 0.0009  memory: 662  
2025/10/25 20:52:59 - mmengine - INFO - Iter(val) [ 40/237]    eta: 0:00:01  time: 0.0089  data_time: 0.0009  memory: 662  
2025/10/25 20:52:59 - mmengine - INFO - Iter(val) [ 45/237]    eta: 0:00:01  time: 0.0088  data_time: 0.0008  memory: 662  
2025/10/25 20:52:59 - mmengine - INFO - Iter(val) [ 50/237]    eta: 0:00:01  time: 0.0087  data_time: 0.0008  memory: 662  
2025/10/25 20:52:59 - mmengine - INFO - Iter(val) [ 55/237]    eta: 0:00:01  time: 0.0089  data_time: 0.0008  memory: 662  
2025/10/25 20:52:59 - mmengine - INFO - Iter(val) [ 60/237]    eta: 0:00:01  time: 0.0089  data_time: 0.0009  memory: 662  
2025/10/25 20:52:59 - mmengine - INFO - Iter(val) [ 65/237]    eta: 0:00:01  time: 0.0088  data_time: 0.0009  memory: 662  
2025/10/25 20:52:59 - mmengine - INFO - Iter(val) [ 70/237]    eta: 0:00:01  time: 0.0087  data_time: 0.0008  memory: 662  
2025/10/25 20:52:59 - mmengine - INFO - Iter(val) [ 75/237]    eta: 0:00:01  time: 0.0088  data_time: 0.0008  memory: 662  
2025/10/25 20:52:59 - mmengine - INFO - Iter(val) [ 80/237]    eta: 0:00:01  time: 0.0088  data_time: 0.0009  memory: 662  
2025/10/25 20:52:59 - mmengine - INFO - Iter(val) [ 85/237]    eta: 0:00:01  time: 0.0089  data_time: 0.0009  memory: 662  
2025/10/25 20:52:59 - mmengine - INFO - Iter(val) [ 90/237]    eta: 0:00:01  time: 0.0090  data_time: 0.0009  memory: 662  
2025/10/25 20:52:59 - mmengine - INFO - Iter(val) [ 95/237]    eta: 0:00:01  time: 0.0091  data_time: 0.0010  memory: 662  
2025/10/25 20:52:59 - mmengine - INFO - Iter(val) [100/237]    eta: 0:00:01  time: 0.0091  data_time: 0.0010  memory: 662  
2025/10/25 20:52:59 - mmengine - INFO - Iter(val) [105/237]    eta: 0:00:01  time: 0.0089  data_time: 0.0009  memory: 662  
2025/10/25 20:52:59 - mmengine - INFO - Iter(val) [110/237]    eta: 0:00:01  time: 0.0087  data_time: 0.0008  memory: 662  
2025/10/25 20:52:59 - mmengine - INFO - Iter(val) [115/237]    eta: 0:00:01  time: 0.0087  data_time: 0.0008  memory: 662  
2025/10/25 20:52:59 - mmengine - INFO - Iter(val) [120/237]    eta: 0:00:01  time: 0.0093  data_time: 0.0009  memory: 662  
2025/10/25 20:52:59 - mmengine - INFO - Iter(val) [125/237]    eta: 0:00:00  time: 0.0092  data_time: 0.0009  memory: 662  
2025/10/25 20:52:59 - mmengine - INFO - Iter(val) [130/237]    eta: 0:00:00  time: 0.0087  data_time: 0.0008  memory: 662  
2025/10/25 20:52:59 - mmengine - INFO - Iter(val) [135/237]    eta: 0:00:00  time: 0.0087  data_time: 0.0008  memory: 662  
2025/10/25 20:52:59 - mmengine - INFO - Iter(val) [140/237]    eta: 0:00:00  time: 0.0087  data_time: 0.0008  memory: 662  
2025/10/25 20:52:59 - mmengine - INFO - Iter(val) [145/237]    eta: 0:00:00  time: 0.0087  data_time: 0.0008  memory: 662  
2025/10/25 20:53:00 - mmengine - INFO - Iter(val) [150/237]    eta: 0:00:00  time: 0.0089  data_time: 0.0008  memory: 662  
2025/10/25 20:53:00 - mmengine - INFO - Iter(val) [155/237]    eta: 0:00:00  time: 0.0089  data_time: 0.0009  memory: 662  
2025/10/25 20:53:00 - mmengine - INFO - Iter(val) [160/237]    eta: 0:00:00  time: 0.0087  data_time: 0.0008  memory: 662  
2025/10/25 20:53:00 - mmengine - INFO - Iter(val) [165/237]    eta: 0:00:00  time: 0.0087  data_time: 0.0007  memory: 662  
2025/10/25 20:53:00 - mmengine - INFO - Iter(val) [170/237]    eta: 0:00:00  time: 0.0087  data_time: 0.0008  memory: 662  
2025/10/25 20:53:00 - mmengine - INFO - Iter(val) [175/237]    eta: 0:00:00  time: 0.0087  data_time: 0.0008  memory: 662  
2025/10/25 20:53:00 - mmengine - INFO - Iter(val) [180/237]    eta: 0:00:00  time: 0.0087  data_time: 0.0008  memory: 662  
2025/10/25 20:53:00 - mmengine - INFO - Iter(val) [185/237]    eta: 0:00:00  time: 0.0088  data_time: 0.0009  memory: 662  
2025/10/25 20:53:00 - mmengine - INFO - Iter(val) [190/237]    eta: 0:00:00  time: 0.0088  data_time: 0.0009  memory: 662  
2025/10/25 20:53:00 - mmengine - INFO - Iter(val) [195/237]    eta: 0:00:00  time: 0.0087  data_time: 0.0008  memory: 662  
2025/10/25 20:53:00 - mmengine - INFO - Iter(val) [200/237]    eta: 0:00:00  time: 0.0087  data_time: 0.0008  memory: 662  
2025/10/25 20:53:00 - mmengine - INFO - Iter(val) [205/237]    eta: 0:00:00  time: 0.0087  data_time: 0.0008  memory: 662  
2025/10/25 20:53:00 - mmengine - INFO - Iter(val) [210/237]    eta: 0:00:00  time: 0.0087  data_time: 0.0008  memory: 662  
2025/10/25 20:53:00 - mmengine - INFO - Iter(val) [215/237]    eta: 0:00:00  time: 0.0087  data_time: 0.0009  memory: 662  
2025/10/25 20:53:00 - mmengine - INFO - Iter(val) [220/237]    eta: 0:00:00  time: 0.0087  data_time: 0.0008  memory: 662  
2025/10/25 20:53:00 - mmengine - INFO - Iter(val) [225/237]    eta: 0:00:00  time: 0.0087  data_time: 0.0008  memory: 662  
2025/10/25 20:53:00 - mmengine - INFO - Iter(val) [230/237]    eta: 0:00:00  time: 0.0087  data_time: 0.0008  memory: 662  
2025/10/25 20:53:00 - mmengine - INFO - Iter(val) [235/237]    eta: 0:00:00  time: 0.0087  data_time: 0.0008  memory: 662  
2025/10/25 20:53:00 - mmengine - INFO - per class results:
2025/10/25 20:53:00 - mmengine - INFO - 
+------------+-------+-------+
|   Class    |  IoU  |  Acc  |
+------------+-------+-------+
| background | 96.57 | 97.05 |
|   crack    | 53.84 | 88.98 |
+------------+-------+-------+
2025/10/25 20:53:00 - mmengine - INFO - Iter(val) [237/237]    aAcc: 96.7000  mIoU: 75.2100  mAcc: 93.0200  data_time: 0.0008  time: 0.0088
2025/10/25 20:53:02 - mmengine - INFO - Iter(train) [ 745/1000]  lr: 2.9968e-03  eta: 0:01:18  time: 0.2878  data_time: 0.0045  memory: 10177  loss: 0.3082  decode.loss_ce: 0.2030  decode.acc_seg: 96.9034  aux.loss_ce: 0.1052  aux.acc_seg: 95.8141
2025/10/25 20:53:03 - mmengine - INFO - Iter(train) [ 750/1000]  lr: 2.9456e-03  eta: 0:01:16  time: 0.2880  data_time: 0.0047  memory: 10177  loss: 0.3482  decode.loss_ce: 0.2272  decode.acc_seg: 91.6573  aux.loss_ce: 0.1210  aux.acc_seg: 92.8659
2025/10/25 20:53:03 - mmengine - INFO - Saving checkpoint at 750 iterations
2025/10/25 20:53:04 - mmengine - INFO - Iter(val) [  5/237]    eta: 0:00:02  time: 0.0098  data_time: 0.0014  memory: 662  
2025/10/25 20:53:04 - mmengine - INFO - Iter(val) [ 10/237]    eta: 0:00:02  time: 0.0100  data_time: 0.0014  memory: 662  
2025/10/25 20:53:04 - mmengine - INFO - Iter(val) [ 15/237]    eta: 0:00:02  time: 0.0091  data_time: 0.0008  memory: 662  
2025/10/25 20:53:04 - mmengine - INFO - Iter(val) [ 20/237]    eta: 0:00:02  time: 0.0090  data_time: 0.0008  memory: 662  
2025/10/25 20:53:04 - mmengine - INFO - Iter(val) [ 25/237]    eta: 0:00:01  time: 0.0088  data_time: 0.0009  memory: 662  
2025/10/25 20:53:04 - mmengine - INFO - Iter(val) [ 30/237]    eta: 0:00:01  time: 0.0087  data_time: 0.0008  memory: 662  
2025/10/25 20:53:04 - mmengine - INFO - Iter(val) [ 35/237]    eta: 0:00:01  time: 0.0087  data_time: 0.0008  memory: 662  
2025/10/25 20:53:04 - mmengine - INFO - Iter(val) [ 40/237]    eta: 0:00:01  time: 0.0087  data_time: 0.0008  memory: 662  
2025/10/25 20:53:04 - mmengine - INFO - Iter(val) [ 45/237]    eta: 0:00:01  time: 0.0087  data_time: 0.0008  memory: 662  
2025/10/25 20:53:04 - mmengine - INFO - Iter(val) [ 50/237]    eta: 0:00:01  time: 0.0087  data_time: 0.0008  memory: 662  
2025/10/25 20:53:04 - mmengine - INFO - Iter(val) [ 55/237]    eta: 0:00:01  time: 0.0088  data_time: 0.0008  memory: 662  
2025/10/25 20:53:04 - mmengine - INFO - Iter(val) [ 60/237]    eta: 0:00:01  time: 0.0088  data_time: 0.0008  memory: 662  
2025/10/25 20:53:04 - mmengine - INFO - Iter(val) [ 65/237]    eta: 0:00:01  time: 0.0087  data_time: 0.0008  memory: 662  
2025/10/25 20:53:04 - mmengine - INFO - Iter(val) [ 70/237]    eta: 0:00:01  time: 0.0087  data_time: 0.0008  memory: 662  
2025/10/25 20:53:04 - mmengine - INFO - Iter(val) [ 75/237]    eta: 0:00:01  time: 0.0088  data_time: 0.0008  memory: 662  
2025/10/25 20:53:04 - mmengine - INFO - Iter(val) [ 80/237]    eta: 0:00:01  time: 0.0089  data_time: 0.0009  memory: 662  
2025/10/25 20:53:04 - mmengine - INFO - Iter(val) [ 85/237]    eta: 0:00:01  time: 0.0089  data_time: 0.0009  memory: 662  
2025/10/25 20:53:05 - mmengine - INFO - Iter(val) [ 90/237]    eta: 0:00:01  time: 0.0088  data_time: 0.0008  memory: 662  
2025/10/25 20:53:05 - mmengine - INFO - Iter(val) [ 95/237]    eta: 0:00:01  time: 0.0088  data_time: 0.0008  memory: 662  
2025/10/25 20:53:05 - mmengine - INFO - Iter(val) [100/237]    eta: 0:00:01  time: 0.0087  data_time: 0.0008  memory: 662  
2025/10/25 20:53:05 - mmengine - INFO - Iter(val) [105/237]    eta: 0:00:01  time: 0.0086  data_time: 0.0007  memory: 662  
2025/10/25 20:53:05 - mmengine - INFO - Iter(val) [110/237]    eta: 0:00:01  time: 0.0086  data_time: 0.0007  memory: 662  
2025/10/25 20:53:05 - mmengine - INFO - Iter(val) [115/237]    eta: 0:00:01  time: 0.0086  data_time: 0.0007  memory: 662  
2025/10/25 20:53:05 - mmengine - INFO - Iter(val) [120/237]    eta: 0:00:01  time: 0.0086  data_time: 0.0007  memory: 662  
2025/10/25 20:53:05 - mmengine - INFO - Iter(val) [125/237]    eta: 0:00:00  time: 0.0086  data_time: 0.0007  memory: 662  
2025/10/25 20:53:05 - mmengine - INFO - Iter(val) [130/237]    eta: 0:00:00  time: 0.0086  data_time: 0.0008  memory: 662  
2025/10/25 20:53:05 - mmengine - INFO - Iter(val) [135/237]    eta: 0:00:00  time: 0.0086  data_time: 0.0007  memory: 662  
2025/10/25 20:53:05 - mmengine - INFO - Iter(val) [140/237]    eta: 0:00:00  time: 0.0087  data_time: 0.0007  memory: 662  
2025/10/25 20:53:05 - mmengine - INFO - Iter(val) [145/237]    eta: 0:00:00  time: 0.0087  data_time: 0.0007  memory: 662  
2025/10/25 20:53:05 - mmengine - INFO - Iter(val) [150/237]    eta: 0:00:00  time: 0.0087  data_time: 0.0008  memory: 662  
2025/10/25 20:53:05 - mmengine - INFO - Iter(val) [155/237]    eta: 0:00:00  time: 0.0087  data_time: 0.0008  memory: 662  
2025/10/25 20:53:05 - mmengine - INFO - Iter(val) [160/237]    eta: 0:00:00  time: 0.0087  data_time: 0.0008  memory: 662  
2025/10/25 20:53:05 - mmengine - INFO - Iter(val) [165/237]    eta: 0:00:00  time: 0.0087  data_time: 0.0008  memory: 662  
2025/10/25 20:53:05 - mmengine - INFO - Iter(val) [170/237]    eta: 0:00:00  time: 0.0087  data_time: 0.0008  memory: 662  
2025/10/25 20:53:05 - mmengine - INFO - Iter(val) [175/237]    eta: 0:00:00  time: 0.0086  data_time: 0.0008  memory: 662  
2025/10/25 20:53:05 - mmengine - INFO - Iter(val) [180/237]    eta: 0:00:00  time: 0.0086  data_time: 0.0008  memory: 662  
2025/10/25 20:53:05 - mmengine - INFO - Iter(val) [185/237]    eta: 0:00:00  time: 0.0087  data_time: 0.0008  memory: 662  
2025/10/25 20:53:05 - mmengine - INFO - Iter(val) [190/237]    eta: 0:00:00  time: 0.0087  data_time: 0.0008  memory: 662  
2025/10/25 20:53:05 - mmengine - INFO - Iter(val) [195/237]    eta: 0:00:00  time: 0.0086  data_time: 0.0008  memory: 662  
2025/10/25 20:53:05 - mmengine - INFO - Iter(val) [200/237]    eta: 0:00:00  time: 0.0086  data_time: 0.0008  memory: 662  
2025/10/25 20:53:06 - mmengine - INFO - Iter(val) [205/237]    eta: 0:00:00  time: 0.0087  data_time: 0.0008  memory: 662  
2025/10/25 20:53:06 - mmengine - INFO - Iter(val) [210/237]    eta: 0:00:00  time: 0.0087  data_time: 0.0008  memory: 662  
2025/10/25 20:53:06 - mmengine - INFO - Iter(val) [215/237]    eta: 0:00:00  time: 0.0087  data_time: 0.0008  memory: 662  
2025/10/25 20:53:06 - mmengine - INFO - Iter(val) [220/237]    eta: 0:00:00  time: 0.0087  data_time: 0.0008  memory: 662  
2025/10/25 20:53:06 - mmengine - INFO - Iter(val) [225/237]    eta: 0:00:00  time: 0.0087  data_time: 0.0008  memory: 662  
2025/10/25 20:53:06 - mmengine - INFO - Iter(val) [230/237]    eta: 0:00:00  time: 0.0088  data_time: 0.0009  memory: 662  
2025/10/25 20:53:06 - mmengine - INFO - Iter(val) [235/237]    eta: 0:00:00  time: 0.0092  data_time: 0.0009  memory: 662  
2025/10/25 20:53:06 - mmengine - INFO - per class results:
2025/10/25 20:53:06 - mmengine - INFO - 
+------------+-------+------+
|   Class    |  IoU  | Acc  |
+------------+-------+------+
| background | 97.15 | 97.8 |
|   crack    | 57.41 | 85.4 |
+------------+-------+------+
2025/10/25 20:53:06 - mmengine - INFO - Iter(val) [237/237]    aAcc: 97.2600  mIoU: 77.2800  mAcc: 91.6000  data_time: 0.0008  time: 0.0088
2025/10/25 20:53:07 - mmengine - INFO - Iter(train) [ 755/1000]  lr: 2.8943e-03  eta: 0:01:15  time: 0.2881  data_time: 0.0048  memory: 10177  loss: 0.3905  decode.loss_ce: 0.2547  decode.acc_seg: 92.7937  aux.loss_ce: 0.1357  aux.acc_seg: 93.2739
2025/10/25 20:53:09 - mmengine - INFO - Iter(train) [ 760/1000]  lr: 2.8429e-03  eta: 0:01:13  time: 0.2881  data_time: 0.0046  memory: 10177  loss: 0.3609  decode.loss_ce: 0.2322  decode.acc_seg: 91.1851  aux.loss_ce: 0.1287  aux.acc_seg: 91.3866
2025/10/25 20:53:09 - mmengine - INFO - Saving checkpoint at 760 iterations
2025/10/25 20:53:09 - mmengine - INFO - Iter(val) [  5/237]    eta: 0:00:02  time: 0.0101  data_time: 0.0015  memory: 662  
2025/10/25 20:53:09 - mmengine - INFO - Iter(val) [ 10/237]    eta: 0:00:02  time: 0.0093  data_time: 0.0013  memory: 662  
2025/10/25 20:53:09 - mmengine - INFO - Iter(val) [ 15/237]    eta: 0:00:02  time: 0.0085  data_time: 0.0007  memory: 662  
2025/10/25 20:53:09 - mmengine - INFO - Iter(val) [ 20/237]    eta: 0:00:01  time: 0.0087  data_time: 0.0008  memory: 662  
2025/10/25 20:53:10 - mmengine - INFO - Iter(val) [ 25/237]    eta: 0:00:01  time: 0.0088  data_time: 0.0008  memory: 662  
2025/10/25 20:53:10 - mmengine - INFO - Iter(val) [ 30/237]    eta: 0:00:01  time: 0.0089  data_time: 0.0009  memory: 662  
2025/10/25 20:53:10 - mmengine - INFO - Iter(val) [ 35/237]    eta: 0:00:01  time: 0.0089  data_time: 0.0009  memory: 662  
2025/10/25 20:53:10 - mmengine - INFO - Iter(val) [ 40/237]    eta: 0:00:01  time: 0.0088  data_time: 0.0008  memory: 662  
2025/10/25 20:53:10 - mmengine - INFO - Iter(val) [ 45/237]    eta: 0:00:01  time: 0.0087  data_time: 0.0008  memory: 662  
2025/10/25 20:53:10 - mmengine - INFO - Iter(val) [ 50/237]    eta: 0:00:01  time: 0.0088  data_time: 0.0009  memory: 662  
2025/10/25 20:53:10 - mmengine - INFO - Iter(val) [ 55/237]    eta: 0:00:01  time: 0.0088  data_time: 0.0009  memory: 662  
2025/10/25 20:53:10 - mmengine - INFO - Iter(val) [ 60/237]    eta: 0:00:01  time: 0.0087  data_time: 0.0008  memory: 662  
2025/10/25 20:53:10 - mmengine - INFO - Iter(val) [ 65/237]    eta: 0:00:01  time: 0.0088  data_time: 0.0008  memory: 662  
2025/10/25 20:53:10 - mmengine - INFO - Iter(val) [ 70/237]    eta: 0:00:01  time: 0.0087  data_time: 0.0008  memory: 662  
2025/10/25 20:53:10 - mmengine - INFO - Iter(val) [ 75/237]    eta: 0:00:01  time: 0.0090  data_time: 0.0008  memory: 662  
2025/10/25 20:53:10 - mmengine - INFO - Iter(val) [ 80/237]    eta: 0:00:01  time: 0.0090  data_time: 0.0009  memory: 662  
2025/10/25 20:53:10 - mmengine - INFO - Iter(val) [ 85/237]    eta: 0:00:01  time: 0.0087  data_time: 0.0008  memory: 662  
2025/10/25 20:53:10 - mmengine - INFO - Iter(val) [ 90/237]    eta: 0:00:01  time: 0.0088  data_time: 0.0008  memory: 662  
2025/10/25 20:53:10 - mmengine - INFO - Iter(val) [ 95/237]    eta: 0:00:01  time: 0.0088  data_time: 0.0008  memory: 662  
2025/10/25 20:53:10 - mmengine - INFO - Iter(val) [100/237]    eta: 0:00:01  time: 0.0088  data_time: 0.0008  memory: 662  
2025/10/25 20:53:10 - mmengine - INFO - Iter(val) [105/237]    eta: 0:00:01  time: 0.0090  data_time: 0.0008  memory: 662  
2025/10/25 20:53:10 - mmengine - INFO - Iter(val) [110/237]    eta: 0:00:01  time: 0.0093  data_time: 0.0008  memory: 662  
2025/10/25 20:53:10 - mmengine - INFO - Iter(val) [115/237]    eta: 0:00:01  time: 0.0095  data_time: 0.0010  memory: 662  
2025/10/25 20:53:10 - mmengine - INFO - Iter(val) [120/237]    eta: 0:00:01  time: 0.0091  data_time: 0.0009  memory: 662  
2025/10/25 20:53:10 - mmengine - INFO - Iter(val) [125/237]    eta: 0:00:00  time: 0.0088  data_time: 0.0008  memory: 662  
2025/10/25 20:53:10 - mmengine - INFO - Iter(val) [130/237]    eta: 0:00:00  time: 0.0089  data_time: 0.0009  memory: 662  
2025/10/25 20:53:10 - mmengine - INFO - Iter(val) [135/237]    eta: 0:00:00  time: 0.0091  data_time: 0.0009  memory: 662  
2025/10/25 20:53:11 - mmengine - INFO - Iter(val) [140/237]    eta: 0:00:00  time: 0.0092  data_time: 0.0009  memory: 662  
2025/10/25 20:53:11 - mmengine - INFO - Iter(val) [145/237]    eta: 0:00:00  time: 0.0090  data_time: 0.0009  memory: 662  
2025/10/25 20:53:11 - mmengine - INFO - Iter(val) [150/237]    eta: 0:00:00  time: 0.0092  data_time: 0.0009  memory: 662  
2025/10/25 20:53:11 - mmengine - INFO - Iter(val) [155/237]    eta: 0:00:00  time: 0.0091  data_time: 0.0009  memory: 662  
2025/10/25 20:53:11 - mmengine - INFO - Iter(val) [160/237]    eta: 0:00:00  time: 0.0087  data_time: 0.0008  memory: 662  
2025/10/25 20:53:11 - mmengine - INFO - Iter(val) [165/237]    eta: 0:00:00  time: 0.0087  data_time: 0.0008  memory: 662  
2025/10/25 20:53:11 - mmengine - INFO - Iter(val) [170/237]    eta: 0:00:00  time: 0.0087  data_time: 0.0008  memory: 662  
2025/10/25 20:53:11 - mmengine - INFO - Iter(val) [175/237]    eta: 0:00:00  time: 0.0087  data_time: 0.0008  memory: 662  
2025/10/25 20:53:11 - mmengine - INFO - Iter(val) [180/237]    eta: 0:00:00  time: 0.0087  data_time: 0.0008  memory: 662  
2025/10/25 20:53:11 - mmengine - INFO - Iter(val) [185/237]    eta: 0:00:00  time: 0.0087  data_time: 0.0008  memory: 662  
2025/10/25 20:53:11 - mmengine - INFO - Iter(val) [190/237]    eta: 0:00:00  time: 0.0088  data_time: 0.0008  memory: 662  
2025/10/25 20:53:11 - mmengine - INFO - Iter(val) [195/237]    eta: 0:00:00  time: 0.0088  data_time: 0.0008  memory: 662  
2025/10/25 20:53:11 - mmengine - INFO - Iter(val) [200/237]    eta: 0:00:00  time: 0.0089  data_time: 0.0009  memory: 662  
2025/10/25 20:53:11 - mmengine - INFO - Iter(val) [205/237]    eta: 0:00:00  time: 0.0088  data_time: 0.0009  memory: 662  
2025/10/25 20:53:11 - mmengine - INFO - Iter(val) [210/237]    eta: 0:00:00  time: 0.0087  data_time: 0.0008  memory: 662  
2025/10/25 20:53:11 - mmengine - INFO - Iter(val) [215/237]    eta: 0:00:00  time: 0.0089  data_time: 0.0009  memory: 662  
2025/10/25 20:53:11 - mmengine - INFO - Iter(val) [220/237]    eta: 0:00:00  time: 0.0089  data_time: 0.0009  memory: 662  
2025/10/25 20:53:11 - mmengine - INFO - Iter(val) [225/237]    eta: 0:00:00  time: 0.0087  data_time: 0.0008  memory: 662  
2025/10/25 20:53:11 - mmengine - INFO - Iter(val) [230/237]    eta: 0:00:00  time: 0.0087  data_time: 0.0008  memory: 662  
2025/10/25 20:53:11 - mmengine - INFO - Iter(val) [235/237]    eta: 0:00:00  time: 0.0087  data_time: 0.0008  memory: 662  
2025/10/25 20:53:11 - mmengine - INFO - per class results:
2025/10/25 20:53:11 - mmengine - INFO - 
+------------+-------+-------+
|   Class    |  IoU  |  Acc  |
+------------+-------+-------+
| background |  97.3 | 98.09 |
|   crack    | 57.61 | 81.88 |
+------------+-------+-------+
2025/10/25 20:53:11 - mmengine - INFO - Iter(val) [237/237]    aAcc: 97.3900  mIoU: 77.4500  mAcc: 89.9900  data_time: 0.0009  time: 0.0089
2025/10/25 20:53:13 - mmengine - INFO - Iter(train) [ 765/1000]  lr: 2.7915e-03  eta: 0:01:12  time: 0.2882  data_time: 0.0048  memory: 10177  loss: 0.3337  decode.loss_ce: 0.2162  decode.acc_seg: 96.6216  aux.loss_ce: 0.1174  aux.acc_seg: 96.7876
2025/10/25 20:53:14 - mmengine - INFO - Iter(train) [ 770/1000]  lr: 2.7399e-03  eta: 0:01:10  time: 0.2882  data_time: 0.0048  memory: 10177  loss: 0.3792  decode.loss_ce: 0.2506  decode.acc_seg: 94.6973  aux.loss_ce: 0.1286  aux.acc_seg: 94.9474
2025/10/25 20:53:14 - mmengine - INFO - Saving checkpoint at 770 iterations
2025/10/25 20:53:15 - mmengine - INFO - Iter(val) [  5/237]    eta: 0:00:02  time: 0.0093  data_time: 0.0013  memory: 662  
2025/10/25 20:53:15 - mmengine - INFO - Iter(val) [ 10/237]    eta: 0:00:02  time: 0.0092  data_time: 0.0013  memory: 662  
2025/10/25 20:53:15 - mmengine - INFO - Iter(val) [ 15/237]    eta: 0:00:02  time: 0.0086  data_time: 0.0007  memory: 662  
2025/10/25 20:53:15 - mmengine - INFO - Iter(val) [ 20/237]    eta: 0:00:01  time: 0.0087  data_time: 0.0008  memory: 662  
2025/10/25 20:53:15 - mmengine - INFO - Iter(val) [ 25/237]    eta: 0:00:01  time: 0.0087  data_time: 0.0008  memory: 662  
2025/10/25 20:53:15 - mmengine - INFO - Iter(val) [ 30/237]    eta: 0:00:01  time: 0.0087  data_time: 0.0008  memory: 662  
2025/10/25 20:53:15 - mmengine - INFO - Iter(val) [ 35/237]    eta: 0:00:01  time: 0.0087  data_time: 0.0008  memory: 662  
2025/10/25 20:53:15 - mmengine - INFO - Iter(val) [ 40/237]    eta: 0:00:01  time: 0.0087  data_time: 0.0008  memory: 662  
2025/10/25 20:53:15 - mmengine - INFO - Iter(val) [ 45/237]    eta: 0:00:01  time: 0.0087  data_time: 0.0008  memory: 662  
2025/10/25 20:53:15 - mmengine - INFO - Iter(val) [ 50/237]    eta: 0:00:01  time: 0.0087  data_time: 0.0008  memory: 662  
2025/10/25 20:53:15 - mmengine - INFO - Iter(val) [ 55/237]    eta: 0:00:01  time: 0.0087  data_time: 0.0008  memory: 662  
2025/10/25 20:53:15 - mmengine - INFO - Iter(val) [ 60/237]    eta: 0:00:01  time: 0.0087  data_time: 0.0008  memory: 662  
2025/10/25 20:53:15 - mmengine - INFO - Iter(val) [ 65/237]    eta: 0:00:01  time: 0.0087  data_time: 0.0008  memory: 662  
2025/10/25 20:53:15 - mmengine - INFO - Iter(val) [ 70/237]    eta: 0:00:01  time: 0.0087  data_time: 0.0008  memory: 662  
2025/10/25 20:53:15 - mmengine - INFO - Iter(val) [ 75/237]    eta: 0:00:01  time: 0.0087  data_time: 0.0008  memory: 662  
2025/10/25 20:53:16 - mmengine - INFO - Iter(val) [ 80/237]    eta: 0:00:01  time: 0.0087  data_time: 0.0008  memory: 662  
2025/10/25 20:53:16 - mmengine - INFO - Iter(val) [ 85/237]    eta: 0:00:01  time: 0.0087  data_time: 0.0008  memory: 662  
2025/10/25 20:53:16 - mmengine - INFO - Iter(val) [ 90/237]    eta: 0:00:01  time: 0.0087  data_time: 0.0008  memory: 662  
2025/10/25 20:53:16 - mmengine - INFO - Iter(val) [ 95/237]    eta: 0:00:01  time: 0.0087  data_time: 0.0008  memory: 662  
2025/10/25 20:53:16 - mmengine - INFO - Iter(val) [100/237]    eta: 0:00:01  time: 0.0087  data_time: 0.0008  memory: 662  
2025/10/25 20:53:16 - mmengine - INFO - Iter(val) [105/237]    eta: 0:00:01  time: 0.0087  data_time: 0.0008  memory: 662  
2025/10/25 20:53:16 - mmengine - INFO - Iter(val) [110/237]    eta: 0:00:01  time: 0.0087  data_time: 0.0008  memory: 662  
2025/10/25 20:53:16 - mmengine - INFO - Iter(val) [115/237]    eta: 0:00:01  time: 0.0087  data_time: 0.0008  memory: 662  
2025/10/25 20:53:16 - mmengine - INFO - Iter(val) [120/237]    eta: 0:00:01  time: 0.0087  data_time: 0.0008  memory: 662  
2025/10/25 20:53:16 - mmengine - INFO - Iter(val) [125/237]    eta: 0:00:00  time: 0.0087  data_time: 0.0008  memory: 662  
2025/10/25 20:53:16 - mmengine - INFO - Iter(val) [130/237]    eta: 0:00:00  time: 0.0087  data_time: 0.0008  memory: 662  
2025/10/25 20:53:16 - mmengine - INFO - Iter(val) [135/237]    eta: 0:00:00  time: 0.0088  data_time: 0.0008  memory: 662  
2025/10/25 20:53:16 - mmengine - INFO - Iter(val) [140/237]    eta: 0:00:00  time: 0.0088  data_time: 0.0008  memory: 662  
2025/10/25 20:53:16 - mmengine - INFO - Iter(val) [145/237]    eta: 0:00:00  time: 0.0088  data_time: 0.0009  memory: 662  
2025/10/25 20:53:16 - mmengine - INFO - Iter(val) [150/237]    eta: 0:00:00  time: 0.0087  data_time: 0.0008  memory: 662  
2025/10/25 20:53:16 - mmengine - INFO - Iter(val) [155/237]    eta: 0:00:00  time: 0.0087  data_time: 0.0008  memory: 662  
2025/10/25 20:53:16 - mmengine - INFO - Iter(val) [160/237]    eta: 0:00:00  time: 0.0087  data_time: 0.0008  memory: 662  
2025/10/25 20:53:16 - mmengine - INFO - Iter(val) [165/237]    eta: 0:00:00  time: 0.0088  data_time: 0.0008  memory: 662  
2025/10/25 20:53:16 - mmengine - INFO - Iter(val) [170/237]    eta: 0:00:00  time: 0.0088  data_time: 0.0009  memory: 662  
2025/10/25 20:53:16 - mmengine - INFO - Iter(val) [175/237]    eta: 0:00:00  time: 0.0088  data_time: 0.0009  memory: 662  
2025/10/25 20:53:16 - mmengine - INFO - Iter(val) [180/237]    eta: 0:00:00  time: 0.0088  data_time: 0.0009  memory: 662  
2025/10/25 20:53:16 - mmengine - INFO - Iter(val) [185/237]    eta: 0:00:00  time: 0.0089  data_time: 0.0009  memory: 662  
2025/10/25 20:53:16 - mmengine - INFO - Iter(val) [190/237]    eta: 0:00:00  time: 0.0089  data_time: 0.0008  memory: 662  
2025/10/25 20:53:17 - mmengine - INFO - Iter(val) [195/237]    eta: 0:00:00  time: 0.0095  data_time: 0.0009  memory: 662  
2025/10/25 20:53:17 - mmengine - INFO - Iter(val) [200/237]    eta: 0:00:00  time: 0.0095  data_time: 0.0010  memory: 662  
2025/10/25 20:53:17 - mmengine - INFO - Iter(val) [205/237]    eta: 0:00:00  time: 0.0088  data_time: 0.0008  memory: 662  
2025/10/25 20:53:17 - mmengine - INFO - Iter(val) [210/237]    eta: 0:00:00  time: 0.0087  data_time: 0.0007  memory: 662  
2025/10/25 20:53:17 - mmengine - INFO - Iter(val) [215/237]    eta: 0:00:00  time: 0.0088  data_time: 0.0008  memory: 662  
2025/10/25 20:53:17 - mmengine - INFO - Iter(val) [220/237]    eta: 0:00:00  time: 0.0088  data_time: 0.0008  memory: 662  
2025/10/25 20:53:17 - mmengine - INFO - Iter(val) [225/237]    eta: 0:00:00  time: 0.0087  data_time: 0.0008  memory: 662  
2025/10/25 20:53:17 - mmengine - INFO - Iter(val) [230/237]    eta: 0:00:00  time: 0.0087  data_time: 0.0008  memory: 662  
2025/10/25 20:53:17 - mmengine - INFO - Iter(val) [235/237]    eta: 0:00:00  time: 0.0087  data_time: 0.0008  memory: 662  
2025/10/25 20:53:17 - mmengine - INFO - per class results:
2025/10/25 20:53:17 - mmengine - INFO - 
+------------+-------+-------+
|   Class    |  IoU  |  Acc  |
+------------+-------+-------+
| background | 96.75 | 97.37 |
|   crack    | 54.36 |  86.0 |
+------------+-------+-------+
2025/10/25 20:53:17 - mmengine - INFO - Iter(val) [237/237]    aAcc: 96.8800  mIoU: 75.5600  mAcc: 91.6800  data_time: 0.0008  time: 0.0088
2025/10/25 20:53:18 - mmengine - INFO - Iter(train) [ 775/1000]  lr: 2.6882e-03  eta: 0:01:09  time: 0.2882  data_time: 0.0046  memory: 10177  loss: 0.4046  decode.loss_ce: 0.2678  decode.acc_seg: 94.6572  aux.loss_ce: 0.1367  aux.acc_seg: 95.1542
2025/10/25 20:53:20 - mmengine - INFO - Iter(train) [ 780/1000]  lr: 2.6363e-03  eta: 0:01:07  time: 0.2883  data_time: 0.0047  memory: 10177  loss: 0.3796  decode.loss_ce: 0.2511  decode.acc_seg: 95.6753  aux.loss_ce: 0.1285  aux.acc_seg: 95.8147
2025/10/25 20:53:20 - mmengine - INFO - Saving checkpoint at 780 iterations
2025/10/25 20:53:20 - mmengine - INFO - Iter(val) [  5/237]    eta: 0:00:02  time: 0.0092  data_time: 0.0013  memory: 662  
2025/10/25 20:53:20 - mmengine - INFO - Iter(val) [ 10/237]    eta: 0:00:02  time: 0.0092  data_time: 0.0012  memory: 662  
2025/10/25 20:53:20 - mmengine - INFO - Iter(val) [ 15/237]    eta: 0:00:02  time: 0.0089  data_time: 0.0008  memory: 662  
2025/10/25 20:53:20 - mmengine - INFO - Iter(val) [ 20/237]    eta: 0:00:01  time: 0.0091  data_time: 0.0010  memory: 662  
2025/10/25 20:53:21 - mmengine - INFO - Iter(val) [ 25/237]    eta: 0:00:01  time: 0.0090  data_time: 0.0009  memory: 662  
2025/10/25 20:53:21 - mmengine - INFO - Iter(val) [ 30/237]    eta: 0:00:01  time: 0.0089  data_time: 0.0009  memory: 662  
2025/10/25 20:53:21 - mmengine - INFO - Iter(val) [ 35/237]    eta: 0:00:01  time: 0.0089  data_time: 0.0009  memory: 662  
2025/10/25 20:53:21 - mmengine - INFO - Iter(val) [ 40/237]    eta: 0:00:01  time: 0.0092  data_time: 0.0009  memory: 662  
2025/10/25 20:53:21 - mmengine - INFO - Iter(val) [ 45/237]    eta: 0:00:01  time: 0.0093  data_time: 0.0010  memory: 662  
2025/10/25 20:53:21 - mmengine - INFO - Iter(val) [ 50/237]    eta: 0:00:01  time: 0.0094  data_time: 0.0010  memory: 662  
2025/10/25 20:53:21 - mmengine - INFO - Iter(val) [ 55/237]    eta: 0:00:01  time: 0.0095  data_time: 0.0010  memory: 662  
2025/10/25 20:53:21 - mmengine - INFO - Iter(val) [ 60/237]    eta: 0:00:01  time: 0.0092  data_time: 0.0010  memory: 662  
2025/10/25 20:53:21 - mmengine - INFO - Iter(val) [ 65/237]    eta: 0:00:01  time: 0.0092  data_time: 0.0010  memory: 662  
2025/10/25 20:53:21 - mmengine - INFO - Iter(val) [ 70/237]    eta: 0:00:01  time: 0.0092  data_time: 0.0009  memory: 662  
2025/10/25 20:53:21 - mmengine - INFO - Iter(val) [ 75/237]    eta: 0:00:01  time: 0.0090  data_time: 0.0008  memory: 662  
2025/10/25 20:53:21 - mmengine - INFO - Iter(val) [ 80/237]    eta: 0:00:01  time: 0.0088  data_time: 0.0008  memory: 662  
2025/10/25 20:53:21 - mmengine - INFO - Iter(val) [ 85/237]    eta: 0:00:01  time: 0.0089  data_time: 0.0009  memory: 662  
2025/10/25 20:53:21 - mmengine - INFO - Iter(val) [ 90/237]    eta: 0:00:01  time: 0.0089  data_time: 0.0009  memory: 662  
2025/10/25 20:53:21 - mmengine - INFO - Iter(val) [ 95/237]    eta: 0:00:01  time: 0.0089  data_time: 0.0009  memory: 662  
2025/10/25 20:53:21 - mmengine - INFO - Iter(val) [100/237]    eta: 0:00:01  time: 0.0088  data_time: 0.0008  memory: 662  
2025/10/25 20:53:21 - mmengine - INFO - Iter(val) [105/237]    eta: 0:00:01  time: 0.0087  data_time: 0.0008  memory: 662  
2025/10/25 20:53:21 - mmengine - INFO - Iter(val) [110/237]    eta: 0:00:01  time: 0.0087  data_time: 0.0008  memory: 662  
2025/10/25 20:53:21 - mmengine - INFO - Iter(val) [115/237]    eta: 0:00:01  time: 0.0087  data_time: 0.0008  memory: 662  
2025/10/25 20:53:21 - mmengine - INFO - Iter(val) [120/237]    eta: 0:00:01  time: 0.0087  data_time: 0.0008  memory: 662  
2025/10/25 20:53:21 - mmengine - INFO - Iter(val) [125/237]    eta: 0:00:01  time: 0.0090  data_time: 0.0009  memory: 662  
2025/10/25 20:53:21 - mmengine - INFO - Iter(val) [130/237]    eta: 0:00:00  time: 0.0092  data_time: 0.0010  memory: 662  
2025/10/25 20:53:22 - mmengine - INFO - Iter(val) [135/237]    eta: 0:00:00  time: 0.0093  data_time: 0.0011  memory: 662  
2025/10/25 20:53:22 - mmengine - INFO - Iter(val) [140/237]    eta: 0:00:00  time: 0.0095  data_time: 0.0011  memory: 662  
2025/10/25 20:53:22 - mmengine - INFO - Iter(val) [145/237]    eta: 0:00:00  time: 0.0092  data_time: 0.0009  memory: 662  
2025/10/25 20:53:22 - mmengine - INFO - Iter(val) [150/237]    eta: 0:00:00  time: 0.0088  data_time: 0.0008  memory: 662  
2025/10/25 20:53:22 - mmengine - INFO - Iter(val) [155/237]    eta: 0:00:00  time: 0.0088  data_time: 0.0009  memory: 662  
2025/10/25 20:53:22 - mmengine - INFO - Iter(val) [160/237]    eta: 0:00:00  time: 0.0087  data_time: 0.0008  memory: 662  
2025/10/25 20:53:22 - mmengine - INFO - Iter(val) [165/237]    eta: 0:00:00  time: 0.0087  data_time: 0.0008  memory: 662  
2025/10/25 20:53:22 - mmengine - INFO - Iter(val) [170/237]    eta: 0:00:00  time: 0.0087  data_time: 0.0008  memory: 662  
2025/10/25 20:53:22 - mmengine - INFO - Iter(val) [175/237]    eta: 0:00:00  time: 0.0087  data_time: 0.0008  memory: 662  
2025/10/25 20:53:22 - mmengine - INFO - Iter(val) [180/237]    eta: 0:00:00  time: 0.0087  data_time: 0.0008  memory: 662  
2025/10/25 20:53:22 - mmengine - INFO - Iter(val) [185/237]    eta: 0:00:00  time: 0.0087  data_time: 0.0008  memory: 662  
2025/10/25 20:53:22 - mmengine - INFO - Iter(val) [190/237]    eta: 0:00:00  time: 0.0086  data_time: 0.0008  memory: 662  
2025/10/25 20:53:22 - mmengine - INFO - Iter(val) [195/237]    eta: 0:00:00  time: 0.0086  data_time: 0.0008  memory: 662  
2025/10/25 20:53:22 - mmengine - INFO - Iter(val) [200/237]    eta: 0:00:00  time: 0.0086  data_time: 0.0008  memory: 662  
2025/10/25 20:53:22 - mmengine - INFO - Iter(val) [205/237]    eta: 0:00:00  time: 0.0087  data_time: 0.0008  memory: 662  
2025/10/25 20:53:22 - mmengine - INFO - Iter(val) [210/237]    eta: 0:00:00  time: 0.0088  data_time: 0.0009  memory: 662  
2025/10/25 20:53:22 - mmengine - INFO - Iter(val) [215/237]    eta: 0:00:00  time: 0.0090  data_time: 0.0009  memory: 662  
2025/10/25 20:53:22 - mmengine - INFO - Iter(val) [220/237]    eta: 0:00:00  time: 0.0091  data_time: 0.0010  memory: 662  
2025/10/25 20:53:22 - mmengine - INFO - Iter(val) [225/237]    eta: 0:00:00  time: 0.0090  data_time: 0.0010  memory: 662  
2025/10/25 20:53:22 - mmengine - INFO - Iter(val) [230/237]    eta: 0:00:00  time: 0.0088  data_time: 0.0009  memory: 662  
2025/10/25 20:53:22 - mmengine - INFO - Iter(val) [235/237]    eta: 0:00:00  time: 0.0087  data_time: 0.0008  memory: 662  
2025/10/25 20:53:22 - mmengine - INFO - per class results:
2025/10/25 20:53:22 - mmengine - INFO - 
+------------+-------+-------+
|   Class    |  IoU  |  Acc  |
+------------+-------+-------+
| background | 96.91 | 97.67 |
|   crack    | 54.51 | 82.53 |
+------------+-------+-------+
2025/10/25 20:53:22 - mmengine - INFO - Iter(val) [237/237]    aAcc: 97.0200  mIoU: 75.7100  mAcc: 90.1000  data_time: 0.0009  time: 0.0089
2025/10/25 20:53:24 - mmengine - INFO - Iter(train) [ 785/1000]  lr: 2.5844e-03  eta: 0:01:05  time: 0.2885  data_time: 0.0050  memory: 10177  loss: 0.3433  decode.loss_ce: 0.2274  decode.acc_seg: 94.5948  aux.loss_ce: 0.1158  aux.acc_seg: 95.9246
2025/10/25 20:53:25 - mmengine - INFO - Iter(train) [ 790/1000]  lr: 2.5323e-03  eta: 0:01:04  time: 0.2890  data_time: 0.0051  memory: 10177  loss: 0.3714  decode.loss_ce: 0.2470  decode.acc_seg: 95.1620  aux.loss_ce: 0.1244  aux.acc_seg: 96.9947
2025/10/25 20:53:25 - mmengine - INFO - Saving checkpoint at 790 iterations
2025/10/25 20:53:26 - mmengine - INFO - Iter(val) [  5/237]    eta: 0:00:02  time: 0.0098  data_time: 0.0014  memory: 662  
2025/10/25 20:53:26 - mmengine - INFO - Iter(val) [ 10/237]    eta: 0:00:02  time: 0.0098  data_time: 0.0013  memory: 662  
2025/10/25 20:53:26 - mmengine - INFO - Iter(val) [ 15/237]    eta: 0:00:02  time: 0.0087  data_time: 0.0007  memory: 662  
2025/10/25 20:53:26 - mmengine - INFO - Iter(val) [ 20/237]    eta: 0:00:02  time: 0.0088  data_time: 0.0008  memory: 662  
2025/10/25 20:53:26 - mmengine - INFO - Iter(val) [ 25/237]    eta: 0:00:01  time: 0.0091  data_time: 0.0009  memory: 662  
2025/10/25 20:53:26 - mmengine - INFO - Iter(val) [ 30/237]    eta: 0:00:01  time: 0.0092  data_time: 0.0008  memory: 662  
2025/10/25 20:53:26 - mmengine - INFO - Iter(val) [ 35/237]    eta: 0:00:01  time: 0.0089  data_time: 0.0008  memory: 662  
2025/10/25 20:53:26 - mmengine - INFO - Iter(val) [ 40/237]    eta: 0:00:01  time: 0.0088  data_time: 0.0008  memory: 662  
2025/10/25 20:53:26 - mmengine - INFO - Iter(val) [ 45/237]    eta: 0:00:01  time: 0.0088  data_time: 0.0008  memory: 662  
2025/10/25 20:53:26 - mmengine - INFO - Iter(val) [ 50/237]    eta: 0:00:01  time: 0.0088  data_time: 0.0008  memory: 662  
2025/10/25 20:53:26 - mmengine - INFO - Iter(val) [ 55/237]    eta: 0:00:01  time: 0.0088  data_time: 0.0009  memory: 662  
2025/10/25 20:53:26 - mmengine - INFO - Iter(val) [ 60/237]    eta: 0:00:01  time: 0.0091  data_time: 0.0009  memory: 662  
2025/10/25 20:53:26 - mmengine - INFO - Iter(val) [ 65/237]    eta: 0:00:01  time: 0.0092  data_time: 0.0009  memory: 662  
2025/10/25 20:53:26 - mmengine - INFO - Iter(val) [ 70/237]    eta: 0:00:01  time: 0.0089  data_time: 0.0009  memory: 662  
2025/10/25 20:53:27 - mmengine - INFO - Iter(val) [ 75/237]    eta: 0:00:01  time: 0.0089  data_time: 0.0009  memory: 662  
2025/10/25 20:53:27 - mmengine - INFO - Iter(val) [ 80/237]    eta: 0:00:01  time: 0.0087  data_time: 0.0008  memory: 662  
2025/10/25 20:53:27 - mmengine - INFO - Iter(val) [ 85/237]    eta: 0:00:01  time: 0.0086  data_time: 0.0007  memory: 662  
2025/10/25 20:53:27 - mmengine - INFO - Iter(val) [ 90/237]    eta: 0:00:01  time: 0.0086  data_time: 0.0007  memory: 662  
2025/10/25 20:53:27 - mmengine - INFO - Iter(val) [ 95/237]    eta: 0:00:01  time: 0.0087  data_time: 0.0008  memory: 662  
2025/10/25 20:53:27 - mmengine - INFO - Iter(val) [100/237]    eta: 0:00:01  time: 0.0087  data_time: 0.0008  memory: 662  
2025/10/25 20:53:27 - mmengine - INFO - Iter(val) [105/237]    eta: 0:00:01  time: 0.0087  data_time: 0.0008  memory: 662  
2025/10/25 20:53:27 - mmengine - INFO - Iter(val) [110/237]    eta: 0:00:01  time: 0.0087  data_time: 0.0008  memory: 662  
2025/10/25 20:53:27 - mmengine - INFO - Iter(val) [115/237]    eta: 0:00:01  time: 0.0087  data_time: 0.0008  memory: 662  
2025/10/25 20:53:27 - mmengine - INFO - Iter(val) [120/237]    eta: 0:00:01  time: 0.0088  data_time: 0.0009  memory: 662  
2025/10/25 20:53:27 - mmengine - INFO - Iter(val) [125/237]    eta: 0:00:00  time: 0.0088  data_time: 0.0008  memory: 662  
2025/10/25 20:53:27 - mmengine - INFO - Iter(val) [130/237]    eta: 0:00:00  time: 0.0087  data_time: 0.0008  memory: 662  
2025/10/25 20:53:27 - mmengine - INFO - Iter(val) [135/237]    eta: 0:00:00  time: 0.0088  data_time: 0.0008  memory: 662  
2025/10/25 20:53:27 - mmengine - INFO - Iter(val) [140/237]    eta: 0:00:00  time: 0.0087  data_time: 0.0008  memory: 662  
2025/10/25 20:53:27 - mmengine - INFO - Iter(val) [145/237]    eta: 0:00:00  time: 0.0090  data_time: 0.0008  memory: 662  
2025/10/25 20:53:27 - mmengine - INFO - Iter(val) [150/237]    eta: 0:00:00  time: 0.0093  data_time: 0.0009  memory: 662  
2025/10/25 20:53:27 - mmengine - INFO - Iter(val) [155/237]    eta: 0:00:00  time: 0.0090  data_time: 0.0008  memory: 662  
2025/10/25 20:53:27 - mmengine - INFO - Iter(val) [160/237]    eta: 0:00:00  time: 0.0087  data_time: 0.0008  memory: 662  
2025/10/25 20:53:27 - mmengine - INFO - Iter(val) [165/237]    eta: 0:00:00  time: 0.0088  data_time: 0.0009  memory: 662  
2025/10/25 20:53:27 - mmengine - INFO - Iter(val) [170/237]    eta: 0:00:00  time: 0.0088  data_time: 0.0009  memory: 662  
2025/10/25 20:53:27 - mmengine - INFO - Iter(val) [175/237]    eta: 0:00:00  time: 0.0087  data_time: 0.0008  memory: 662  
2025/10/25 20:53:27 - mmengine - INFO - Iter(val) [180/237]    eta: 0:00:00  time: 0.0087  data_time: 0.0008  memory: 662  
2025/10/25 20:53:28 - mmengine - INFO - Iter(val) [185/237]    eta: 0:00:00  time: 0.0087  data_time: 0.0008  memory: 662  
2025/10/25 20:53:28 - mmengine - INFO - Iter(val) [190/237]    eta: 0:00:00  time: 0.0087  data_time: 0.0008  memory: 662  
2025/10/25 20:53:28 - mmengine - INFO - Iter(val) [195/237]    eta: 0:00:00  time: 0.0087  data_time: 0.0008  memory: 662  
2025/10/25 20:53:28 - mmengine - INFO - Iter(val) [200/237]    eta: 0:00:00  time: 0.0086  data_time: 0.0008  memory: 662  
2025/10/25 20:53:28 - mmengine - INFO - Iter(val) [205/237]    eta: 0:00:00  time: 0.0086  data_time: 0.0008  memory: 662  
2025/10/25 20:53:28 - mmengine - INFO - Iter(val) [210/237]    eta: 0:00:00  time: 0.0086  data_time: 0.0008  memory: 662  
2025/10/25 20:53:28 - mmengine - INFO - Iter(val) [215/237]    eta: 0:00:00  time: 0.0086  data_time: 0.0008  memory: 662  
2025/10/25 20:53:28 - mmengine - INFO - Iter(val) [220/237]    eta: 0:00:00  time: 0.0086  data_time: 0.0008  memory: 662  
2025/10/25 20:53:28 - mmengine - INFO - Iter(val) [225/237]    eta: 0:00:00  time: 0.0086  data_time: 0.0008  memory: 662  
2025/10/25 20:53:28 - mmengine - INFO - Iter(val) [230/237]    eta: 0:00:00  time: 0.0086  data_time: 0.0007  memory: 662  
2025/10/25 20:53:28 - mmengine - INFO - Iter(val) [235/237]    eta: 0:00:00  time: 0.0086  data_time: 0.0007  memory: 662  
2025/10/25 20:53:28 - mmengine - INFO - per class results:
2025/10/25 20:53:28 - mmengine - INFO - 
+------------+-------+-------+
|   Class    |  IoU  |  Acc  |
+------------+-------+-------+
| background | 97.21 | 97.93 |
|   crack    | 57.35 | 83.64 |
+------------+-------+-------+
2025/10/25 20:53:28 - mmengine - INFO - Iter(val) [237/237]    aAcc: 97.3100  mIoU: 77.2800  mAcc: 90.7800  data_time: 0.0008  time: 0.0088
2025/10/25 20:53:29 - mmengine - INFO - Iter(train) [ 795/1000]  lr: 2.4802e-03  eta: 0:01:02  time: 0.2887  data_time: 0.0048  memory: 10177  loss: 0.4010  decode.loss_ce: 0.2613  decode.acc_seg: 94.3367  aux.loss_ce: 0.1396  aux.acc_seg: 94.5445
2025/10/25 20:53:31 - mmengine - INFO - Iter(train) [ 800/1000]  lr: 2.4278e-03  eta: 0:01:01  time: 0.2884  data_time: 0.0046  memory: 10177  loss: 0.3574  decode.loss_ce: 0.2334  decode.acc_seg: 96.3239  aux.loss_ce: 0.1240  aux.acc_seg: 96.1939
2025/10/25 20:53:31 - mmengine - INFO - Saving checkpoint at 800 iterations
2025/10/25 20:53:31 - mmengine - INFO - Iter(val) [  5/237]    eta: 0:00:02  time: 0.0095  data_time: 0.0015  memory: 662  
2025/10/25 20:53:32 - mmengine - INFO - Iter(val) [ 10/237]    eta: 0:00:02  time: 0.0095  data_time: 0.0014  memory: 662  
2025/10/25 20:53:32 - mmengine - INFO - Iter(val) [ 15/237]    eta: 0:00:02  time: 0.0086  data_time: 0.0007  memory: 662  
2025/10/25 20:53:32 - mmengine - INFO - Iter(val) [ 20/237]    eta: 0:00:01  time: 0.0087  data_time: 0.0008  memory: 662  
2025/10/25 20:53:32 - mmengine - INFO - Iter(val) [ 25/237]    eta: 0:00:01  time: 0.0088  data_time: 0.0009  memory: 662  
2025/10/25 20:53:32 - mmengine - INFO - Iter(val) [ 30/237]    eta: 0:00:01  time: 0.0088  data_time: 0.0008  memory: 662  
2025/10/25 20:53:32 - mmengine - INFO - Iter(val) [ 35/237]    eta: 0:00:01  time: 0.0087  data_time: 0.0008  memory: 662  
2025/10/25 20:53:32 - mmengine - INFO - Iter(val) [ 40/237]    eta: 0:00:01  time: 0.0088  data_time: 0.0008  memory: 662  
2025/10/25 20:53:32 - mmengine - INFO - Iter(val) [ 45/237]    eta: 0:00:01  time: 0.0088  data_time: 0.0008  memory: 662  
2025/10/25 20:53:32 - mmengine - INFO - Iter(val) [ 50/237]    eta: 0:00:01  time: 0.0087  data_time: 0.0008  memory: 662  
2025/10/25 20:53:32 - mmengine - INFO - Iter(val) [ 55/237]    eta: 0:00:01  time: 0.0091  data_time: 0.0009  memory: 662  
2025/10/25 20:53:32 - mmengine - INFO - Iter(val) [ 60/237]    eta: 0:00:01  time: 0.0092  data_time: 0.0009  memory: 662  
2025/10/25 20:53:32 - mmengine - INFO - Iter(val) [ 65/237]    eta: 0:00:01  time: 0.0090  data_time: 0.0009  memory: 662  
2025/10/25 20:53:32 - mmengine - INFO - Iter(val) [ 70/237]    eta: 0:00:01  time: 0.0092  data_time: 0.0009  memory: 662  
2025/10/25 20:53:32 - mmengine - INFO - Iter(val) [ 75/237]    eta: 0:00:01  time: 0.0091  data_time: 0.0008  memory: 662  
2025/10/25 20:53:32 - mmengine - INFO - Iter(val) [ 80/237]    eta: 0:00:01  time: 0.0086  data_time: 0.0007  memory: 662  
2025/10/25 20:53:32 - mmengine - INFO - Iter(val) [ 85/237]    eta: 0:00:01  time: 0.0085  data_time: 0.0007  memory: 662  
2025/10/25 20:53:32 - mmengine - INFO - Iter(val) [ 90/237]    eta: 0:00:01  time: 0.0087  data_time: 0.0007  memory: 662  
2025/10/25 20:53:32 - mmengine - INFO - Iter(val) [ 95/237]    eta: 0:00:01  time: 0.0089  data_time: 0.0008  memory: 662  
2025/10/25 20:53:32 - mmengine - INFO - Iter(val) [100/237]    eta: 0:00:01  time: 0.0088  data_time: 0.0008  memory: 662  
2025/10/25 20:53:32 - mmengine - INFO - Iter(val) [105/237]    eta: 0:00:01  time: 0.0087  data_time: 0.0008  memory: 662  
2025/10/25 20:53:32 - mmengine - INFO - Iter(val) [110/237]    eta: 0:00:01  time: 0.0088  data_time: 0.0008  memory: 662  
2025/10/25 20:53:32 - mmengine - INFO - Iter(val) [115/237]    eta: 0:00:01  time: 0.0088  data_time: 0.0008  memory: 662  
2025/10/25 20:53:33 - mmengine - INFO - Iter(val) [120/237]    eta: 0:00:01  time: 0.0088  data_time: 0.0008  memory: 662  
2025/10/25 20:53:33 - mmengine - INFO - Iter(val) [125/237]    eta: 0:00:00  time: 0.0087  data_time: 0.0007  memory: 662  
2025/10/25 20:53:33 - mmengine - INFO - Iter(val) [130/237]    eta: 0:00:00  time: 0.0086  data_time: 0.0007  memory: 662  
2025/10/25 20:53:33 - mmengine - INFO - Iter(val) [135/237]    eta: 0:00:00  time: 0.0086  data_time: 0.0007  memory: 662  
2025/10/25 20:53:33 - mmengine - INFO - Iter(val) [140/237]    eta: 0:00:00  time: 0.0085  data_time: 0.0007  memory: 662  
2025/10/25 20:53:33 - mmengine - INFO - Iter(val) [145/237]    eta: 0:00:00  time: 0.0086  data_time: 0.0007  memory: 662  
2025/10/25 20:53:33 - mmengine - INFO - Iter(val) [150/237]    eta: 0:00:00  time: 0.0087  data_time: 0.0008  memory: 662  
2025/10/25 20:53:33 - mmengine - INFO - Iter(val) [155/237]    eta: 0:00:00  time: 0.0090  data_time: 0.0008  memory: 662  
2025/10/25 20:53:33 - mmengine - INFO - Iter(val) [160/237]    eta: 0:00:00  time: 0.0090  data_time: 0.0008  memory: 662  
2025/10/25 20:53:33 - mmengine - INFO - Iter(val) [165/237]    eta: 0:00:00  time: 0.0087  data_time: 0.0007  memory: 662  
2025/10/25 20:53:33 - mmengine - INFO - Iter(val) [170/237]    eta: 0:00:00  time: 0.0086  data_time: 0.0007  memory: 662  
2025/10/25 20:53:33 - mmengine - INFO - Iter(val) [175/237]    eta: 0:00:00  time: 0.0085  data_time: 0.0007  memory: 662  
2025/10/25 20:53:33 - mmengine - INFO - Iter(val) [180/237]    eta: 0:00:00  time: 0.0086  data_time: 0.0007  memory: 662  
2025/10/25 20:53:33 - mmengine - INFO - Iter(val) [185/237]    eta: 0:00:00  time: 0.0088  data_time: 0.0008  memory: 662  
2025/10/25 20:53:33 - mmengine - INFO - Iter(val) [190/237]    eta: 0:00:00  time: 0.0089  data_time: 0.0008  memory: 662  
2025/10/25 20:53:33 - mmengine - INFO - Iter(val) [195/237]    eta: 0:00:00  time: 0.0088  data_time: 0.0008  memory: 662  
2025/10/25 20:53:33 - mmengine - INFO - Iter(val) [200/237]    eta: 0:00:00  time: 0.0085  data_time: 0.0007  memory: 662  
2025/10/25 20:53:33 - mmengine - INFO - Iter(val) [205/237]    eta: 0:00:00  time: 0.0085  data_time: 0.0007  memory: 662  
2025/10/25 20:53:33 - mmengine - INFO - Iter(val) [210/237]    eta: 0:00:00  time: 0.0085  data_time: 0.0007  memory: 662  
2025/10/25 20:53:33 - mmengine - INFO - Iter(val) [215/237]    eta: 0:00:00  time: 0.0085  data_time: 0.0007  memory: 662  
2025/10/25 20:53:33 - mmengine - INFO - Iter(val) [220/237]    eta: 0:00:00  time: 0.0085  data_time: 0.0007  memory: 662  
2025/10/25 20:53:33 - mmengine - INFO - Iter(val) [225/237]    eta: 0:00:00  time: 0.0085  data_time: 0.0007  memory: 662  
2025/10/25 20:53:33 - mmengine - INFO - Iter(val) [230/237]    eta: 0:00:00  time: 0.0085  data_time: 0.0007  memory: 662  
2025/10/25 20:53:34 - mmengine - INFO - Iter(val) [235/237]    eta: 0:00:00  time: 0.0084  data_time: 0.0007  memory: 662  
2025/10/25 20:53:34 - mmengine - INFO - per class results:
2025/10/25 20:53:34 - mmengine - INFO - 
+------------+-------+-------+
|   Class    |  IoU  |  Acc  |
+------------+-------+-------+
| background | 97.06 | 97.78 |
|   crack    | 56.04 |  83.6 |
+------------+-------+-------+
2025/10/25 20:53:34 - mmengine - INFO - Iter(val) [237/237]    aAcc: 97.1600  mIoU: 76.5500  mAcc: 90.6900  data_time: 0.0008  time: 0.0088
2025/10/25 20:53:35 - mmengine - INFO - Iter(train) [ 805/1000]  lr: 2.3754e-03  eta: 0:00:59  time: 0.2887  data_time: 0.0047  memory: 10177  loss: 0.3480  decode.loss_ce: 0.2339  decode.acc_seg: 94.2604  aux.loss_ce: 0.1142  aux.acc_seg: 95.1804
2025/10/25 20:53:36 - mmengine - INFO - Iter(train) [ 810/1000]  lr: 2.3228e-03  eta: 0:00:58  time: 0.2885  data_time: 0.0046  memory: 10177  loss: 0.3505  decode.loss_ce: 0.2321  decode.acc_seg: 95.4016  aux.loss_ce: 0.1184  aux.acc_seg: 95.5887
2025/10/25 20:53:36 - mmengine - INFO - Saving checkpoint at 810 iterations
2025/10/25 20:53:37 - mmengine - INFO - Iter(val) [  5/237]    eta: 0:00:02  time: 0.0097  data_time: 0.0013  memory: 662  
2025/10/25 20:53:37 - mmengine - INFO - Iter(val) [ 10/237]    eta: 0:00:02  time: 0.0098  data_time: 0.0014  memory: 662  
2025/10/25 20:53:37 - mmengine - INFO - Iter(val) [ 15/237]    eta: 0:00:02  time: 0.0088  data_time: 0.0008  memory: 662  
2025/10/25 20:53:37 - mmengine - INFO - Iter(val) [ 20/237]    eta: 0:00:02  time: 0.0092  data_time: 0.0009  memory: 662  
2025/10/25 20:53:37 - mmengine - INFO - Iter(val) [ 25/237]    eta: 0:00:01  time: 0.0092  data_time: 0.0009  memory: 662  
2025/10/25 20:53:37 - mmengine - INFO - Iter(val) [ 30/237]    eta: 0:00:01  time: 0.0088  data_time: 0.0009  memory: 662  
2025/10/25 20:53:37 - mmengine - INFO - Iter(val) [ 35/237]    eta: 0:00:01  time: 0.0087  data_time: 0.0008  memory: 662  
2025/10/25 20:53:37 - mmengine - INFO - Iter(val) [ 40/237]    eta: 0:00:01  time: 0.0088  data_time: 0.0008  memory: 662  
2025/10/25 20:53:37 - mmengine - INFO - Iter(val) [ 45/237]    eta: 0:00:01  time: 0.0089  data_time: 0.0009  memory: 662  
2025/10/25 20:53:37 - mmengine - INFO - Iter(val) [ 50/237]    eta: 0:00:01  time: 0.0089  data_time: 0.0009  memory: 662  
2025/10/25 20:53:37 - mmengine - INFO - Iter(val) [ 55/237]    eta: 0:00:01  time: 0.0088  data_time: 0.0008  memory: 662  
2025/10/25 20:53:37 - mmengine - INFO - Iter(val) [ 60/237]    eta: 0:00:01  time: 0.0086  data_time: 0.0007  memory: 662  
2025/10/25 20:53:38 - mmengine - INFO - Iter(val) [ 65/237]    eta: 0:00:01  time: 0.0086  data_time: 0.0007  memory: 662  
2025/10/25 20:53:38 - mmengine - INFO - Iter(val) [ 70/237]    eta: 0:00:01  time: 0.0086  data_time: 0.0007  memory: 662  
2025/10/25 20:53:38 - mmengine - INFO - Iter(val) [ 75/237]    eta: 0:00:01  time: 0.0086  data_time: 0.0007  memory: 662  
2025/10/25 20:53:38 - mmengine - INFO - Iter(val) [ 80/237]    eta: 0:00:01  time: 0.0088  data_time: 0.0008  memory: 662  
2025/10/25 20:53:38 - mmengine - INFO - Iter(val) [ 85/237]    eta: 0:00:01  time: 0.0088  data_time: 0.0008  memory: 662  
2025/10/25 20:53:38 - mmengine - INFO - Iter(val) [ 90/237]    eta: 0:00:01  time: 0.0091  data_time: 0.0008  memory: 662  
2025/10/25 20:53:38 - mmengine - INFO - Iter(val) [ 95/237]    eta: 0:00:01  time: 0.0092  data_time: 0.0009  memory: 662  
2025/10/25 20:53:38 - mmengine - INFO - Iter(val) [100/237]    eta: 0:00:01  time: 0.0088  data_time: 0.0008  memory: 662  
2025/10/25 20:53:38 - mmengine - INFO - Iter(val) [105/237]    eta: 0:00:01  time: 0.0087  data_time: 0.0008  memory: 662  
2025/10/25 20:53:38 - mmengine - INFO - Iter(val) [110/237]    eta: 0:00:01  time: 0.0092  data_time: 0.0009  memory: 662  
2025/10/25 20:53:38 - mmengine - INFO - Iter(val) [115/237]    eta: 0:00:01  time: 0.0092  data_time: 0.0009  memory: 662  
2025/10/25 20:53:38 - mmengine - INFO - Iter(val) [120/237]    eta: 0:00:01  time: 0.0086  data_time: 0.0007  memory: 662  
2025/10/25 20:53:38 - mmengine - INFO - Iter(val) [125/237]    eta: 0:00:00  time: 0.0086  data_time: 0.0007  memory: 662  
2025/10/25 20:53:38 - mmengine - INFO - Iter(val) [130/237]    eta: 0:00:00  time: 0.0085  data_time: 0.0007  memory: 662  
2025/10/25 20:53:38 - mmengine - INFO - Iter(val) [135/237]    eta: 0:00:00  time: 0.0085  data_time: 0.0007  memory: 662  
2025/10/25 20:53:38 - mmengine - INFO - Iter(val) [140/237]    eta: 0:00:00  time: 0.0085  data_time: 0.0007  memory: 662  
2025/10/25 20:53:38 - mmengine - INFO - Iter(val) [145/237]    eta: 0:00:00  time: 0.0086  data_time: 0.0007  memory: 662  
2025/10/25 20:53:38 - mmengine - INFO - Iter(val) [150/237]    eta: 0:00:00  time: 0.0086  data_time: 0.0007  memory: 662  
2025/10/25 20:53:38 - mmengine - INFO - Iter(val) [155/237]    eta: 0:00:00  time: 0.0085  data_time: 0.0007  memory: 662  
2025/10/25 20:53:38 - mmengine - INFO - Iter(val) [160/237]    eta: 0:00:00  time: 0.0085  data_time: 0.0006  memory: 662  
2025/10/25 20:53:38 - mmengine - INFO - Iter(val) [165/237]    eta: 0:00:00  time: 0.0085  data_time: 0.0007  memory: 662  
2025/10/25 20:53:38 - mmengine - INFO - Iter(val) [170/237]    eta: 0:00:00  time: 0.0087  data_time: 0.0008  memory: 662  
2025/10/25 20:53:38 - mmengine - INFO - Iter(val) [175/237]    eta: 0:00:00  time: 0.0088  data_time: 0.0009  memory: 662  
2025/10/25 20:53:39 - mmengine - INFO - Iter(val) [180/237]    eta: 0:00:00  time: 0.0089  data_time: 0.0009  memory: 662  
2025/10/25 20:53:39 - mmengine - INFO - Iter(val) [185/237]    eta: 0:00:00  time: 0.0088  data_time: 0.0008  memory: 662  
2025/10/25 20:53:39 - mmengine - INFO - Iter(val) [190/237]    eta: 0:00:00  time: 0.0086  data_time: 0.0008  memory: 662  
2025/10/25 20:53:39 - mmengine - INFO - Iter(val) [195/237]    eta: 0:00:00  time: 0.0086  data_time: 0.0008  memory: 662  
2025/10/25 20:53:39 - mmengine - INFO - Iter(val) [200/237]    eta: 0:00:00  time: 0.0086  data_time: 0.0008  memory: 662  
2025/10/25 20:53:39 - mmengine - INFO - Iter(val) [205/237]    eta: 0:00:00  time: 0.0086  data_time: 0.0007  memory: 662  
2025/10/25 20:53:39 - mmengine - INFO - Iter(val) [210/237]    eta: 0:00:00  time: 0.0086  data_time: 0.0007  memory: 662  
2025/10/25 20:53:39 - mmengine - INFO - Iter(val) [215/237]    eta: 0:00:00  time: 0.0087  data_time: 0.0008  memory: 662  
2025/10/25 20:53:39 - mmengine - INFO - Iter(val) [220/237]    eta: 0:00:00  time: 0.0089  data_time: 0.0009  memory: 662  
2025/10/25 20:53:39 - mmengine - INFO - Iter(val) [225/237]    eta: 0:00:00  time: 0.0089  data_time: 0.0008  memory: 662  
2025/10/25 20:53:39 - mmengine - INFO - Iter(val) [230/237]    eta: 0:00:00  time: 0.0088  data_time: 0.0008  memory: 662  
2025/10/25 20:53:39 - mmengine - INFO - Iter(val) [235/237]    eta: 0:00:00  time: 0.0087  data_time: 0.0008  memory: 662  
2025/10/25 20:53:39 - mmengine - INFO - per class results:
2025/10/25 20:53:39 - mmengine - INFO - 
+------------+-------+-------+
|   Class    |  IoU  |  Acc  |
+------------+-------+-------+
| background | 96.51 | 97.06 |
|   crack    | 53.04 | 87.55 |
+------------+-------+-------+
2025/10/25 20:53:39 - mmengine - INFO - Iter(val) [237/237]    aAcc: 96.6500  mIoU: 74.7800  mAcc: 92.3000  data_time: 0.0008  time: 0.0088
2025/10/25 20:53:40 - mmengine - INFO - Iter(train) [ 815/1000]  lr: 2.2701e-03  eta: 0:00:56  time: 0.2889  data_time: 0.0050  memory: 10177  loss: 0.3575  decode.loss_ce: 0.2323  decode.acc_seg: 92.7937  aux.loss_ce: 0.1252  aux.acc_seg: 93.5925
2025/10/25 20:53:42 - mmengine - INFO - Iter(train) [ 820/1000]  lr: 2.2172e-03  eta: 0:00:55  time: 0.2890  data_time: 0.0052  memory: 10177  loss: 0.3975  decode.loss_ce: 0.2587  decode.acc_seg: 91.5436  aux.loss_ce: 0.1388  aux.acc_seg: 93.5792
2025/10/25 20:53:42 - mmengine - INFO - Saving checkpoint at 820 iterations
2025/10/25 20:53:43 - mmengine - INFO - Iter(val) [  5/237]    eta: 0:00:02  time: 0.0094  data_time: 0.0014  memory: 662  
2025/10/25 20:53:43 - mmengine - INFO - Iter(val) [ 10/237]    eta: 0:00:02  time: 0.0094  data_time: 0.0014  memory: 662  
2025/10/25 20:53:43 - mmengine - INFO - Iter(val) [ 15/237]    eta: 0:00:02  time: 0.0086  data_time: 0.0007  memory: 662  
2025/10/25 20:53:43 - mmengine - INFO - Iter(val) [ 20/237]    eta: 0:00:01  time: 0.0089  data_time: 0.0008  memory: 662  
2025/10/25 20:53:43 - mmengine - INFO - Iter(val) [ 25/237]    eta: 0:00:01  time: 0.0091  data_time: 0.0009  memory: 662  
2025/10/25 20:53:43 - mmengine - INFO - Iter(val) [ 30/237]    eta: 0:00:01  time: 0.0088  data_time: 0.0008  memory: 662  
2025/10/25 20:53:43 - mmengine - INFO - Iter(val) [ 35/237]    eta: 0:00:01  time: 0.0086  data_time: 0.0007  memory: 662  
2025/10/25 20:53:43 - mmengine - INFO - Iter(val) [ 40/237]    eta: 0:00:01  time: 0.0087  data_time: 0.0008  memory: 662  
2025/10/25 20:53:43 - mmengine - INFO - Iter(val) [ 45/237]    eta: 0:00:01  time: 0.0087  data_time: 0.0008  memory: 662  
2025/10/25 20:53:43 - mmengine - INFO - Iter(val) [ 50/237]    eta: 0:00:01  time: 0.0086  data_time: 0.0008  memory: 662  
2025/10/25 20:53:43 - mmengine - INFO - Iter(val) [ 55/237]    eta: 0:00:01  time: 0.0086  data_time: 0.0008  memory: 662  
2025/10/25 20:53:43 - mmengine - INFO - Iter(val) [ 60/237]    eta: 0:00:01  time: 0.0085  data_time: 0.0007  memory: 662  
2025/10/25 20:53:43 - mmengine - INFO - Iter(val) [ 65/237]    eta: 0:00:01  time: 0.0085  data_time: 0.0007  memory: 662  
2025/10/25 20:53:43 - mmengine - INFO - Iter(val) [ 70/237]    eta: 0:00:01  time: 0.0086  data_time: 0.0007  memory: 662  
2025/10/25 20:53:43 - mmengine - INFO - Iter(val) [ 75/237]    eta: 0:00:01  time: 0.0087  data_time: 0.0008  memory: 662  
2025/10/25 20:53:43 - mmengine - INFO - Iter(val) [ 80/237]    eta: 0:00:01  time: 0.0087  data_time: 0.0008  memory: 662  
2025/10/25 20:53:43 - mmengine - INFO - Iter(val) [ 85/237]    eta: 0:00:01  time: 0.0093  data_time: 0.0009  memory: 662  
2025/10/25 20:53:43 - mmengine - INFO - Iter(val) [ 90/237]    eta: 0:00:01  time: 0.0093  data_time: 0.0009  memory: 662  
2025/10/25 20:53:43 - mmengine - INFO - Iter(val) [ 95/237]    eta: 0:00:01  time: 0.0087  data_time: 0.0008  memory: 662  
2025/10/25 20:53:43 - mmengine - INFO - Iter(val) [100/237]    eta: 0:00:01  time: 0.0087  data_time: 0.0008  memory: 662  
2025/10/25 20:53:43 - mmengine - INFO - Iter(val) [105/237]    eta: 0:00:01  time: 0.0086  data_time: 0.0008  memory: 662  
2025/10/25 20:53:43 - mmengine - INFO - Iter(val) [110/237]    eta: 0:00:01  time: 0.0086  data_time: 0.0008  memory: 662  
2025/10/25 20:53:43 - mmengine - INFO - Iter(val) [115/237]    eta: 0:00:01  time: 0.0086  data_time: 0.0008  memory: 662  
2025/10/25 20:53:44 - mmengine - INFO - Iter(val) [120/237]    eta: 0:00:01  time: 0.0086  data_time: 0.0007  memory: 662  
2025/10/25 20:53:44 - mmengine - INFO - Iter(val) [125/237]    eta: 0:00:00  time: 0.0086  data_time: 0.0007  memory: 662  
2025/10/25 20:53:44 - mmengine - INFO - Iter(val) [130/237]    eta: 0:00:00  time: 0.0086  data_time: 0.0007  memory: 662  
2025/10/25 20:53:44 - mmengine - INFO - Iter(val) [135/237]    eta: 0:00:00  time: 0.0086  data_time: 0.0008  memory: 662  
2025/10/25 20:53:44 - mmengine - INFO - Iter(val) [140/237]    eta: 0:00:00  time: 0.0086  data_time: 0.0008  memory: 662  
2025/10/25 20:53:44 - mmengine - INFO - Iter(val) [145/237]    eta: 0:00:00  time: 0.0087  data_time: 0.0008  memory: 662  
2025/10/25 20:53:44 - mmengine - INFO - Iter(val) [150/237]    eta: 0:00:00  time: 0.0087  data_time: 0.0008  memory: 662  
2025/10/25 20:53:44 - mmengine - INFO - Iter(val) [155/237]    eta: 0:00:00  time: 0.0088  data_time: 0.0007  memory: 662  
2025/10/25 20:53:44 - mmengine - INFO - Iter(val) [160/237]    eta: 0:00:00  time: 0.0089  data_time: 0.0008  memory: 662  
2025/10/25 20:53:44 - mmengine - INFO - Iter(val) [165/237]    eta: 0:00:00  time: 0.0087  data_time: 0.0008  memory: 662  
2025/10/25 20:53:44 - mmengine - INFO - Iter(val) [170/237]    eta: 0:00:00  time: 0.0087  data_time: 0.0008  memory: 662  
2025/10/25 20:53:44 - mmengine - INFO - Iter(val) [175/237]    eta: 0:00:00  time: 0.0090  data_time: 0.0009  memory: 662  
2025/10/25 20:53:44 - mmengine - INFO - Iter(val) [180/237]    eta: 0:00:00  time: 0.0092  data_time: 0.0009  memory: 662  
2025/10/25 20:53:44 - mmengine - INFO - Iter(val) [185/237]    eta: 0:00:00  time: 0.0095  data_time: 0.0011  memory: 662  
2025/10/25 20:53:44 - mmengine - INFO - Iter(val) [190/237]    eta: 0:00:00  time: 0.0092  data_time: 0.0010  memory: 662  
2025/10/25 20:53:44 - mmengine - INFO - Iter(val) [195/237]    eta: 0:00:00  time: 0.0087  data_time: 0.0008  memory: 662  
2025/10/25 20:53:44 - mmengine - INFO - Iter(val) [200/237]    eta: 0:00:00  time: 0.0089  data_time: 0.0009  memory: 662  
2025/10/25 20:53:44 - mmengine - INFO - Iter(val) [205/237]    eta: 0:00:00  time: 0.0091  data_time: 0.0009  memory: 662  
2025/10/25 20:53:44 - mmengine - INFO - Iter(val) [210/237]    eta: 0:00:00  time: 0.0092  data_time: 0.0009  memory: 662  
2025/10/25 20:53:44 - mmengine - INFO - Iter(val) [215/237]    eta: 0:00:00  time: 0.0094  data_time: 0.0010  memory: 662  
2025/10/25 20:53:44 - mmengine - INFO - Iter(val) [220/237]    eta: 0:00:00  time: 0.0095  data_time: 0.0010  memory: 662  
2025/10/25 20:53:44 - mmengine - INFO - Iter(val) [225/237]    eta: 0:00:00  time: 0.0094  data_time: 0.0010  memory: 662  
2025/10/25 20:53:45 - mmengine - INFO - Iter(val) [230/237]    eta: 0:00:00  time: 0.0093  data_time: 0.0010  memory: 662  
2025/10/25 20:53:45 - mmengine - INFO - Iter(val) [235/237]    eta: 0:00:00  time: 0.0090  data_time: 0.0009  memory: 662  
2025/10/25 20:53:45 - mmengine - INFO - per class results:
2025/10/25 20:53:45 - mmengine - INFO - 
+------------+-------+-------+
|   Class    |  IoU  |  Acc  |
+------------+-------+-------+
| background | 97.09 | 97.93 |
|   crack    | 55.55 | 81.01 |
+------------+-------+-------+
2025/10/25 20:53:45 - mmengine - INFO - Iter(val) [237/237]    aAcc: 97.1900  mIoU: 76.3200  mAcc: 89.4700  data_time: 0.0009  time: 0.0089
2025/10/25 20:53:46 - mmengine - INFO - Iter(train) [ 825/1000]  lr: 2.1642e-03  eta: 0:00:53  time: 0.2892  data_time: 0.0050  memory: 10177  loss: 0.3678  decode.loss_ce: 0.2406  decode.acc_seg: 93.6796  aux.loss_ce: 0.1271  aux.acc_seg: 94.2698
2025/10/25 20:53:47 - mmengine - INFO - Iter(train) [ 830/1000]  lr: 2.1111e-03  eta: 0:00:52  time: 0.2893  data_time: 0.0048  memory: 10177  loss: 0.3400  decode.loss_ce: 0.2209  decode.acc_seg: 95.3741  aux.loss_ce: 0.1191  aux.acc_seg: 95.0546
2025/10/25 20:53:47 - mmengine - INFO - Saving checkpoint at 830 iterations
2025/10/25 20:53:48 - mmengine - INFO - Iter(val) [  5/237]    eta: 0:00:02  time: 0.0095  data_time: 0.0014  memory: 662  
2025/10/25 20:53:48 - mmengine - INFO - Iter(val) [ 10/237]    eta: 0:00:02  time: 0.0094  data_time: 0.0013  memory: 662  
2025/10/25 20:53:48 - mmengine - INFO - Iter(val) [ 15/237]    eta: 0:00:02  time: 0.0089  data_time: 0.0008  memory: 662  
2025/10/25 20:53:48 - mmengine - INFO - Iter(val) [ 20/237]    eta: 0:00:01  time: 0.0090  data_time: 0.0009  memory: 662  
2025/10/25 20:53:48 - mmengine - INFO - Iter(val) [ 25/237]    eta: 0:00:01  time: 0.0090  data_time: 0.0009  memory: 662  
2025/10/25 20:53:48 - mmengine - INFO - Iter(val) [ 30/237]    eta: 0:00:01  time: 0.0090  data_time: 0.0009  memory: 662  
2025/10/25 20:53:48 - mmengine - INFO - Iter(val) [ 35/237]    eta: 0:00:01  time: 0.0090  data_time: 0.0009  memory: 662  
2025/10/25 20:53:48 - mmengine - INFO - Iter(val) [ 40/237]    eta: 0:00:01  time: 0.0094  data_time: 0.0010  memory: 662  
2025/10/25 20:53:49 - mmengine - INFO - Iter(val) [ 45/237]    eta: 0:00:01  time: 0.0094  data_time: 0.0010  memory: 662  
2025/10/25 20:53:49 - mmengine - INFO - Iter(val) [ 50/237]    eta: 0:00:01  time: 0.0094  data_time: 0.0010  memory: 662  
2025/10/25 20:53:49 - mmengine - INFO - Iter(val) [ 55/237]    eta: 0:00:01  time: 0.0095  data_time: 0.0010  memory: 662  
2025/10/25 20:53:49 - mmengine - INFO - Iter(val) [ 60/237]    eta: 0:00:01  time: 0.0090  data_time: 0.0009  memory: 662  
2025/10/25 20:53:49 - mmengine - INFO - Iter(val) [ 65/237]    eta: 0:00:01  time: 0.0088  data_time: 0.0008  memory: 662  
2025/10/25 20:53:49 - mmengine - INFO - Iter(val) [ 70/237]    eta: 0:00:01  time: 0.0088  data_time: 0.0008  memory: 662  
2025/10/25 20:53:49 - mmengine - INFO - Iter(val) [ 75/237]    eta: 0:00:01  time: 0.0089  data_time: 0.0008  memory: 662  
2025/10/25 20:53:49 - mmengine - INFO - Iter(val) [ 80/237]    eta: 0:00:01  time: 0.0090  data_time: 0.0008  memory: 662  
2025/10/25 20:53:49 - mmengine - INFO - Iter(val) [ 85/237]    eta: 0:00:01  time: 0.0090  data_time: 0.0008  memory: 662  
2025/10/25 20:53:49 - mmengine - INFO - Iter(val) [ 90/237]    eta: 0:00:01  time: 0.0089  data_time: 0.0008  memory: 662  
2025/10/25 20:53:49 - mmengine - INFO - Iter(val) [ 95/237]    eta: 0:00:01  time: 0.0089  data_time: 0.0008  memory: 662  
2025/10/25 20:53:49 - mmengine - INFO - Iter(val) [100/237]    eta: 0:00:01  time: 0.0089  data_time: 0.0008  memory: 662  
2025/10/25 20:53:49 - mmengine - INFO - Iter(val) [105/237]    eta: 0:00:01  time: 0.0089  data_time: 0.0008  memory: 662  
2025/10/25 20:53:49 - mmengine - INFO - Iter(val) [110/237]    eta: 0:00:01  time: 0.0089  data_time: 0.0008  memory: 662  
2025/10/25 20:53:49 - mmengine - INFO - Iter(val) [115/237]    eta: 0:00:01  time: 0.0089  data_time: 0.0008  memory: 662  
2025/10/25 20:53:49 - mmengine - INFO - Iter(val) [120/237]    eta: 0:00:01  time: 0.0089  data_time: 0.0009  memory: 662  
2025/10/25 20:53:49 - mmengine - INFO - Iter(val) [125/237]    eta: 0:00:01  time: 0.0089  data_time: 0.0009  memory: 662  
2025/10/25 20:53:49 - mmengine - INFO - Iter(val) [130/237]    eta: 0:00:00  time: 0.0088  data_time: 0.0008  memory: 662  
2025/10/25 20:53:49 - mmengine - INFO - Iter(val) [135/237]    eta: 0:00:00  time: 0.0089  data_time: 0.0009  memory: 662  
2025/10/25 20:53:49 - mmengine - INFO - Iter(val) [140/237]    eta: 0:00:00  time: 0.0089  data_time: 0.0009  memory: 662  
2025/10/25 20:53:49 - mmengine - INFO - Iter(val) [145/237]    eta: 0:00:00  time: 0.0089  data_time: 0.0008  memory: 662  
2025/10/25 20:53:49 - mmengine - INFO - Iter(val) [150/237]    eta: 0:00:00  time: 0.0089  data_time: 0.0008  memory: 662  
2025/10/25 20:53:49 - mmengine - INFO - Iter(val) [155/237]    eta: 0:00:00  time: 0.0089  data_time: 0.0008  memory: 662  
2025/10/25 20:53:50 - mmengine - INFO - Iter(val) [160/237]    eta: 0:00:00  time: 0.0089  data_time: 0.0008  memory: 662  
2025/10/25 20:53:50 - mmengine - INFO - Iter(val) [165/237]    eta: 0:00:00  time: 0.0089  data_time: 0.0008  memory: 662  
2025/10/25 20:53:50 - mmengine - INFO - Iter(val) [170/237]    eta: 0:00:00  time: 0.0090  data_time: 0.0008  memory: 662  
2025/10/25 20:53:50 - mmengine - INFO - Iter(val) [175/237]    eta: 0:00:00  time: 0.0091  data_time: 0.0009  memory: 662  
2025/10/25 20:53:50 - mmengine - INFO - Iter(val) [180/237]    eta: 0:00:00  time: 0.0090  data_time: 0.0009  memory: 662  
2025/10/25 20:53:50 - mmengine - INFO - Iter(val) [185/237]    eta: 0:00:00  time: 0.0089  data_time: 0.0008  memory: 662  
2025/10/25 20:53:50 - mmengine - INFO - Iter(val) [190/237]    eta: 0:00:00  time: 0.0089  data_time: 0.0008  memory: 662  
2025/10/25 20:53:50 - mmengine - INFO - Iter(val) [195/237]    eta: 0:00:00  time: 0.0092  data_time: 0.0009  memory: 662  
2025/10/25 20:53:50 - mmengine - INFO - Iter(val) [200/237]    eta: 0:00:00  time: 0.0093  data_time: 0.0009  memory: 662  
2025/10/25 20:53:50 - mmengine - INFO - Iter(val) [205/237]    eta: 0:00:00  time: 0.0094  data_time: 0.0010  memory: 662  
2025/10/25 20:53:50 - mmengine - INFO - Iter(val) [210/237]    eta: 0:00:00  time: 0.0095  data_time: 0.0010  memory: 662  
2025/10/25 20:53:50 - mmengine - INFO - Iter(val) [215/237]    eta: 0:00:00  time: 0.0093  data_time: 0.0010  memory: 662  
2025/10/25 20:53:50 - mmengine - INFO - Iter(val) [220/237]    eta: 0:00:00  time: 0.0090  data_time: 0.0009  memory: 662  
2025/10/25 20:53:50 - mmengine - INFO - Iter(val) [225/237]    eta: 0:00:00  time: 0.0089  data_time: 0.0008  memory: 662  
2025/10/25 20:53:50 - mmengine - INFO - Iter(val) [230/237]    eta: 0:00:00  time: 0.0088  data_time: 0.0008  memory: 662  
2025/10/25 20:53:50 - mmengine - INFO - Iter(val) [235/237]    eta: 0:00:00  time: 0.0088  data_time: 0.0008  memory: 662  
2025/10/25 20:53:50 - mmengine - INFO - per class results:
2025/10/25 20:53:50 - mmengine - INFO - 
+------------+-------+-------+
|   Class    |  IoU  |  Acc  |
+------------+-------+-------+
| background | 97.23 | 98.23 |
|   crack    | 55.51 | 77.26 |
+------------+-------+-------+
2025/10/25 20:53:50 - mmengine - INFO - Iter(val) [237/237]    aAcc: 97.3200  mIoU: 76.3700  mAcc: 87.7400  data_time: 0.0009  time: 0.0090
2025/10/25 20:53:52 - mmengine - INFO - Iter(train) [ 835/1000]  lr: 2.0578e-03  eta: 0:00:50  time: 0.2884  data_time: 0.0047  memory: 10177  loss: 0.3543  decode.loss_ce: 0.2312  decode.acc_seg: 95.1324  aux.loss_ce: 0.1231  aux.acc_seg: 96.2282
2025/10/25 20:53:53 - mmengine - INFO - Iter(train) [ 840/1000]  lr: 2.0043e-03  eta: 0:00:48  time: 0.2884  data_time: 0.0047  memory: 10177  loss: 0.3254  decode.loss_ce: 0.2155  decode.acc_seg: 97.7033  aux.loss_ce: 0.1099  aux.acc_seg: 97.6019
2025/10/25 20:53:53 - mmengine - INFO - Saving checkpoint at 840 iterations
2025/10/25 20:53:54 - mmengine - INFO - Iter(val) [  5/237]    eta: 0:00:02  time: 0.0097  data_time: 0.0015  memory: 662  
2025/10/25 20:53:54 - mmengine - INFO - Iter(val) [ 10/237]    eta: 0:00:02  time: 0.0096  data_time: 0.0014  memory: 662  
2025/10/25 20:53:54 - mmengine - INFO - Iter(val) [ 15/237]    eta: 0:00:02  time: 0.0089  data_time: 0.0007  memory: 662  
2025/10/25 20:53:54 - mmengine - INFO - Iter(val) [ 20/237]    eta: 0:00:02  time: 0.0090  data_time: 0.0008  memory: 662  
2025/10/25 20:53:54 - mmengine - INFO - Iter(val) [ 25/237]    eta: 0:00:01  time: 0.0090  data_time: 0.0008  memory: 662  
2025/10/25 20:53:54 - mmengine - INFO - Iter(val) [ 30/237]    eta: 0:00:01  time: 0.0090  data_time: 0.0009  memory: 662  
2025/10/25 20:53:54 - mmengine - INFO - Iter(val) [ 35/237]    eta: 0:00:01  time: 0.0088  data_time: 0.0008  memory: 662  
2025/10/25 20:53:54 - mmengine - INFO - Iter(val) [ 40/237]    eta: 0:00:01  time: 0.0088  data_time: 0.0008  memory: 662  
2025/10/25 20:53:54 - mmengine - INFO - Iter(val) [ 45/237]    eta: 0:00:01  time: 0.0089  data_time: 0.0008  memory: 662  
2025/10/25 20:53:54 - mmengine - INFO - Iter(val) [ 50/237]    eta: 0:00:01  time: 0.0089  data_time: 0.0009  memory: 662  
2025/10/25 20:53:54 - mmengine - INFO - Iter(val) [ 55/237]    eta: 0:00:01  time: 0.0089  data_time: 0.0009  memory: 662  
2025/10/25 20:53:54 - mmengine - INFO - Iter(val) [ 60/237]    eta: 0:00:01  time: 0.0090  data_time: 0.0009  memory: 662  
2025/10/25 20:53:54 - mmengine - INFO - Iter(val) [ 65/237]    eta: 0:00:01  time: 0.0089  data_time: 0.0009  memory: 662  
2025/10/25 20:53:54 - mmengine - INFO - Iter(val) [ 70/237]    eta: 0:00:01  time: 0.0089  data_time: 0.0009  memory: 662  
2025/10/25 20:53:54 - mmengine - INFO - Iter(val) [ 75/237]    eta: 0:00:01  time: 0.0089  data_time: 0.0009  memory: 662  
2025/10/25 20:53:54 - mmengine - INFO - Iter(val) [ 80/237]    eta: 0:00:01  time: 0.0090  data_time: 0.0009  memory: 662  
2025/10/25 20:53:54 - mmengine - INFO - Iter(val) [ 85/237]    eta: 0:00:01  time: 0.0091  data_time: 0.0010  memory: 662  
2025/10/25 20:53:54 - mmengine - INFO - Iter(val) [ 90/237]    eta: 0:00:01  time: 0.0091  data_time: 0.0009  memory: 662  
2025/10/25 20:53:55 - mmengine - INFO - Iter(val) [ 95/237]    eta: 0:00:01  time: 0.0091  data_time: 0.0009  memory: 662  
2025/10/25 20:53:55 - mmengine - INFO - Iter(val) [100/237]    eta: 0:00:01  time: 0.0091  data_time: 0.0010  memory: 662  
2025/10/25 20:53:55 - mmengine - INFO - Iter(val) [105/237]    eta: 0:00:01  time: 0.0091  data_time: 0.0009  memory: 662  
2025/10/25 20:53:55 - mmengine - INFO - Iter(val) [110/237]    eta: 0:00:01  time: 0.0090  data_time: 0.0009  memory: 662  
2025/10/25 20:53:55 - mmengine - INFO - Iter(val) [115/237]    eta: 0:00:01  time: 0.0090  data_time: 0.0009  memory: 662  
2025/10/25 20:53:55 - mmengine - INFO - Iter(val) [120/237]    eta: 0:00:01  time: 0.0092  data_time: 0.0009  memory: 662  
2025/10/25 20:53:55 - mmengine - INFO - Iter(val) [125/237]    eta: 0:00:01  time: 0.0098  data_time: 0.0010  memory: 662  
2025/10/25 20:53:55 - mmengine - INFO - Iter(val) [130/237]    eta: 0:00:00  time: 0.0098  data_time: 0.0010  memory: 662  
2025/10/25 20:53:55 - mmengine - INFO - Iter(val) [135/237]    eta: 0:00:00  time: 0.0091  data_time: 0.0009  memory: 662  
2025/10/25 20:53:55 - mmengine - INFO - Iter(val) [140/237]    eta: 0:00:00  time: 0.0090  data_time: 0.0009  memory: 662  
2025/10/25 20:53:55 - mmengine - INFO - Iter(val) [145/237]    eta: 0:00:00  time: 0.0092  data_time: 0.0009  memory: 662  
2025/10/25 20:53:55 - mmengine - INFO - Iter(val) [150/237]    eta: 0:00:00  time: 0.0091  data_time: 0.0008  memory: 662  
2025/10/25 20:53:55 - mmengine - INFO - Iter(val) [155/237]    eta: 0:00:00  time: 0.0089  data_time: 0.0008  memory: 662  
2025/10/25 20:53:55 - mmengine - INFO - Iter(val) [160/237]    eta: 0:00:00  time: 0.0091  data_time: 0.0009  memory: 662  
2025/10/25 20:53:55 - mmengine - INFO - Iter(val) [165/237]    eta: 0:00:00  time: 0.0090  data_time: 0.0009  memory: 662  
2025/10/25 20:53:55 - mmengine - INFO - Iter(val) [170/237]    eta: 0:00:00  time: 0.0096  data_time: 0.0009  memory: 662  
2025/10/25 20:53:55 - mmengine - INFO - Iter(val) [175/237]    eta: 0:00:00  time: 0.0101  data_time: 0.0011  memory: 662  
2025/10/25 20:53:55 - mmengine - INFO - Iter(val) [180/237]    eta: 0:00:00  time: 0.0096  data_time: 0.0011  memory: 662  
2025/10/25 20:53:55 - mmengine - INFO - Iter(val) [185/237]    eta: 0:00:00  time: 0.0092  data_time: 0.0009  memory: 662  
2025/10/25 20:53:55 - mmengine - INFO - Iter(val) [190/237]    eta: 0:00:00  time: 0.0090  data_time: 0.0009  memory: 662  
2025/10/25 20:53:55 - mmengine - INFO - Iter(val) [195/237]    eta: 0:00:00  time: 0.0090  data_time: 0.0009  memory: 662  
2025/10/25 20:53:55 - mmengine - INFO - Iter(val) [200/237]    eta: 0:00:00  time: 0.0090  data_time: 0.0009  memory: 662  
2025/10/25 20:53:56 - mmengine - INFO - Iter(val) [205/237]    eta: 0:00:00  time: 0.0090  data_time: 0.0009  memory: 662  
2025/10/25 20:53:56 - mmengine - INFO - Iter(val) [210/237]    eta: 0:00:00  time: 0.0090  data_time: 0.0009  memory: 662  
2025/10/25 20:53:56 - mmengine - INFO - Iter(val) [215/237]    eta: 0:00:00  time: 0.0090  data_time: 0.0010  memory: 662  
2025/10/25 20:53:56 - mmengine - INFO - Iter(val) [220/237]    eta: 0:00:00  time: 0.0090  data_time: 0.0009  memory: 662  
2025/10/25 20:53:56 - mmengine - INFO - Iter(val) [225/237]    eta: 0:00:00  time: 0.0089  data_time: 0.0009  memory: 662  
2025/10/25 20:53:56 - mmengine - INFO - Iter(val) [230/237]    eta: 0:00:00  time: 0.0089  data_time: 0.0009  memory: 662  
2025/10/25 20:53:56 - mmengine - INFO - Iter(val) [235/237]    eta: 0:00:00  time: 0.0089  data_time: 0.0009  memory: 662  
2025/10/25 20:53:56 - mmengine - INFO - per class results:
2025/10/25 20:53:56 - mmengine - INFO - 
+------------+-------+-------+
|   Class    |  IoU  |  Acc  |
+------------+-------+-------+
| background | 96.74 | 97.42 |
|   crack    |  53.8 | 84.46 |
+------------+-------+-------+
2025/10/25 20:53:56 - mmengine - INFO - Iter(val) [237/237]    aAcc: 96.8600  mIoU: 75.2700  mAcc: 90.9400  data_time: 0.0009  time: 0.0091
2025/10/25 20:53:57 - mmengine - INFO - Iter(train) [ 845/1000]  lr: 1.9507e-03  eta: 0:00:47  time: 0.2885  data_time: 0.0047  memory: 10177  loss: 0.3513  decode.loss_ce: 0.2301  decode.acc_seg: 94.9053  aux.loss_ce: 0.1213  aux.acc_seg: 94.4223
2025/10/25 20:53:59 - mmengine - INFO - Iter(train) [ 850/1000]  lr: 1.8968e-03  eta: 0:00:45  time: 0.2891  data_time: 0.0050  memory: 10177  loss: 0.3651  decode.loss_ce: 0.2384  decode.acc_seg: 95.7202  aux.loss_ce: 0.1267  aux.acc_seg: 95.9982
2025/10/25 20:53:59 - mmengine - INFO - Saving checkpoint at 850 iterations
2025/10/25 20:53:59 - mmengine - INFO - Iter(val) [  5/237]    eta: 0:00:02  time: 0.0100  data_time: 0.0015  memory: 662  
2025/10/25 20:53:59 - mmengine - INFO - Iter(val) [ 10/237]    eta: 0:00:02  time: 0.0101  data_time: 0.0015  memory: 662  
2025/10/25 20:53:59 - mmengine - INFO - Iter(val) [ 15/237]    eta: 0:00:02  time: 0.0090  data_time: 0.0009  memory: 662  
2025/10/25 20:53:59 - mmengine - INFO - Iter(val) [ 20/237]    eta: 0:00:02  time: 0.0089  data_time: 0.0009  memory: 662  
2025/10/25 20:54:00 - mmengine - INFO - Iter(val) [ 25/237]    eta: 0:00:02  time: 0.0091  data_time: 0.0009  memory: 662  
2025/10/25 20:54:00 - mmengine - INFO - Iter(val) [ 30/237]    eta: 0:00:01  time: 0.0094  data_time: 0.0010  memory: 662  
2025/10/25 20:54:00 - mmengine - INFO - Iter(val) [ 35/237]    eta: 0:00:01  time: 0.0093  data_time: 0.0010  memory: 662  
2025/10/25 20:54:00 - mmengine - INFO - Iter(val) [ 40/237]    eta: 0:00:01  time: 0.0091  data_time: 0.0010  memory: 662  
2025/10/25 20:54:00 - mmengine - INFO - Iter(val) [ 45/237]    eta: 0:00:01  time: 0.0091  data_time: 0.0010  memory: 662  
2025/10/25 20:54:00 - mmengine - INFO - Iter(val) [ 50/237]    eta: 0:00:01  time: 0.0091  data_time: 0.0010  memory: 662  
2025/10/25 20:54:00 - mmengine - INFO - Iter(val) [ 55/237]    eta: 0:00:01  time: 0.0092  data_time: 0.0011  memory: 662  
2025/10/25 20:54:00 - mmengine - INFO - Iter(val) [ 60/237]    eta: 0:00:01  time: 0.0098  data_time: 0.0011  memory: 662  
2025/10/25 20:54:00 - mmengine - INFO - Iter(val) [ 65/237]    eta: 0:00:01  time: 0.0098  data_time: 0.0011  memory: 662  
2025/10/25 20:54:00 - mmengine - INFO - Iter(val) [ 70/237]    eta: 0:00:01  time: 0.0091  data_time: 0.0010  memory: 662  
2025/10/25 20:54:00 - mmengine - INFO - Iter(val) [ 75/237]    eta: 0:00:01  time: 0.0090  data_time: 0.0009  memory: 662  
2025/10/25 20:54:00 - mmengine - INFO - Iter(val) [ 80/237]    eta: 0:00:01  time: 0.0090  data_time: 0.0009  memory: 662  
2025/10/25 20:54:00 - mmengine - INFO - Iter(val) [ 85/237]    eta: 0:00:01  time: 0.0090  data_time: 0.0009  memory: 662  
2025/10/25 20:54:00 - mmengine - INFO - Iter(val) [ 90/237]    eta: 0:00:01  time: 0.0090  data_time: 0.0010  memory: 662  
2025/10/25 20:54:00 - mmengine - INFO - Iter(val) [ 95/237]    eta: 0:00:01  time: 0.0089  data_time: 0.0009  memory: 662  
2025/10/25 20:54:00 - mmengine - INFO - Iter(val) [100/237]    eta: 0:00:01  time: 0.0089  data_time: 0.0009  memory: 662  
2025/10/25 20:54:00 - mmengine - INFO - Iter(val) [105/237]    eta: 0:00:01  time: 0.0090  data_time: 0.0009  memory: 662  
2025/10/25 20:54:00 - mmengine - INFO - Iter(val) [110/237]    eta: 0:00:01  time: 0.0091  data_time: 0.0008  memory: 662  
2025/10/25 20:54:00 - mmengine - INFO - Iter(val) [115/237]    eta: 0:00:01  time: 0.0091  data_time: 0.0009  memory: 662  
2025/10/25 20:54:00 - mmengine - INFO - Iter(val) [120/237]    eta: 0:00:01  time: 0.0091  data_time: 0.0009  memory: 662  
2025/10/25 20:54:00 - mmengine - INFO - Iter(val) [125/237]    eta: 0:00:01  time: 0.0091  data_time: 0.0009  memory: 662  
2025/10/25 20:54:00 - mmengine - INFO - Iter(val) [130/237]    eta: 0:00:00  time: 0.0092  data_time: 0.0009  memory: 662  
2025/10/25 20:54:01 - mmengine - INFO - Iter(val) [135/237]    eta: 0:00:00  time: 0.0091  data_time: 0.0009  memory: 662  
2025/10/25 20:54:01 - mmengine - INFO - Iter(val) [140/237]    eta: 0:00:00  time: 0.0091  data_time: 0.0009  memory: 662  
2025/10/25 20:54:01 - mmengine - INFO - Iter(val) [145/237]    eta: 0:00:00  time: 0.0090  data_time: 0.0009  memory: 662  
2025/10/25 20:54:01 - mmengine - INFO - Iter(val) [150/237]    eta: 0:00:00  time: 0.0090  data_time: 0.0009  memory: 662  
2025/10/25 20:54:01 - mmengine - INFO - Iter(val) [155/237]    eta: 0:00:00  time: 0.0089  data_time: 0.0009  memory: 662  
2025/10/25 20:54:01 - mmengine - INFO - Iter(val) [160/237]    eta: 0:00:00  time: 0.0090  data_time: 0.0009  memory: 662  
2025/10/25 20:54:01 - mmengine - INFO - Iter(val) [165/237]    eta: 0:00:00  time: 0.0091  data_time: 0.0009  memory: 662  
2025/10/25 20:54:01 - mmengine - INFO - Iter(val) [170/237]    eta: 0:00:00  time: 0.0092  data_time: 0.0009  memory: 662  
2025/10/25 20:54:01 - mmengine - INFO - Iter(val) [175/237]    eta: 0:00:00  time: 0.0091  data_time: 0.0009  memory: 662  
2025/10/25 20:54:01 - mmengine - INFO - Iter(val) [180/237]    eta: 0:00:00  time: 0.0089  data_time: 0.0009  memory: 662  
2025/10/25 20:54:01 - mmengine - INFO - Iter(val) [185/237]    eta: 0:00:00  time: 0.0089  data_time: 0.0009  memory: 662  
2025/10/25 20:54:01 - mmengine - INFO - Iter(val) [190/237]    eta: 0:00:00  time: 0.0090  data_time: 0.0009  memory: 662  
2025/10/25 20:54:01 - mmengine - INFO - Iter(val) [195/237]    eta: 0:00:00  time: 0.0090  data_time: 0.0009  memory: 662  
2025/10/25 20:54:01 - mmengine - INFO - Iter(val) [200/237]    eta: 0:00:00  time: 0.0089  data_time: 0.0009  memory: 662  
2025/10/25 20:54:01 - mmengine - INFO - Iter(val) [205/237]    eta: 0:00:00  time: 0.0089  data_time: 0.0009  memory: 662  
2025/10/25 20:54:01 - mmengine - INFO - Iter(val) [210/237]    eta: 0:00:00  time: 0.0089  data_time: 0.0009  memory: 662  
2025/10/25 20:54:01 - mmengine - INFO - Iter(val) [215/237]    eta: 0:00:00  time: 0.0090  data_time: 0.0009  memory: 662  
2025/10/25 20:54:01 - mmengine - INFO - Iter(val) [220/237]    eta: 0:00:00  time: 0.0090  data_time: 0.0009  memory: 662  
2025/10/25 20:54:01 - mmengine - INFO - Iter(val) [225/237]    eta: 0:00:00  time: 0.0092  data_time: 0.0011  memory: 662  
2025/10/25 20:54:01 - mmengine - INFO - Iter(val) [230/237]    eta: 0:00:00  time: 0.0092  data_time: 0.0011  memory: 662  
2025/10/25 20:54:01 - mmengine - INFO - Iter(val) [235/237]    eta: 0:00:00  time: 0.0090  data_time: 0.0009  memory: 662  
2025/10/25 20:54:01 - mmengine - INFO - per class results:
2025/10/25 20:54:01 - mmengine - INFO - 
+------------+-------+-------+
|   Class    |  IoU  |  Acc  |
+------------+-------+-------+
| background | 96.51 | 97.12 |
|   crack    | 52.51 | 85.91 |
+------------+-------+-------+
2025/10/25 20:54:01 - mmengine - INFO - Iter(val) [237/237]    aAcc: 96.6400  mIoU: 74.5100  mAcc: 91.5200  data_time: 0.0010  time: 0.0091
2025/10/25 20:54:03 - mmengine - INFO - Iter(train) [ 855/1000]  lr: 1.8428e-03  eta: 0:00:44  time: 0.2894  data_time: 0.0053  memory: 10177  loss: 0.3575  decode.loss_ce: 0.2348  decode.acc_seg: 94.9864  aux.loss_ce: 0.1227  aux.acc_seg: 95.6400
2025/10/25 20:54:04 - mmengine - INFO - Iter(train) [ 860/1000]  lr: 1.7887e-03  eta: 0:00:42  time: 0.2888  data_time: 0.0050  memory: 10177  loss: 0.3496  decode.loss_ce: 0.2320  decode.acc_seg: 97.6615  aux.loss_ce: 0.1176  aux.acc_seg: 97.0046
2025/10/25 20:54:04 - mmengine - INFO - Saving checkpoint at 860 iterations
2025/10/25 20:54:05 - mmengine - INFO - Iter(val) [  5/237]    eta: 0:00:02  time: 0.0094  data_time: 0.0013  memory: 662  
2025/10/25 20:54:05 - mmengine - INFO - Iter(val) [ 10/237]    eta: 0:00:02  time: 0.0095  data_time: 0.0013  memory: 662  
2025/10/25 20:54:05 - mmengine - INFO - Iter(val) [ 15/237]    eta: 0:00:02  time: 0.0090  data_time: 0.0009  memory: 662  
2025/10/25 20:54:05 - mmengine - INFO - Iter(val) [ 20/237]    eta: 0:00:02  time: 0.0091  data_time: 0.0009  memory: 662  
2025/10/25 20:54:05 - mmengine - INFO - Iter(val) [ 25/237]    eta: 0:00:01  time: 0.0091  data_time: 0.0009  memory: 662  
2025/10/25 20:54:05 - mmengine - INFO - Iter(val) [ 30/237]    eta: 0:00:01  time: 0.0090  data_time: 0.0010  memory: 662  
2025/10/25 20:54:05 - mmengine - INFO - Iter(val) [ 35/237]    eta: 0:00:01  time: 0.0090  data_time: 0.0009  memory: 662  
2025/10/25 20:54:05 - mmengine - INFO - Iter(val) [ 40/237]    eta: 0:00:01  time: 0.0090  data_time: 0.0009  memory: 662  
2025/10/25 20:54:05 - mmengine - INFO - Iter(val) [ 45/237]    eta: 0:00:01  time: 0.0090  data_time: 0.0010  memory: 662  
2025/10/25 20:54:05 - mmengine - INFO - Iter(val) [ 50/237]    eta: 0:00:01  time: 0.0090  data_time: 0.0009  memory: 662  
2025/10/25 20:54:05 - mmengine - INFO - Iter(val) [ 55/237]    eta: 0:00:01  time: 0.0090  data_time: 0.0009  memory: 662  
2025/10/25 20:54:05 - mmengine - INFO - Iter(val) [ 60/237]    eta: 0:00:01  time: 0.0089  data_time: 0.0009  memory: 662  
2025/10/25 20:54:05 - mmengine - INFO - Iter(val) [ 65/237]    eta: 0:00:01  time: 0.0089  data_time: 0.0009  memory: 662  
2025/10/25 20:54:06 - mmengine - INFO - Iter(val) [ 70/237]    eta: 0:00:01  time: 0.0089  data_time: 0.0009  memory: 662  
2025/10/25 20:54:06 - mmengine - INFO - Iter(val) [ 75/237]    eta: 0:00:01  time: 0.0090  data_time: 0.0009  memory: 662  
2025/10/25 20:54:06 - mmengine - INFO - Iter(val) [ 80/237]    eta: 0:00:01  time: 0.0090  data_time: 0.0009  memory: 662  
2025/10/25 20:54:06 - mmengine - INFO - Iter(val) [ 85/237]    eta: 0:00:01  time: 0.0089  data_time: 0.0009  memory: 662  
2025/10/25 20:54:06 - mmengine - INFO - Iter(val) [ 90/237]    eta: 0:00:01  time: 0.0089  data_time: 0.0009  memory: 662  
2025/10/25 20:54:06 - mmengine - INFO - Iter(val) [ 95/237]    eta: 0:00:01  time: 0.0090  data_time: 0.0009  memory: 662  
2025/10/25 20:54:06 - mmengine - INFO - Iter(val) [100/237]    eta: 0:00:01  time: 0.0090  data_time: 0.0009  memory: 662  
2025/10/25 20:54:06 - mmengine - INFO - Iter(val) [105/237]    eta: 0:00:01  time: 0.0091  data_time: 0.0010  memory: 662  
2025/10/25 20:54:06 - mmengine - INFO - Iter(val) [110/237]    eta: 0:00:01  time: 0.0091  data_time: 0.0010  memory: 662  
2025/10/25 20:54:06 - mmengine - INFO - Iter(val) [115/237]    eta: 0:00:01  time: 0.0090  data_time: 0.0009  memory: 662  
2025/10/25 20:54:06 - mmengine - INFO - Iter(val) [120/237]    eta: 0:00:01  time: 0.0090  data_time: 0.0009  memory: 662  
2025/10/25 20:54:06 - mmengine - INFO - Iter(val) [125/237]    eta: 0:00:01  time: 0.0091  data_time: 0.0010  memory: 662  
2025/10/25 20:54:06 - mmengine - INFO - Iter(val) [130/237]    eta: 0:00:00  time: 0.0094  data_time: 0.0010  memory: 662  
2025/10/25 20:54:06 - mmengine - INFO - Iter(val) [135/237]    eta: 0:00:00  time: 0.0092  data_time: 0.0009  memory: 662  
2025/10/25 20:54:06 - mmengine - INFO - Iter(val) [140/237]    eta: 0:00:00  time: 0.0089  data_time: 0.0008  memory: 662  
2025/10/25 20:54:06 - mmengine - INFO - Iter(val) [145/237]    eta: 0:00:00  time: 0.0089  data_time: 0.0008  memory: 662  
2025/10/25 20:54:06 - mmengine - INFO - Iter(val) [150/237]    eta: 0:00:00  time: 0.0089  data_time: 0.0008  memory: 662  
2025/10/25 20:54:06 - mmengine - INFO - Iter(val) [155/237]    eta: 0:00:00  time: 0.0089  data_time: 0.0008  memory: 662  
2025/10/25 20:54:06 - mmengine - INFO - Iter(val) [160/237]    eta: 0:00:00  time: 0.0089  data_time: 0.0009  memory: 662  
2025/10/25 20:54:06 - mmengine - INFO - Iter(val) [165/237]    eta: 0:00:00  time: 0.0090  data_time: 0.0009  memory: 662  
2025/10/25 20:54:06 - mmengine - INFO - Iter(val) [170/237]    eta: 0:00:00  time: 0.0091  data_time: 0.0009  memory: 662  
2025/10/25 20:54:06 - mmengine - INFO - Iter(val) [175/237]    eta: 0:00:00  time: 0.0092  data_time: 0.0010  memory: 662  
2025/10/25 20:54:07 - mmengine - INFO - Iter(val) [180/237]    eta: 0:00:00  time: 0.0094  data_time: 0.0010  memory: 662  
2025/10/25 20:54:07 - mmengine - INFO - Iter(val) [185/237]    eta: 0:00:00  time: 0.0094  data_time: 0.0011  memory: 662  
2025/10/25 20:54:07 - mmengine - INFO - Iter(val) [190/237]    eta: 0:00:00  time: 0.0094  data_time: 0.0009  memory: 662  
2025/10/25 20:54:07 - mmengine - INFO - Iter(val) [195/237]    eta: 0:00:00  time: 0.0092  data_time: 0.0009  memory: 662  
2025/10/25 20:54:07 - mmengine - INFO - Iter(val) [200/237]    eta: 0:00:00  time: 0.0090  data_time: 0.0009  memory: 662  
2025/10/25 20:54:07 - mmengine - INFO - Iter(val) [205/237]    eta: 0:00:00  time: 0.0089  data_time: 0.0008  memory: 662  
2025/10/25 20:54:07 - mmengine - INFO - Iter(val) [210/237]    eta: 0:00:00  time: 0.0089  data_time: 0.0008  memory: 662  
2025/10/25 20:54:07 - mmengine - INFO - Iter(val) [215/237]    eta: 0:00:00  time: 0.0089  data_time: 0.0008  memory: 662  
2025/10/25 20:54:07 - mmengine - INFO - Iter(val) [220/237]    eta: 0:00:00  time: 0.0089  data_time: 0.0009  memory: 662  
2025/10/25 20:54:07 - mmengine - INFO - Iter(val) [225/237]    eta: 0:00:00  time: 0.0089  data_time: 0.0009  memory: 662  
2025/10/25 20:54:07 - mmengine - INFO - Iter(val) [230/237]    eta: 0:00:00  time: 0.0090  data_time: 0.0009  memory: 662  
2025/10/25 20:54:07 - mmengine - INFO - Iter(val) [235/237]    eta: 0:00:00  time: 0.0089  data_time: 0.0009  memory: 662  
2025/10/25 20:54:07 - mmengine - INFO - per class results:
2025/10/25 20:54:07 - mmengine - INFO - 
+------------+-------+-------+
|   Class    |  IoU  |  Acc  |
+------------+-------+-------+
| background | 96.98 | 97.68 |
|   crack    | 55.61 | 84.16 |
+------------+-------+-------+
2025/10/25 20:54:07 - mmengine - INFO - Iter(val) [237/237]    aAcc: 97.0900  mIoU: 76.3000  mAcc: 90.9200  data_time: 0.0009  time: 0.0090
2025/10/25 20:54:08 - mmengine - INFO - Iter(train) [ 865/1000]  lr: 1.7343e-03  eta: 0:00:41  time: 0.2887  data_time: 0.0048  memory: 10177  loss: 0.3116  decode.loss_ce: 0.2050  decode.acc_seg: 95.0392  aux.loss_ce: 0.1065  aux.acc_seg: 95.7000
2025/10/25 20:54:10 - mmengine - INFO - Iter(train) [ 870/1000]  lr: 1.6797e-03  eta: 0:00:39  time: 0.2886  data_time: 0.0046  memory: 10177  loss: 0.3069  decode.loss_ce: 0.1981  decode.acc_seg: 94.9414  aux.loss_ce: 0.1088  aux.acc_seg: 94.8315
2025/10/25 20:54:10 - mmengine - INFO - Saving checkpoint at 870 iterations
2025/10/25 20:54:11 - mmengine - INFO - Iter(val) [  5/237]    eta: 0:00:02  time: 0.0101  data_time: 0.0014  memory: 662  
2025/10/25 20:54:11 - mmengine - INFO - Iter(val) [ 10/237]    eta: 0:00:02  time: 0.0100  data_time: 0.0014  memory: 662  
2025/10/25 20:54:11 - mmengine - INFO - Iter(val) [ 15/237]    eta: 0:00:02  time: 0.0093  data_time: 0.0009  memory: 662  
2025/10/25 20:54:11 - mmengine - INFO - Iter(val) [ 20/237]    eta: 0:00:02  time: 0.0096  data_time: 0.0010  memory: 662  
2025/10/25 20:54:11 - mmengine - INFO - Iter(val) [ 25/237]    eta: 0:00:02  time: 0.0092  data_time: 0.0009  memory: 662  
2025/10/25 20:54:11 - mmengine - INFO - Iter(val) [ 30/237]    eta: 0:00:01  time: 0.0090  data_time: 0.0009  memory: 662  
2025/10/25 20:54:11 - mmengine - INFO - Iter(val) [ 35/237]    eta: 0:00:01  time: 0.0090  data_time: 0.0009  memory: 662  
2025/10/25 20:54:11 - mmengine - INFO - Iter(val) [ 40/237]    eta: 0:00:01  time: 0.0089  data_time: 0.0009  memory: 662  
2025/10/25 20:54:11 - mmengine - INFO - Iter(val) [ 45/237]    eta: 0:00:01  time: 0.0090  data_time: 0.0009  memory: 662  
2025/10/25 20:54:11 - mmengine - INFO - Iter(val) [ 50/237]    eta: 0:00:01  time: 0.0091  data_time: 0.0010  memory: 662  
2025/10/25 20:54:11 - mmengine - INFO - Iter(val) [ 55/237]    eta: 0:00:01  time: 0.0094  data_time: 0.0010  memory: 662  
2025/10/25 20:54:11 - mmengine - INFO - Iter(val) [ 60/237]    eta: 0:00:01  time: 0.0094  data_time: 0.0010  memory: 662  
2025/10/25 20:54:11 - mmengine - INFO - Iter(val) [ 65/237]    eta: 0:00:01  time: 0.0090  data_time: 0.0009  memory: 662  
2025/10/25 20:54:11 - mmengine - INFO - Iter(val) [ 70/237]    eta: 0:00:01  time: 0.0089  data_time: 0.0009  memory: 662  
2025/10/25 20:54:11 - mmengine - INFO - Iter(val) [ 75/237]    eta: 0:00:01  time: 0.0089  data_time: 0.0009  memory: 662  
2025/10/25 20:54:11 - mmengine - INFO - Iter(val) [ 80/237]    eta: 0:00:01  time: 0.0089  data_time: 0.0009  memory: 662  
2025/10/25 20:54:11 - mmengine - INFO - Iter(val) [ 85/237]    eta: 0:00:01  time: 0.0089  data_time: 0.0009  memory: 662  
2025/10/25 20:54:11 - mmengine - INFO - Iter(val) [ 90/237]    eta: 0:00:01  time: 0.0089  data_time: 0.0009  memory: 662  
2025/10/25 20:54:11 - mmengine - INFO - Iter(val) [ 95/237]    eta: 0:00:01  time: 0.0090  data_time: 0.0009  memory: 662  
2025/10/25 20:54:11 - mmengine - INFO - Iter(val) [100/237]    eta: 0:00:01  time: 0.0090  data_time: 0.0009  memory: 662  
2025/10/25 20:54:12 - mmengine - INFO - Iter(val) [105/237]    eta: 0:00:01  time: 0.0089  data_time: 0.0009  memory: 662  
2025/10/25 20:54:12 - mmengine - INFO - Iter(val) [110/237]    eta: 0:00:01  time: 0.0089  data_time: 0.0009  memory: 662  
2025/10/25 20:54:12 - mmengine - INFO - Iter(val) [115/237]    eta: 0:00:01  time: 0.0093  data_time: 0.0010  memory: 662  
2025/10/25 20:54:12 - mmengine - INFO - Iter(val) [120/237]    eta: 0:00:01  time: 0.0093  data_time: 0.0010  memory: 662  
2025/10/25 20:54:12 - mmengine - INFO - Iter(val) [125/237]    eta: 0:00:01  time: 0.0090  data_time: 0.0010  memory: 662  
2025/10/25 20:54:12 - mmengine - INFO - Iter(val) [130/237]    eta: 0:00:00  time: 0.0090  data_time: 0.0009  memory: 662  
2025/10/25 20:54:12 - mmengine - INFO - Iter(val) [135/237]    eta: 0:00:00  time: 0.0090  data_time: 0.0009  memory: 662  
2025/10/25 20:54:12 - mmengine - INFO - Iter(val) [140/237]    eta: 0:00:00  time: 0.0090  data_time: 0.0009  memory: 662  
2025/10/25 20:54:12 - mmengine - INFO - Iter(val) [145/237]    eta: 0:00:00  time: 0.0089  data_time: 0.0009  memory: 662  
2025/10/25 20:54:12 - mmengine - INFO - Iter(val) [150/237]    eta: 0:00:00  time: 0.0089  data_time: 0.0009  memory: 662  
2025/10/25 20:54:12 - mmengine - INFO - Iter(val) [155/237]    eta: 0:00:00  time: 0.0089  data_time: 0.0009  memory: 662  
2025/10/25 20:54:12 - mmengine - INFO - Iter(val) [160/237]    eta: 0:00:00  time: 0.0089  data_time: 0.0009  memory: 662  
2025/10/25 20:54:12 - mmengine - INFO - Iter(val) [165/237]    eta: 0:00:00  time: 0.0090  data_time: 0.0009  memory: 662  
2025/10/25 20:54:12 - mmengine - INFO - Iter(val) [170/237]    eta: 0:00:00  time: 0.0090  data_time: 0.0010  memory: 662  
2025/10/25 20:54:12 - mmengine - INFO - Iter(val) [175/237]    eta: 0:00:00  time: 0.0090  data_time: 0.0009  memory: 662  
2025/10/25 20:54:12 - mmengine - INFO - Iter(val) [180/237]    eta: 0:00:00  time: 0.0090  data_time: 0.0010  memory: 662  
2025/10/25 20:54:12 - mmengine - INFO - Iter(val) [185/237]    eta: 0:00:00  time: 0.0090  data_time: 0.0009  memory: 662  
2025/10/25 20:54:12 - mmengine - INFO - Iter(val) [190/237]    eta: 0:00:00  time: 0.0090  data_time: 0.0009  memory: 662  
2025/10/25 20:54:12 - mmengine - INFO - Iter(val) [195/237]    eta: 0:00:00  time: 0.0090  data_time: 0.0009  memory: 662  
2025/10/25 20:54:12 - mmengine - INFO - Iter(val) [200/237]    eta: 0:00:00  time: 0.0090  data_time: 0.0009  memory: 662  
2025/10/25 20:54:12 - mmengine - INFO - Iter(val) [205/237]    eta: 0:00:00  time: 0.0091  data_time: 0.0010  memory: 662  
2025/10/25 20:54:12 - mmengine - INFO - Iter(val) [210/237]    eta: 0:00:00  time: 0.0091  data_time: 0.0010  memory: 662  
2025/10/25 20:54:13 - mmengine - INFO - Iter(val) [215/237]    eta: 0:00:00  time: 0.0091  data_time: 0.0010  memory: 662  
2025/10/25 20:54:13 - mmengine - INFO - Iter(val) [220/237]    eta: 0:00:00  time: 0.0091  data_time: 0.0010  memory: 662  
2025/10/25 20:54:13 - mmengine - INFO - Iter(val) [225/237]    eta: 0:00:00  time: 0.0091  data_time: 0.0010  memory: 662  
2025/10/25 20:54:13 - mmengine - INFO - Iter(val) [230/237]    eta: 0:00:00  time: 0.0090  data_time: 0.0009  memory: 662  
2025/10/25 20:54:13 - mmengine - INFO - Iter(val) [235/237]    eta: 0:00:00  time: 0.0089  data_time: 0.0008  memory: 662  
2025/10/25 20:54:13 - mmengine - INFO - per class results:
2025/10/25 20:54:13 - mmengine - INFO - 
+------------+-------+-------+
|   Class    |  IoU  |  Acc  |
+------------+-------+-------+
| background | 96.88 | 97.48 |
|   crack    | 55.34 | 86.15 |
+------------+-------+-------+
2025/10/25 20:54:13 - mmengine - INFO - Iter(val) [237/237]    aAcc: 96.9900  mIoU: 76.1100  mAcc: 91.8200  data_time: 0.0009  time: 0.0091
2025/10/25 20:54:14 - mmengine - INFO - Iter(train) [ 875/1000]  lr: 1.6249e-03  eta: 0:00:38  time: 0.2888  data_time: 0.0046  memory: 10177  loss: 0.3255  decode.loss_ce: 0.2121  decode.acc_seg: 93.9870  aux.loss_ce: 0.1134  aux.acc_seg: 93.8247
2025/10/25 20:54:16 - mmengine - INFO - Iter(train) [ 880/1000]  lr: 1.5699e-03  eta: 0:00:36  time: 0.2891  data_time: 0.0049  memory: 10177  loss: 0.3408  decode.loss_ce: 0.2220  decode.acc_seg: 92.9666  aux.loss_ce: 0.1188  aux.acc_seg: 93.6360
2025/10/25 20:54:16 - mmengine - INFO - Saving checkpoint at 880 iterations
2025/10/25 20:54:16 - mmengine - INFO - Iter(val) [  5/237]    eta: 0:00:02  time: 0.0103  data_time: 0.0016  memory: 662  
2025/10/25 20:54:16 - mmengine - INFO - Iter(val) [ 10/237]    eta: 0:00:02  time: 0.0104  data_time: 0.0015  memory: 662  
2025/10/25 20:54:16 - mmengine - INFO - Iter(val) [ 15/237]    eta: 0:00:02  time: 0.0093  data_time: 0.0009  memory: 662  
2025/10/25 20:54:16 - mmengine - INFO - Iter(val) [ 20/237]    eta: 0:00:02  time: 0.0093  data_time: 0.0010  memory: 662  
2025/10/25 20:54:16 - mmengine - INFO - Iter(val) [ 25/237]    eta: 0:00:02  time: 0.0091  data_time: 0.0009  memory: 662  
2025/10/25 20:54:16 - mmengine - INFO - Iter(val) [ 30/237]    eta: 0:00:02  time: 0.0096  data_time: 0.0011  memory: 662  
2025/10/25 20:54:16 - mmengine - INFO - Iter(val) [ 35/237]    eta: 0:00:01  time: 0.0096  data_time: 0.0010  memory: 662  
2025/10/25 20:54:17 - mmengine - INFO - Iter(val) [ 40/237]    eta: 0:00:01  time: 0.0091  data_time: 0.0009  memory: 662  
2025/10/25 20:54:17 - mmengine - INFO - Iter(val) [ 45/237]    eta: 0:00:01  time: 0.0096  data_time: 0.0010  memory: 662  
2025/10/25 20:54:17 - mmengine - INFO - Iter(val) [ 50/237]    eta: 0:00:01  time: 0.0095  data_time: 0.0010  memory: 662  
2025/10/25 20:54:17 - mmengine - INFO - Iter(val) [ 55/237]    eta: 0:00:01  time: 0.0090  data_time: 0.0009  memory: 662  
2025/10/25 20:54:17 - mmengine - INFO - Iter(val) [ 60/237]    eta: 0:00:01  time: 0.0090  data_time: 0.0009  memory: 662  
2025/10/25 20:54:17 - mmengine - INFO - Iter(val) [ 65/237]    eta: 0:00:01  time: 0.0090  data_time: 0.0009  memory: 662  
2025/10/25 20:54:17 - mmengine - INFO - Iter(val) [ 70/237]    eta: 0:00:01  time: 0.0090  data_time: 0.0009  memory: 662  
2025/10/25 20:54:17 - mmengine - INFO - Iter(val) [ 75/237]    eta: 0:00:01  time: 0.0090  data_time: 0.0009  memory: 662  
2025/10/25 20:54:17 - mmengine - INFO - Iter(val) [ 80/237]    eta: 0:00:01  time: 0.0089  data_time: 0.0009  memory: 662  
2025/10/25 20:54:17 - mmengine - INFO - Iter(val) [ 85/237]    eta: 0:00:01  time: 0.0089  data_time: 0.0009  memory: 662  
2025/10/25 20:54:17 - mmengine - INFO - Iter(val) [ 90/237]    eta: 0:00:01  time: 0.0089  data_time: 0.0009  memory: 662  
2025/10/25 20:54:17 - mmengine - INFO - Iter(val) [ 95/237]    eta: 0:00:01  time: 0.0090  data_time: 0.0009  memory: 662  
2025/10/25 20:54:17 - mmengine - INFO - Iter(val) [100/237]    eta: 0:00:01  time: 0.0098  data_time: 0.0011  memory: 662  
2025/10/25 20:54:17 - mmengine - INFO - Iter(val) [105/237]    eta: 0:00:01  time: 0.0098  data_time: 0.0011  memory: 662  
2025/10/25 20:54:17 - mmengine - INFO - Iter(val) [110/237]    eta: 0:00:01  time: 0.0090  data_time: 0.0009  memory: 662  
2025/10/25 20:54:17 - mmengine - INFO - Iter(val) [115/237]    eta: 0:00:01  time: 0.0090  data_time: 0.0009  memory: 662  
2025/10/25 20:54:17 - mmengine - INFO - Iter(val) [120/237]    eta: 0:00:01  time: 0.0089  data_time: 0.0008  memory: 662  
2025/10/25 20:54:17 - mmengine - INFO - Iter(val) [125/237]    eta: 0:00:01  time: 0.0089  data_time: 0.0009  memory: 662  
2025/10/25 20:54:17 - mmengine - INFO - Iter(val) [130/237]    eta: 0:00:00  time: 0.0089  data_time: 0.0009  memory: 662  
2025/10/25 20:54:17 - mmengine - INFO - Iter(val) [135/237]    eta: 0:00:00  time: 0.0089  data_time: 0.0008  memory: 662  
2025/10/25 20:54:17 - mmengine - INFO - Iter(val) [140/237]    eta: 0:00:00  time: 0.0090  data_time: 0.0009  memory: 662  
2025/10/25 20:54:17 - mmengine - INFO - Iter(val) [145/237]    eta: 0:00:00  time: 0.0090  data_time: 0.0009  memory: 662  
2025/10/25 20:54:18 - mmengine - INFO - Iter(val) [150/237]    eta: 0:00:00  time: 0.0090  data_time: 0.0009  memory: 662  
2025/10/25 20:54:18 - mmengine - INFO - Iter(val) [155/237]    eta: 0:00:00  time: 0.0090  data_time: 0.0008  memory: 662  
2025/10/25 20:54:18 - mmengine - INFO - Iter(val) [160/237]    eta: 0:00:00  time: 0.0088  data_time: 0.0008  memory: 662  
2025/10/25 20:54:18 - mmengine - INFO - Iter(val) [165/237]    eta: 0:00:00  time: 0.0089  data_time: 0.0008  memory: 662  
2025/10/25 20:54:18 - mmengine - INFO - Iter(val) [170/237]    eta: 0:00:00  time: 0.0089  data_time: 0.0008  memory: 662  
2025/10/25 20:54:18 - mmengine - INFO - Iter(val) [175/237]    eta: 0:00:00  time: 0.0092  data_time: 0.0009  memory: 662  
2025/10/25 20:54:18 - mmengine - INFO - Iter(val) [180/237]    eta: 0:00:00  time: 0.0106  data_time: 0.0012  memory: 662  
2025/10/25 20:54:18 - mmengine - INFO - Iter(val) [185/237]    eta: 0:00:00  time: 0.0104  data_time: 0.0011  memory: 662  
2025/10/25 20:54:18 - mmengine - INFO - Iter(val) [190/237]    eta: 0:00:00  time: 0.0090  data_time: 0.0009  memory: 662  
2025/10/25 20:54:18 - mmengine - INFO - Iter(val) [195/237]    eta: 0:00:00  time: 0.0091  data_time: 0.0009  memory: 662  
2025/10/25 20:54:18 - mmengine - INFO - Iter(val) [200/237]    eta: 0:00:00  time: 0.0092  data_time: 0.0009  memory: 662  
2025/10/25 20:54:18 - mmengine - INFO - Iter(val) [205/237]    eta: 0:00:00  time: 0.0090  data_time: 0.0009  memory: 662  
2025/10/25 20:54:18 - mmengine - INFO - Iter(val) [210/237]    eta: 0:00:00  time: 0.0089  data_time: 0.0009  memory: 662  
2025/10/25 20:54:18 - mmengine - INFO - Iter(val) [215/237]    eta: 0:00:00  time: 0.0089  data_time: 0.0009  memory: 662  
2025/10/25 20:54:18 - mmengine - INFO - Iter(val) [220/237]    eta: 0:00:00  time: 0.0089  data_time: 0.0009  memory: 662  
2025/10/25 20:54:18 - mmengine - INFO - Iter(val) [225/237]    eta: 0:00:00  time: 0.0089  data_time: 0.0009  memory: 662  
2025/10/25 20:54:18 - mmengine - INFO - Iter(val) [230/237]    eta: 0:00:00  time: 0.0089  data_time: 0.0009  memory: 662  
2025/10/25 20:54:18 - mmengine - INFO - Iter(val) [235/237]    eta: 0:00:00  time: 0.0089  data_time: 0.0009  memory: 662  
2025/10/25 20:54:18 - mmengine - INFO - per class results:
2025/10/25 20:54:18 - mmengine - INFO - 
+------------+-------+-------+
|   Class    |  IoU  |  Acc  |
+------------+-------+-------+
| background | 96.76 | 97.37 |
|   crack    | 54.45 | 86.12 |
+------------+-------+-------+
2025/10/25 20:54:18 - mmengine - INFO - Iter(val) [237/237]    aAcc: 96.8800  mIoU: 75.6100  mAcc: 91.7400  data_time: 0.0009  time: 0.0092
2025/10/25 20:54:20 - mmengine - INFO - Iter(train) [ 885/1000]  lr: 1.5147e-03  eta: 0:00:35  time: 0.2891  data_time: 0.0050  memory: 10177  loss: 0.3155  decode.loss_ce: 0.2057  decode.acc_seg: 97.6122  aux.loss_ce: 0.1098  aux.acc_seg: 96.7299
2025/10/25 20:54:21 - mmengine - INFO - Iter(train) [ 890/1000]  lr: 1.4592e-03  eta: 0:00:33  time: 0.2889  data_time: 0.0049  memory: 10177  loss: 0.3327  decode.loss_ce: 0.2200  decode.acc_seg: 95.0990  aux.loss_ce: 0.1127  aux.acc_seg: 95.2099
2025/10/25 20:54:21 - mmengine - INFO - Saving checkpoint at 890 iterations
2025/10/25 20:54:22 - mmengine - INFO - Iter(val) [  5/237]    eta: 0:00:02  time: 0.0096  data_time: 0.0013  memory: 662  
2025/10/25 20:54:22 - mmengine - INFO - Iter(val) [ 10/237]    eta: 0:00:02  time: 0.0096  data_time: 0.0013  memory: 662  
2025/10/25 20:54:22 - mmengine - INFO - Iter(val) [ 15/237]    eta: 0:00:02  time: 0.0089  data_time: 0.0008  memory: 662  
2025/10/25 20:54:22 - mmengine - INFO - Iter(val) [ 20/237]    eta: 0:00:02  time: 0.0089  data_time: 0.0009  memory: 662  
2025/10/25 20:54:22 - mmengine - INFO - Iter(val) [ 25/237]    eta: 0:00:01  time: 0.0089  data_time: 0.0008  memory: 662  
2025/10/25 20:54:22 - mmengine - INFO - Iter(val) [ 30/237]    eta: 0:00:01  time: 0.0089  data_time: 0.0009  memory: 662  
2025/10/25 20:54:22 - mmengine - INFO - Iter(val) [ 35/237]    eta: 0:00:01  time: 0.0088  data_time: 0.0008  memory: 662  
2025/10/25 20:54:22 - mmengine - INFO - Iter(val) [ 40/237]    eta: 0:00:01  time: 0.0088  data_time: 0.0008  memory: 662  
2025/10/25 20:54:22 - mmengine - INFO - Iter(val) [ 45/237]    eta: 0:00:01  time: 0.0089  data_time: 0.0009  memory: 662  
2025/10/25 20:54:22 - mmengine - INFO - Iter(val) [ 50/237]    eta: 0:00:01  time: 0.0092  data_time: 0.0009  memory: 662  
2025/10/25 20:54:22 - mmengine - INFO - Iter(val) [ 55/237]    eta: 0:00:01  time: 0.0096  data_time: 0.0010  memory: 662  
2025/10/25 20:54:22 - mmengine - INFO - Iter(val) [ 60/237]    eta: 0:00:01  time: 0.0094  data_time: 0.0010  memory: 662  
2025/10/25 20:54:22 - mmengine - INFO - Iter(val) [ 65/237]    eta: 0:00:01  time: 0.0090  data_time: 0.0008  memory: 662  
2025/10/25 20:54:22 - mmengine - INFO - Iter(val) [ 70/237]    eta: 0:00:01  time: 0.0090  data_time: 0.0009  memory: 662  
2025/10/25 20:54:22 - mmengine - INFO - Iter(val) [ 75/237]    eta: 0:00:01  time: 0.0095  data_time: 0.0010  memory: 662  
2025/10/25 20:54:23 - mmengine - INFO - Iter(val) [ 80/237]    eta: 0:00:01  time: 0.0100  data_time: 0.0012  memory: 662  
2025/10/25 20:54:23 - mmengine - INFO - Iter(val) [ 85/237]    eta: 0:00:01  time: 0.0096  data_time: 0.0010  memory: 662  
2025/10/25 20:54:23 - mmengine - INFO - Iter(val) [ 90/237]    eta: 0:00:01  time: 0.0089  data_time: 0.0009  memory: 662  
2025/10/25 20:54:23 - mmengine - INFO - Iter(val) [ 95/237]    eta: 0:00:01  time: 0.0089  data_time: 0.0009  memory: 662  
2025/10/25 20:54:23 - mmengine - INFO - Iter(val) [100/237]    eta: 0:00:01  time: 0.0090  data_time: 0.0009  memory: 662  
2025/10/25 20:54:23 - mmengine - INFO - Iter(val) [105/237]    eta: 0:00:01  time: 0.0090  data_time: 0.0009  memory: 662  
2025/10/25 20:54:23 - mmengine - INFO - Iter(val) [110/237]    eta: 0:00:01  time: 0.0090  data_time: 0.0009  memory: 662  
2025/10/25 20:54:23 - mmengine - INFO - Iter(val) [115/237]    eta: 0:00:01  time: 0.0089  data_time: 0.0009  memory: 662  
2025/10/25 20:54:23 - mmengine - INFO - Iter(val) [120/237]    eta: 0:00:01  time: 0.0091  data_time: 0.0010  memory: 662  
2025/10/25 20:54:23 - mmengine - INFO - Iter(val) [125/237]    eta: 0:00:01  time: 0.0092  data_time: 0.0010  memory: 662  
2025/10/25 20:54:23 - mmengine - INFO - Iter(val) [130/237]    eta: 0:00:00  time: 0.0092  data_time: 0.0009  memory: 662  
2025/10/25 20:54:23 - mmengine - INFO - Iter(val) [135/237]    eta: 0:00:00  time: 0.0092  data_time: 0.0010  memory: 662  
2025/10/25 20:54:23 - mmengine - INFO - Iter(val) [140/237]    eta: 0:00:00  time: 0.0092  data_time: 0.0010  memory: 662  
2025/10/25 20:54:23 - mmengine - INFO - Iter(val) [145/237]    eta: 0:00:00  time: 0.0093  data_time: 0.0010  memory: 662  
2025/10/25 20:54:23 - mmengine - INFO - Iter(val) [150/237]    eta: 0:00:00  time: 0.0092  data_time: 0.0010  memory: 662  
2025/10/25 20:54:23 - mmengine - INFO - Iter(val) [155/237]    eta: 0:00:00  time: 0.0090  data_time: 0.0009  memory: 662  
2025/10/25 20:54:23 - mmengine - INFO - Iter(val) [160/237]    eta: 0:00:00  time: 0.0089  data_time: 0.0009  memory: 662  
2025/10/25 20:54:23 - mmengine - INFO - Iter(val) [165/237]    eta: 0:00:00  time: 0.0090  data_time: 0.0009  memory: 662  
2025/10/25 20:54:23 - mmengine - INFO - Iter(val) [170/237]    eta: 0:00:00  time: 0.0090  data_time: 0.0009  memory: 662  
2025/10/25 20:54:23 - mmengine - INFO - Iter(val) [175/237]    eta: 0:00:00  time: 0.0090  data_time: 0.0009  memory: 662  
2025/10/25 20:54:23 - mmengine - INFO - Iter(val) [180/237]    eta: 0:00:00  time: 0.0091  data_time: 0.0010  memory: 662  
2025/10/25 20:54:23 - mmengine - INFO - Iter(val) [185/237]    eta: 0:00:00  time: 0.0091  data_time: 0.0010  memory: 662  
2025/10/25 20:54:24 - mmengine - INFO - Iter(val) [190/237]    eta: 0:00:00  time: 0.0091  data_time: 0.0009  memory: 662  
2025/10/25 20:54:24 - mmengine - INFO - Iter(val) [195/237]    eta: 0:00:00  time: 0.0090  data_time: 0.0008  memory: 662  
2025/10/25 20:54:24 - mmengine - INFO - Iter(val) [200/237]    eta: 0:00:00  time: 0.0090  data_time: 0.0009  memory: 662  
2025/10/25 20:54:24 - mmengine - INFO - Iter(val) [205/237]    eta: 0:00:00  time: 0.0090  data_time: 0.0009  memory: 662  
2025/10/25 20:54:24 - mmengine - INFO - Iter(val) [210/237]    eta: 0:00:00  time: 0.0089  data_time: 0.0009  memory: 662  
2025/10/25 20:54:24 - mmengine - INFO - Iter(val) [215/237]    eta: 0:00:00  time: 0.0089  data_time: 0.0009  memory: 662  
2025/10/25 20:54:24 - mmengine - INFO - Iter(val) [220/237]    eta: 0:00:00  time: 0.0090  data_time: 0.0009  memory: 662  
2025/10/25 20:54:24 - mmengine - INFO - Iter(val) [225/237]    eta: 0:00:00  time: 0.0091  data_time: 0.0009  memory: 662  
2025/10/25 20:54:24 - mmengine - INFO - Iter(val) [230/237]    eta: 0:00:00  time: 0.0091  data_time: 0.0009  memory: 662  
2025/10/25 20:54:24 - mmengine - INFO - Iter(val) [235/237]    eta: 0:00:00  time: 0.0089  data_time: 0.0009  memory: 662  
2025/10/25 20:54:24 - mmengine - INFO - per class results:
2025/10/25 20:54:24 - mmengine - INFO - 
+------------+-------+-------+
|   Class    |  IoU  |  Acc  |
+------------+-------+-------+
| background | 97.12 | 97.86 |
|   crack    | 56.49 | 83.25 |
+------------+-------+-------+
2025/10/25 20:54:24 - mmengine - INFO - Iter(val) [237/237]    aAcc: 97.2300  mIoU: 76.8100  mAcc: 90.5600  data_time: 0.0009  time: 0.0091
2025/10/25 20:54:25 - mmengine - INFO - Iter(train) [ 895/1000]  lr: 1.4035e-03  eta: 0:00:31  time: 0.2886  data_time: 0.0049  memory: 10177  loss: 0.3759  decode.loss_ce: 0.2477  decode.acc_seg: 95.6484  aux.loss_ce: 0.1281  aux.acc_seg: 95.2239
2025/10/25 20:54:27 - mmengine - INFO - Iter(train) [ 900/1000]  lr: 1.3475e-03  eta: 0:00:30  time: 0.2887  data_time: 0.0049  memory: 10177  loss: 0.3720  decode.loss_ce: 0.2422  decode.acc_seg: 95.2433  aux.loss_ce: 0.1299  aux.acc_seg: 95.4920
2025/10/25 20:54:27 - mmengine - INFO - Saving checkpoint at 900 iterations
2025/10/25 20:54:27 - mmengine - INFO - Iter(val) [  5/237]    eta: 0:00:02  time: 0.0101  data_time: 0.0015  memory: 662  
2025/10/25 20:54:27 - mmengine - INFO - Iter(val) [ 10/237]    eta: 0:00:02  time: 0.0101  data_time: 0.0015  memory: 662  
2025/10/25 20:54:28 - mmengine - INFO - Iter(val) [ 15/237]    eta: 0:00:02  time: 0.0088  data_time: 0.0008  memory: 662  
2025/10/25 20:54:28 - mmengine - INFO - Iter(val) [ 20/237]    eta: 0:00:02  time: 0.0089  data_time: 0.0009  memory: 662  
2025/10/25 20:54:28 - mmengine - INFO - Iter(val) [ 25/237]    eta: 0:00:01  time: 0.0090  data_time: 0.0009  memory: 662  
2025/10/25 20:54:28 - mmengine - INFO - Iter(val) [ 30/237]    eta: 0:00:01  time: 0.0090  data_time: 0.0009  memory: 662  
2025/10/25 20:54:28 - mmengine - INFO - Iter(val) [ 35/237]    eta: 0:00:01  time: 0.0090  data_time: 0.0009  memory: 662  
2025/10/25 20:54:28 - mmengine - INFO - Iter(val) [ 40/237]    eta: 0:00:01  time: 0.0090  data_time: 0.0009  memory: 662  
2025/10/25 20:54:28 - mmengine - INFO - Iter(val) [ 45/237]    eta: 0:00:01  time: 0.0090  data_time: 0.0009  memory: 662  
2025/10/25 20:54:28 - mmengine - INFO - Iter(val) [ 50/237]    eta: 0:00:01  time: 0.0089  data_time: 0.0009  memory: 662  
2025/10/25 20:54:28 - mmengine - INFO - Iter(val) [ 55/237]    eta: 0:00:01  time: 0.0089  data_time: 0.0009  memory: 662  
2025/10/25 20:54:28 - mmengine - INFO - Iter(val) [ 60/237]    eta: 0:00:01  time: 0.0089  data_time: 0.0008  memory: 662  
2025/10/25 20:54:28 - mmengine - INFO - Iter(val) [ 65/237]    eta: 0:00:01  time: 0.0089  data_time: 0.0009  memory: 662  
2025/10/25 20:54:28 - mmengine - INFO - Iter(val) [ 70/237]    eta: 0:00:01  time: 0.0089  data_time: 0.0009  memory: 662  
2025/10/25 20:54:28 - mmengine - INFO - Iter(val) [ 75/237]    eta: 0:00:01  time: 0.0089  data_time: 0.0008  memory: 662  
2025/10/25 20:54:28 - mmengine - INFO - Iter(val) [ 80/237]    eta: 0:00:01  time: 0.0089  data_time: 0.0008  memory: 662  
2025/10/25 20:54:28 - mmengine - INFO - Iter(val) [ 85/237]    eta: 0:00:01  time: 0.0089  data_time: 0.0009  memory: 662  
2025/10/25 20:54:28 - mmengine - INFO - Iter(val) [ 90/237]    eta: 0:00:01  time: 0.0089  data_time: 0.0009  memory: 662  
2025/10/25 20:54:28 - mmengine - INFO - Iter(val) [ 95/237]    eta: 0:00:01  time: 0.0090  data_time: 0.0009  memory: 662  
2025/10/25 20:54:28 - mmengine - INFO - Iter(val) [100/237]    eta: 0:00:01  time: 0.0091  data_time: 0.0010  memory: 662  
2025/10/25 20:54:28 - mmengine - INFO - Iter(val) [105/237]    eta: 0:00:01  time: 0.0091  data_time: 0.0009  memory: 662  
2025/10/25 20:54:28 - mmengine - INFO - Iter(val) [110/237]    eta: 0:00:01  time: 0.0089  data_time: 0.0009  memory: 662  
2025/10/25 20:54:28 - mmengine - INFO - Iter(val) [115/237]    eta: 0:00:01  time: 0.0089  data_time: 0.0008  memory: 662  
2025/10/25 20:54:28 - mmengine - INFO - Iter(val) [120/237]    eta: 0:00:01  time: 0.0090  data_time: 0.0009  memory: 662  
2025/10/25 20:54:29 - mmengine - INFO - Iter(val) [125/237]    eta: 0:00:01  time: 0.0092  data_time: 0.0010  memory: 662  
2025/10/25 20:54:29 - mmengine - INFO - Iter(val) [130/237]    eta: 0:00:00  time: 0.0092  data_time: 0.0009  memory: 662  
2025/10/25 20:54:29 - mmengine - INFO - Iter(val) [135/237]    eta: 0:00:00  time: 0.0090  data_time: 0.0009  memory: 662  
2025/10/25 20:54:29 - mmengine - INFO - Iter(val) [140/237]    eta: 0:00:00  time: 0.0089  data_time: 0.0009  memory: 662  
2025/10/25 20:54:29 - mmengine - INFO - Iter(val) [145/237]    eta: 0:00:00  time: 0.0089  data_time: 0.0008  memory: 662  
2025/10/25 20:54:29 - mmengine - INFO - Iter(val) [150/237]    eta: 0:00:00  time: 0.0089  data_time: 0.0008  memory: 662  
2025/10/25 20:54:29 - mmengine - INFO - Iter(val) [155/237]    eta: 0:00:00  time: 0.0089  data_time: 0.0008  memory: 662  
2025/10/25 20:54:29 - mmengine - INFO - Iter(val) [160/237]    eta: 0:00:00  time: 0.0088  data_time: 0.0008  memory: 662  
2025/10/25 20:54:29 - mmengine - INFO - Iter(val) [165/237]    eta: 0:00:00  time: 0.0088  data_time: 0.0008  memory: 662  
2025/10/25 20:54:29 - mmengine - INFO - Iter(val) [170/237]    eta: 0:00:00  time: 0.0088  data_time: 0.0008  memory: 662  
2025/10/25 20:54:29 - mmengine - INFO - Iter(val) [175/237]    eta: 0:00:00  time: 0.0090  data_time: 0.0009  memory: 662  
2025/10/25 20:54:29 - mmengine - INFO - Iter(val) [180/237]    eta: 0:00:00  time: 0.0090  data_time: 0.0009  memory: 662  
2025/10/25 20:54:29 - mmengine - INFO - Iter(val) [185/237]    eta: 0:00:00  time: 0.0093  data_time: 0.0009  memory: 662  
2025/10/25 20:54:29 - mmengine - INFO - Iter(val) [190/237]    eta: 0:00:00  time: 0.0099  data_time: 0.0010  memory: 662  
2025/10/25 20:54:29 - mmengine - INFO - Iter(val) [195/237]    eta: 0:00:00  time: 0.0095  data_time: 0.0010  memory: 662  
2025/10/25 20:54:29 - mmengine - INFO - Iter(val) [200/237]    eta: 0:00:00  time: 0.0090  data_time: 0.0009  memory: 662  
2025/10/25 20:54:29 - mmengine - INFO - Iter(val) [205/237]    eta: 0:00:00  time: 0.0090  data_time: 0.0010  memory: 662  
2025/10/25 20:54:29 - mmengine - INFO - Iter(val) [210/237]    eta: 0:00:00  time: 0.0090  data_time: 0.0009  memory: 662  
2025/10/25 20:54:29 - mmengine - INFO - Iter(val) [215/237]    eta: 0:00:00  time: 0.0089  data_time: 0.0009  memory: 662  
2025/10/25 20:54:29 - mmengine - INFO - Iter(val) [220/237]    eta: 0:00:00  time: 0.0089  data_time: 0.0009  memory: 662  
2025/10/25 20:54:29 - mmengine - INFO - Iter(val) [225/237]    eta: 0:00:00  time: 0.0089  data_time: 0.0008  memory: 662  
2025/10/25 20:54:29 - mmengine - INFO - Iter(val) [230/237]    eta: 0:00:00  time: 0.0089  data_time: 0.0008  memory: 662  
2025/10/25 20:54:30 - mmengine - INFO - Iter(val) [235/237]    eta: 0:00:00  time: 0.0089  data_time: 0.0009  memory: 662  
2025/10/25 20:54:30 - mmengine - INFO - per class results:
2025/10/25 20:54:30 - mmengine - INFO - 
+------------+-------+-------+
|   Class    |  IoU  |  Acc  |
+------------+-------+-------+
| background |  97.0 | 97.72 |
|   crack    | 55.57 | 83.55 |
+------------+-------+-------+
2025/10/25 20:54:30 - mmengine - INFO - Iter(val) [237/237]    aAcc: 97.1100  mIoU: 76.2800  mAcc: 90.6300  data_time: 0.0009  time: 0.0090
2025/10/25 20:54:31 - mmengine - INFO - Iter(train) [ 905/1000]  lr: 1.2912e-03  eta: 0:00:28  time: 0.2884  data_time: 0.0047  memory: 10177  loss: 0.3244  decode.loss_ce: 0.2102  decode.acc_seg: 94.8852  aux.loss_ce: 0.1142  aux.acc_seg: 95.5479
2025/10/25 20:54:32 - mmengine - INFO - Iter(train) [ 910/1000]  lr: 1.2346e-03  eta: 0:00:27  time: 0.2883  data_time: 0.0047  memory: 10177  loss: 0.3276  decode.loss_ce: 0.2131  decode.acc_seg: 96.1914  aux.loss_ce: 0.1145  aux.acc_seg: 95.3586
2025/10/25 20:54:32 - mmengine - INFO - Saving checkpoint at 910 iterations
2025/10/25 20:54:33 - mmengine - INFO - Iter(val) [  5/237]    eta: 0:00:02  time: 0.0095  data_time: 0.0014  memory: 662  
2025/10/25 20:54:33 - mmengine - INFO - Iter(val) [ 10/237]    eta: 0:00:02  time: 0.0094  data_time: 0.0013  memory: 662  
2025/10/25 20:54:33 - mmengine - INFO - Iter(val) [ 15/237]    eta: 0:00:02  time: 0.0088  data_time: 0.0008  memory: 662  
2025/10/25 20:54:33 - mmengine - INFO - Iter(val) [ 20/237]    eta: 0:00:01  time: 0.0089  data_time: 0.0009  memory: 662  
2025/10/25 20:54:33 - mmengine - INFO - Iter(val) [ 25/237]    eta: 0:00:01  time: 0.0090  data_time: 0.0009  memory: 662  
2025/10/25 20:54:33 - mmengine - INFO - Iter(val) [ 30/237]    eta: 0:00:01  time: 0.0090  data_time: 0.0009  memory: 662  
2025/10/25 20:54:33 - mmengine - INFO - Iter(val) [ 35/237]    eta: 0:00:01  time: 0.0090  data_time: 0.0009  memory: 662  
2025/10/25 20:54:33 - mmengine - INFO - Iter(val) [ 40/237]    eta: 0:00:01  time: 0.0090  data_time: 0.0010  memory: 662  
2025/10/25 20:54:33 - mmengine - INFO - Iter(val) [ 45/237]    eta: 0:00:01  time: 0.0090  data_time: 0.0010  memory: 662  
2025/10/25 20:54:33 - mmengine - INFO - Iter(val) [ 50/237]    eta: 0:00:01  time: 0.0090  data_time: 0.0010  memory: 662  
2025/10/25 20:54:34 - mmengine - INFO - Iter(val) [ 55/237]    eta: 0:00:01  time: 0.0090  data_time: 0.0009  memory: 662  
2025/10/25 20:54:34 - mmengine - INFO - Iter(val) [ 60/237]    eta: 0:00:01  time: 0.0091  data_time: 0.0009  memory: 662  
2025/10/25 20:54:34 - mmengine - INFO - Iter(val) [ 65/237]    eta: 0:00:01  time: 0.0091  data_time: 0.0010  memory: 662  
2025/10/25 20:54:34 - mmengine - INFO - Iter(val) [ 70/237]    eta: 0:00:01  time: 0.0090  data_time: 0.0009  memory: 662  
2025/10/25 20:54:34 - mmengine - INFO - Iter(val) [ 75/237]    eta: 0:00:01  time: 0.0089  data_time: 0.0009  memory: 662  
2025/10/25 20:54:34 - mmengine - INFO - Iter(val) [ 80/237]    eta: 0:00:01  time: 0.0089  data_time: 0.0009  memory: 662  
2025/10/25 20:54:34 - mmengine - INFO - Iter(val) [ 85/237]    eta: 0:00:01  time: 0.0089  data_time: 0.0009  memory: 662  
2025/10/25 20:54:34 - mmengine - INFO - Iter(val) [ 90/237]    eta: 0:00:01  time: 0.0090  data_time: 0.0009  memory: 662  
2025/10/25 20:54:34 - mmengine - INFO - Iter(val) [ 95/237]    eta: 0:00:01  time: 0.0090  data_time: 0.0009  memory: 662  
2025/10/25 20:54:34 - mmengine - INFO - Iter(val) [100/237]    eta: 0:00:01  time: 0.0090  data_time: 0.0009  memory: 662  
2025/10/25 20:54:34 - mmengine - INFO - Iter(val) [105/237]    eta: 0:00:01  time: 0.0090  data_time: 0.0009  memory: 662  
2025/10/25 20:54:34 - mmengine - INFO - Iter(val) [110/237]    eta: 0:00:01  time: 0.0090  data_time: 0.0009  memory: 662  
2025/10/25 20:54:34 - mmengine - INFO - Iter(val) [115/237]    eta: 0:00:01  time: 0.0090  data_time: 0.0009  memory: 662  
2025/10/25 20:54:34 - mmengine - INFO - Iter(val) [120/237]    eta: 0:00:01  time: 0.0089  data_time: 0.0009  memory: 662  
2025/10/25 20:54:34 - mmengine - INFO - Iter(val) [125/237]    eta: 0:00:01  time: 0.0090  data_time: 0.0009  memory: 662  
2025/10/25 20:54:34 - mmengine - INFO - Iter(val) [130/237]    eta: 0:00:00  time: 0.0090  data_time: 0.0009  memory: 662  
2025/10/25 20:54:34 - mmengine - INFO - Iter(val) [135/237]    eta: 0:00:00  time: 0.0090  data_time: 0.0009  memory: 662  
2025/10/25 20:54:34 - mmengine - INFO - Iter(val) [140/237]    eta: 0:00:00  time: 0.0089  data_time: 0.0009  memory: 662  
2025/10/25 20:54:34 - mmengine - INFO - Iter(val) [145/237]    eta: 0:00:00  time: 0.0090  data_time: 0.0009  memory: 662  
2025/10/25 20:54:34 - mmengine - INFO - Iter(val) [150/237]    eta: 0:00:00  time: 0.0090  data_time: 0.0009  memory: 662  
2025/10/25 20:54:34 - mmengine - INFO - Iter(val) [155/237]    eta: 0:00:00  time: 0.0094  data_time: 0.0010  memory: 662  
2025/10/25 20:54:34 - mmengine - INFO - Iter(val) [160/237]    eta: 0:00:00  time: 0.0095  data_time: 0.0010  memory: 662  
2025/10/25 20:54:35 - mmengine - INFO - Iter(val) [165/237]    eta: 0:00:00  time: 0.0091  data_time: 0.0010  memory: 662  
2025/10/25 20:54:35 - mmengine - INFO - Iter(val) [170/237]    eta: 0:00:00  time: 0.0096  data_time: 0.0011  memory: 662  
2025/10/25 20:54:35 - mmengine - INFO - Iter(val) [175/237]    eta: 0:00:00  time: 0.0094  data_time: 0.0010  memory: 662  
2025/10/25 20:54:35 - mmengine - INFO - Iter(val) [180/237]    eta: 0:00:00  time: 0.0089  data_time: 0.0008  memory: 662  
2025/10/25 20:54:35 - mmengine - INFO - Iter(val) [185/237]    eta: 0:00:00  time: 0.0099  data_time: 0.0011  memory: 662  
2025/10/25 20:54:35 - mmengine - INFO - Iter(val) [190/237]    eta: 0:00:00  time: 0.0116  data_time: 0.0014  memory: 662  
2025/10/25 20:54:35 - mmengine - INFO - Iter(val) [195/237]    eta: 0:00:00  time: 0.0108  data_time: 0.0012  memory: 662  
2025/10/25 20:54:35 - mmengine - INFO - Iter(val) [200/237]    eta: 0:00:00  time: 0.0091  data_time: 0.0009  memory: 662  
2025/10/25 20:54:35 - mmengine - INFO - Iter(val) [205/237]    eta: 0:00:00  time: 0.0090  data_time: 0.0009  memory: 662  
2025/10/25 20:54:35 - mmengine - INFO - Iter(val) [210/237]    eta: 0:00:00  time: 0.0090  data_time: 0.0009  memory: 662  
2025/10/25 20:54:35 - mmengine - INFO - Iter(val) [215/237]    eta: 0:00:00  time: 0.0090  data_time: 0.0009  memory: 662  
2025/10/25 20:54:35 - mmengine - INFO - Iter(val) [220/237]    eta: 0:00:00  time: 0.0090  data_time: 0.0009  memory: 662  
2025/10/25 20:54:35 - mmengine - INFO - Iter(val) [225/237]    eta: 0:00:00  time: 0.0090  data_time: 0.0009  memory: 662  
2025/10/25 20:54:35 - mmengine - INFO - Iter(val) [230/237]    eta: 0:00:00  time: 0.0088  data_time: 0.0008  memory: 662  
2025/10/25 20:54:35 - mmengine - INFO - Iter(val) [235/237]    eta: 0:00:00  time: 0.0088  data_time: 0.0008  memory: 662  
2025/10/25 20:54:35 - mmengine - INFO - per class results:
2025/10/25 20:54:35 - mmengine - INFO - 
+------------+-------+-------+
|   Class    |  IoU  |  Acc  |
+------------+-------+-------+
| background | 97.03 | 97.74 |
|   crack    | 55.92 | 83.82 |
+------------+-------+-------+
2025/10/25 20:54:35 - mmengine - INFO - Iter(val) [237/237]    aAcc: 97.1400  mIoU: 76.4800  mAcc: 90.7800  data_time: 0.0010  time: 0.0091
2025/10/25 20:54:37 - mmengine - INFO - Iter(train) [ 915/1000]  lr: 1.1777e-03  eta: 0:00:25  time: 0.2885  data_time: 0.0047  memory: 10177  loss: 0.3213  decode.loss_ce: 0.2100  decode.acc_seg: 95.9481  aux.loss_ce: 0.1113  aux.acc_seg: 96.3440
2025/10/25 20:54:38 - mmengine - INFO - Iter(train) [ 920/1000]  lr: 1.1205e-03  eta: 0:00:24  time: 0.2886  data_time: 0.0048  memory: 10177  loss: 0.2839  decode.loss_ce: 0.1859  decode.acc_seg: 97.2376  aux.loss_ce: 0.0980  aux.acc_seg: 97.1539
2025/10/25 20:54:38 - mmengine - INFO - Saving checkpoint at 920 iterations
2025/10/25 20:54:39 - mmengine - INFO - Iter(val) [  5/237]    eta: 0:00:02  time: 0.0095  data_time: 0.0014  memory: 662  
2025/10/25 20:54:39 - mmengine - INFO - Iter(val) [ 10/237]    eta: 0:00:02  time: 0.0094  data_time: 0.0013  memory: 662  
2025/10/25 20:54:39 - mmengine - INFO - Iter(val) [ 15/237]    eta: 0:00:02  time: 0.0088  data_time: 0.0008  memory: 662  
2025/10/25 20:54:39 - mmengine - INFO - Iter(val) [ 20/237]    eta: 0:00:01  time: 0.0089  data_time: 0.0008  memory: 662  
2025/10/25 20:54:39 - mmengine - INFO - Iter(val) [ 25/237]    eta: 0:00:01  time: 0.0088  data_time: 0.0008  memory: 662  
2025/10/25 20:54:39 - mmengine - INFO - Iter(val) [ 30/237]    eta: 0:00:01  time: 0.0088  data_time: 0.0008  memory: 662  
2025/10/25 20:54:39 - mmengine - INFO - Iter(val) [ 35/237]    eta: 0:00:01  time: 0.0088  data_time: 0.0008  memory: 662  
2025/10/25 20:54:39 - mmengine - INFO - Iter(val) [ 40/237]    eta: 0:00:01  time: 0.0088  data_time: 0.0008  memory: 662  
2025/10/25 20:54:39 - mmengine - INFO - Iter(val) [ 45/237]    eta: 0:00:01  time: 0.0089  data_time: 0.0008  memory: 662  
2025/10/25 20:54:39 - mmengine - INFO - Iter(val) [ 50/237]    eta: 0:00:01  time: 0.0089  data_time: 0.0009  memory: 662  
2025/10/25 20:54:39 - mmengine - INFO - Iter(val) [ 55/237]    eta: 0:00:01  time: 0.0090  data_time: 0.0009  memory: 662  
2025/10/25 20:54:39 - mmengine - INFO - Iter(val) [ 60/237]    eta: 0:00:01  time: 0.0090  data_time: 0.0009  memory: 662  
2025/10/25 20:54:39 - mmengine - INFO - Iter(val) [ 65/237]    eta: 0:00:01  time: 0.0090  data_time: 0.0009  memory: 662  
2025/10/25 20:54:39 - mmengine - INFO - Iter(val) [ 70/237]    eta: 0:00:01  time: 0.0089  data_time: 0.0008  memory: 662  
2025/10/25 20:54:39 - mmengine - INFO - Iter(val) [ 75/237]    eta: 0:00:01  time: 0.0089  data_time: 0.0008  memory: 662  
2025/10/25 20:54:39 - mmengine - INFO - Iter(val) [ 80/237]    eta: 0:00:01  time: 0.0090  data_time: 0.0008  memory: 662  
2025/10/25 20:54:39 - mmengine - INFO - Iter(val) [ 85/237]    eta: 0:00:01  time: 0.0090  data_time: 0.0008  memory: 662  
2025/10/25 20:54:39 - mmengine - INFO - Iter(val) [ 90/237]    eta: 0:00:01  time: 0.0089  data_time: 0.0008  memory: 662  
2025/10/25 20:54:40 - mmengine - INFO - Iter(val) [ 95/237]    eta: 0:00:01  time: 0.0089  data_time: 0.0009  memory: 662  
2025/10/25 20:54:40 - mmengine - INFO - Iter(val) [100/237]    eta: 0:00:01  time: 0.0090  data_time: 0.0009  memory: 662  
2025/10/25 20:54:40 - mmengine - INFO - Iter(val) [105/237]    eta: 0:00:01  time: 0.0090  data_time: 0.0009  memory: 662  
2025/10/25 20:54:40 - mmengine - INFO - Iter(val) [110/237]    eta: 0:00:01  time: 0.0090  data_time: 0.0009  memory: 662  
2025/10/25 20:54:40 - mmengine - INFO - Iter(val) [115/237]    eta: 0:00:01  time: 0.0090  data_time: 0.0009  memory: 662  
2025/10/25 20:54:40 - mmengine - INFO - Iter(val) [120/237]    eta: 0:00:01  time: 0.0090  data_time: 0.0009  memory: 662  
2025/10/25 20:54:40 - mmengine - INFO - Iter(val) [125/237]    eta: 0:00:01  time: 0.0089  data_time: 0.0009  memory: 662  
2025/10/25 20:54:40 - mmengine - INFO - Iter(val) [130/237]    eta: 0:00:00  time: 0.0089  data_time: 0.0009  memory: 662  
2025/10/25 20:54:40 - mmengine - INFO - Iter(val) [135/237]    eta: 0:00:00  time: 0.0092  data_time: 0.0009  memory: 662  
2025/10/25 20:54:40 - mmengine - INFO - Iter(val) [140/237]    eta: 0:00:00  time: 0.0091  data_time: 0.0009  memory: 662  
2025/10/25 20:54:40 - mmengine - INFO - Iter(val) [145/237]    eta: 0:00:00  time: 0.0089  data_time: 0.0008  memory: 662  
2025/10/25 20:54:40 - mmengine - INFO - Iter(val) [150/237]    eta: 0:00:00  time: 0.0089  data_time: 0.0009  memory: 662  
2025/10/25 20:54:40 - mmengine - INFO - Iter(val) [155/237]    eta: 0:00:00  time: 0.0089  data_time: 0.0009  memory: 662  
2025/10/25 20:54:40 - mmengine - INFO - Iter(val) [160/237]    eta: 0:00:00  time: 0.0089  data_time: 0.0009  memory: 662  
2025/10/25 20:54:40 - mmengine - INFO - Iter(val) [165/237]    eta: 0:00:00  time: 0.0093  data_time: 0.0010  memory: 662  
2025/10/25 20:54:40 - mmengine - INFO - Iter(val) [170/237]    eta: 0:00:00  time: 0.0093  data_time: 0.0010  memory: 662  
2025/10/25 20:54:40 - mmengine - INFO - Iter(val) [175/237]    eta: 0:00:00  time: 0.0090  data_time: 0.0009  memory: 662  
2025/10/25 20:54:40 - mmengine - INFO - Iter(val) [180/237]    eta: 0:00:00  time: 0.0091  data_time: 0.0009  memory: 662  
2025/10/25 20:54:40 - mmengine - INFO - Iter(val) [185/237]    eta: 0:00:00  time: 0.0093  data_time: 0.0010  memory: 662  
2025/10/25 20:54:40 - mmengine - INFO - Iter(val) [190/237]    eta: 0:00:00  time: 0.0093  data_time: 0.0009  memory: 662  
2025/10/25 20:54:40 - mmengine - INFO - Iter(val) [195/237]    eta: 0:00:00  time: 0.0090  data_time: 0.0009  memory: 662  
2025/10/25 20:54:40 - mmengine - INFO - Iter(val) [200/237]    eta: 0:00:00  time: 0.0090  data_time: 0.0009  memory: 662  
2025/10/25 20:54:41 - mmengine - INFO - Iter(val) [205/237]    eta: 0:00:00  time: 0.0090  data_time: 0.0009  memory: 662  
2025/10/25 20:54:41 - mmengine - INFO - Iter(val) [210/237]    eta: 0:00:00  time: 0.0093  data_time: 0.0009  memory: 662  
2025/10/25 20:54:41 - mmengine - INFO - Iter(val) [215/237]    eta: 0:00:00  time: 0.0092  data_time: 0.0009  memory: 662  
2025/10/25 20:54:41 - mmengine - INFO - Iter(val) [220/237]    eta: 0:00:00  time: 0.0089  data_time: 0.0008  memory: 662  
2025/10/25 20:54:41 - mmengine - INFO - Iter(val) [225/237]    eta: 0:00:00  time: 0.0089  data_time: 0.0008  memory: 662  
2025/10/25 20:54:41 - mmengine - INFO - Iter(val) [230/237]    eta: 0:00:00  time: 0.0089  data_time: 0.0009  memory: 662  
2025/10/25 20:54:41 - mmengine - INFO - Iter(val) [235/237]    eta: 0:00:00  time: 0.0089  data_time: 0.0009  memory: 662  
2025/10/25 20:54:41 - mmengine - INFO - per class results:
2025/10/25 20:54:41 - mmengine - INFO - 
+------------+-------+-------+
|   Class    |  IoU  |  Acc  |
+------------+-------+-------+
| background | 96.93 | 97.58 |
|   crack    | 55.41 | 85.03 |
+------------+-------+-------+
2025/10/25 20:54:41 - mmengine - INFO - Iter(val) [237/237]    aAcc: 97.0400  mIoU: 76.1700  mAcc: 91.3100  data_time: 0.0009  time: 0.0090
2025/10/25 20:54:42 - mmengine - INFO - Iter(train) [ 925/1000]  lr: 1.0629e-03  eta: 0:00:22  time: 0.2882  data_time: 0.0046  memory: 10177  loss: 0.3024  decode.loss_ce: 0.1970  decode.acc_seg: 94.3322  aux.loss_ce: 0.1054  aux.acc_seg: 94.4336
2025/10/25 20:54:44 - mmengine - INFO - Iter(train) [ 930/1000]  lr: 1.0049e-03  eta: 0:00:21  time: 0.2885  data_time: 0.0048  memory: 10177  loss: 0.3256  decode.loss_ce: 0.2139  decode.acc_seg: 96.9037  aux.loss_ce: 0.1116  aux.acc_seg: 97.0060
2025/10/25 20:54:44 - mmengine - INFO - Saving checkpoint at 930 iterations
2025/10/25 20:54:44 - mmengine - INFO - Iter(val) [  5/237]    eta: 0:00:02  time: 0.0095  data_time: 0.0015  memory: 662  
2025/10/25 20:54:44 - mmengine - INFO - Iter(val) [ 10/237]    eta: 0:00:02  time: 0.0095  data_time: 0.0014  memory: 662  
2025/10/25 20:54:44 - mmengine - INFO - Iter(val) [ 15/237]    eta: 0:00:02  time: 0.0091  data_time: 0.0008  memory: 662  
2025/10/25 20:54:44 - mmengine - INFO - Iter(val) [ 20/237]    eta: 0:00:02  time: 0.0092  data_time: 0.0009  memory: 662  
2025/10/25 20:54:44 - mmengine - INFO - Iter(val) [ 25/237]    eta: 0:00:01  time: 0.0091  data_time: 0.0010  memory: 662  
2025/10/25 20:54:45 - mmengine - INFO - Iter(val) [ 30/237]    eta: 0:00:01  time: 0.0097  data_time: 0.0011  memory: 662  
2025/10/25 20:54:45 - mmengine - INFO - Iter(val) [ 35/237]    eta: 0:00:01  time: 0.0098  data_time: 0.0011  memory: 662  
2025/10/25 20:54:45 - mmengine - INFO - Iter(val) [ 40/237]    eta: 0:00:01  time: 0.0093  data_time: 0.0010  memory: 662  
2025/10/25 20:54:45 - mmengine - INFO - Iter(val) [ 45/237]    eta: 0:00:01  time: 0.0092  data_time: 0.0009  memory: 662  
2025/10/25 20:54:45 - mmengine - INFO - Iter(val) [ 50/237]    eta: 0:00:01  time: 0.0090  data_time: 0.0009  memory: 662  
2025/10/25 20:54:45 - mmengine - INFO - Iter(val) [ 55/237]    eta: 0:00:01  time: 0.0090  data_time: 0.0009  memory: 662  
2025/10/25 20:54:45 - mmengine - INFO - Iter(val) [ 60/237]    eta: 0:00:01  time: 0.0091  data_time: 0.0009  memory: 662  
2025/10/25 20:54:45 - mmengine - INFO - Iter(val) [ 65/237]    eta: 0:00:01  time: 0.0093  data_time: 0.0010  memory: 662  
2025/10/25 20:54:45 - mmengine - INFO - Iter(val) [ 70/237]    eta: 0:00:01  time: 0.0093  data_time: 0.0010  memory: 662  
2025/10/25 20:54:45 - mmengine - INFO - Iter(val) [ 75/237]    eta: 0:00:01  time: 0.0090  data_time: 0.0009  memory: 662  
2025/10/25 20:54:45 - mmengine - INFO - Iter(val) [ 80/237]    eta: 0:00:01  time: 0.0089  data_time: 0.0009  memory: 662  
2025/10/25 20:54:45 - mmengine - INFO - Iter(val) [ 85/237]    eta: 0:00:01  time: 0.0092  data_time: 0.0009  memory: 662  
2025/10/25 20:54:45 - mmengine - INFO - Iter(val) [ 90/237]    eta: 0:00:01  time: 0.0092  data_time: 0.0009  memory: 662  
2025/10/25 20:54:45 - mmengine - INFO - Iter(val) [ 95/237]    eta: 0:00:01  time: 0.0092  data_time: 0.0009  memory: 662  
2025/10/25 20:54:45 - mmengine - INFO - Iter(val) [100/237]    eta: 0:00:01  time: 0.0093  data_time: 0.0009  memory: 662  
2025/10/25 20:54:45 - mmengine - INFO - Iter(val) [105/237]    eta: 0:00:01  time: 0.0090  data_time: 0.0009  memory: 662  
2025/10/25 20:54:45 - mmengine - INFO - Iter(val) [110/237]    eta: 0:00:01  time: 0.0089  data_time: 0.0009  memory: 662  
2025/10/25 20:54:45 - mmengine - INFO - Iter(val) [115/237]    eta: 0:00:01  time: 0.0089  data_time: 0.0009  memory: 662  
2025/10/25 20:54:45 - mmengine - INFO - Iter(val) [120/237]    eta: 0:00:01  time: 0.0089  data_time: 0.0009  memory: 662  
2025/10/25 20:54:45 - mmengine - INFO - Iter(val) [125/237]    eta: 0:00:01  time: 0.0089  data_time: 0.0008  memory: 662  
2025/10/25 20:54:45 - mmengine - INFO - Iter(val) [130/237]    eta: 0:00:00  time: 0.0089  data_time: 0.0009  memory: 662  
2025/10/25 20:54:45 - mmengine - INFO - Iter(val) [135/237]    eta: 0:00:00  time: 0.0089  data_time: 0.0009  memory: 662  
2025/10/25 20:54:46 - mmengine - INFO - Iter(val) [140/237]    eta: 0:00:00  time: 0.0090  data_time: 0.0009  memory: 662  
2025/10/25 20:54:46 - mmengine - INFO - Iter(val) [145/237]    eta: 0:00:00  time: 0.0090  data_time: 0.0009  memory: 662  
2025/10/25 20:54:46 - mmengine - INFO - Iter(val) [150/237]    eta: 0:00:00  time: 0.0091  data_time: 0.0010  memory: 662  
2025/10/25 20:54:46 - mmengine - INFO - Iter(val) [155/237]    eta: 0:00:00  time: 0.0090  data_time: 0.0009  memory: 662  
2025/10/25 20:54:46 - mmengine - INFO - Iter(val) [160/237]    eta: 0:00:00  time: 0.0089  data_time: 0.0009  memory: 662  
2025/10/25 20:54:46 - mmengine - INFO - Iter(val) [165/237]    eta: 0:00:00  time: 0.0089  data_time: 0.0009  memory: 662  
2025/10/25 20:54:46 - mmengine - INFO - Iter(val) [170/237]    eta: 0:00:00  time: 0.0090  data_time: 0.0009  memory: 662  
2025/10/25 20:54:46 - mmengine - INFO - Iter(val) [175/237]    eta: 0:00:00  time: 0.0090  data_time: 0.0009  memory: 662  
2025/10/25 20:54:46 - mmengine - INFO - Iter(val) [180/237]    eta: 0:00:00  time: 0.0089  data_time: 0.0009  memory: 662  
2025/10/25 20:54:46 - mmengine - INFO - Iter(val) [185/237]    eta: 0:00:00  time: 0.0089  data_time: 0.0009  memory: 662  
2025/10/25 20:54:46 - mmengine - INFO - Iter(val) [190/237]    eta: 0:00:00  time: 0.0089  data_time: 0.0009  memory: 662  
2025/10/25 20:54:46 - mmengine - INFO - Iter(val) [195/237]    eta: 0:00:00  time: 0.0089  data_time: 0.0008  memory: 662  
2025/10/25 20:54:46 - mmengine - INFO - Iter(val) [200/237]    eta: 0:00:00  time: 0.0090  data_time: 0.0009  memory: 662  
2025/10/25 20:54:46 - mmengine - INFO - Iter(val) [205/237]    eta: 0:00:00  time: 0.0093  data_time: 0.0010  memory: 662  
2025/10/25 20:54:46 - mmengine - INFO - Iter(val) [210/237]    eta: 0:00:00  time: 0.0096  data_time: 0.0010  memory: 662  
2025/10/25 20:54:46 - mmengine - INFO - Iter(val) [215/237]    eta: 0:00:00  time: 0.0094  data_time: 0.0010  memory: 662  
2025/10/25 20:54:46 - mmengine - INFO - Iter(val) [220/237]    eta: 0:00:00  time: 0.0094  data_time: 0.0010  memory: 662  
2025/10/25 20:54:46 - mmengine - INFO - Iter(val) [225/237]    eta: 0:00:00  time: 0.0100  data_time: 0.0011  memory: 662  
2025/10/25 20:54:46 - mmengine - INFO - Iter(val) [230/237]    eta: 0:00:00  time: 0.0109  data_time: 0.0013  memory: 662  
2025/10/25 20:54:46 - mmengine - INFO - Iter(val) [235/237]    eta: 0:00:00  time: 0.0103  data_time: 0.0012  memory: 662  
2025/10/25 20:54:46 - mmengine - INFO - per class results:
2025/10/25 20:54:46 - mmengine - INFO - 
+------------+-------+-------+
|   Class    |  IoU  |  Acc  |
+------------+-------+-------+
| background | 96.93 | 97.54 |
|   crack    | 55.78 | 86.13 |
+------------+-------+-------+
2025/10/25 20:54:46 - mmengine - INFO - Iter(val) [237/237]    aAcc: 97.0500  mIoU: 76.3600  mAcc: 91.8400  data_time: 0.0010  time: 0.0092
2025/10/25 20:54:48 - mmengine - INFO - Iter(train) [ 935/1000]  lr: 9.4654e-04  eta: 0:00:19  time: 0.2890  data_time: 0.0052  memory: 10177  loss: 0.3338  decode.loss_ce: 0.2205  decode.acc_seg: 92.9629  aux.loss_ce: 0.1133  aux.acc_seg: 94.0670
2025/10/25 20:54:49 - mmengine - INFO - Iter(train) [ 940/1000]  lr: 8.8770e-04  eta: 0:00:18  time: 0.2891  data_time: 0.0051  memory: 10177  loss: 0.3660  decode.loss_ce: 0.2384  decode.acc_seg: 94.1721  aux.loss_ce: 0.1276  aux.acc_seg: 94.2959
2025/10/25 20:54:49 - mmengine - INFO - Saving checkpoint at 940 iterations
2025/10/25 20:54:50 - mmengine - INFO - Iter(val) [  5/237]    eta: 0:00:02  time: 0.0095  data_time: 0.0013  memory: 662  
2025/10/25 20:54:50 - mmengine - INFO - Iter(val) [ 10/237]    eta: 0:00:02  time: 0.0093  data_time: 0.0013  memory: 662  
2025/10/25 20:54:50 - mmengine - INFO - Iter(val) [ 15/237]    eta: 0:00:02  time: 0.0088  data_time: 0.0008  memory: 662  
2025/10/25 20:54:50 - mmengine - INFO - Iter(val) [ 20/237]    eta: 0:00:01  time: 0.0088  data_time: 0.0008  memory: 662  
2025/10/25 20:54:50 - mmengine - INFO - Iter(val) [ 25/237]    eta: 0:00:01  time: 0.0088  data_time: 0.0008  memory: 662  
2025/10/25 20:54:50 - mmengine - INFO - Iter(val) [ 30/237]    eta: 0:00:01  time: 0.0088  data_time: 0.0008  memory: 662  
2025/10/25 20:54:50 - mmengine - INFO - Iter(val) [ 35/237]    eta: 0:00:01  time: 0.0088  data_time: 0.0008  memory: 662  
2025/10/25 20:54:50 - mmengine - INFO - Iter(val) [ 40/237]    eta: 0:00:01  time: 0.0087  data_time: 0.0008  memory: 662  
2025/10/25 20:54:50 - mmengine - INFO - Iter(val) [ 45/237]    eta: 0:00:01  time: 0.0087  data_time: 0.0007  memory: 662  
2025/10/25 20:54:50 - mmengine - INFO - Iter(val) [ 50/237]    eta: 0:00:01  time: 0.0087  data_time: 0.0008  memory: 662  
2025/10/25 20:54:50 - mmengine - INFO - Iter(val) [ 55/237]    eta: 0:00:01  time: 0.0088  data_time: 0.0008  memory: 662  
2025/10/25 20:54:50 - mmengine - INFO - Iter(val) [ 60/237]    eta: 0:00:01  time: 0.0092  data_time: 0.0009  memory: 662  
2025/10/25 20:54:51 - mmengine - INFO - Iter(val) [ 65/237]    eta: 0:00:01  time: 0.0095  data_time: 0.0011  memory: 662  
2025/10/25 20:54:51 - mmengine - INFO - Iter(val) [ 70/237]    eta: 0:00:01  time: 0.0092  data_time: 0.0010  memory: 662  
2025/10/25 20:54:51 - mmengine - INFO - Iter(val) [ 75/237]    eta: 0:00:01  time: 0.0089  data_time: 0.0009  memory: 662  
2025/10/25 20:54:51 - mmengine - INFO - Iter(val) [ 80/237]    eta: 0:00:01  time: 0.0088  data_time: 0.0008  memory: 662  
2025/10/25 20:54:51 - mmengine - INFO - Iter(val) [ 85/237]    eta: 0:00:01  time: 0.0088  data_time: 0.0008  memory: 662  
2025/10/25 20:54:51 - mmengine - INFO - Iter(val) [ 90/237]    eta: 0:00:01  time: 0.0088  data_time: 0.0008  memory: 662  
2025/10/25 20:54:51 - mmengine - INFO - Iter(val) [ 95/237]    eta: 0:00:01  time: 0.0091  data_time: 0.0008  memory: 662  
2025/10/25 20:54:51 - mmengine - INFO - Iter(val) [100/237]    eta: 0:00:01  time: 0.0092  data_time: 0.0009  memory: 662  
2025/10/25 20:54:51 - mmengine - INFO - Iter(val) [105/237]    eta: 0:00:01  time: 0.0089  data_time: 0.0009  memory: 662  
2025/10/25 20:54:51 - mmengine - INFO - Iter(val) [110/237]    eta: 0:00:01  time: 0.0089  data_time: 0.0008  memory: 662  
2025/10/25 20:54:51 - mmengine - INFO - Iter(val) [115/237]    eta: 0:00:01  time: 0.0089  data_time: 0.0009  memory: 662  
2025/10/25 20:54:51 - mmengine - INFO - Iter(val) [120/237]    eta: 0:00:01  time: 0.0090  data_time: 0.0009  memory: 662  
2025/10/25 20:54:51 - mmengine - INFO - Iter(val) [125/237]    eta: 0:00:01  time: 0.0089  data_time: 0.0009  memory: 662  
2025/10/25 20:54:51 - mmengine - INFO - Iter(val) [130/237]    eta: 0:00:00  time: 0.0088  data_time: 0.0008  memory: 662  
2025/10/25 20:54:51 - mmengine - INFO - Iter(val) [135/237]    eta: 0:00:00  time: 0.0089  data_time: 0.0008  memory: 662  
2025/10/25 20:54:51 - mmengine - INFO - Iter(val) [140/237]    eta: 0:00:00  time: 0.0088  data_time: 0.0008  memory: 662  
2025/10/25 20:54:51 - mmengine - INFO - Iter(val) [145/237]    eta: 0:00:00  time: 0.0087  data_time: 0.0008  memory: 662  
2025/10/25 20:54:51 - mmengine - INFO - Iter(val) [150/237]    eta: 0:00:00  time: 0.0087  data_time: 0.0008  memory: 662  
2025/10/25 20:54:51 - mmengine - INFO - Iter(val) [155/237]    eta: 0:00:00  time: 0.0088  data_time: 0.0008  memory: 662  
2025/10/25 20:54:51 - mmengine - INFO - Iter(val) [160/237]    eta: 0:00:00  time: 0.0087  data_time: 0.0008  memory: 662  
2025/10/25 20:54:51 - mmengine - INFO - Iter(val) [165/237]    eta: 0:00:00  time: 0.0087  data_time: 0.0008  memory: 662  
2025/10/25 20:54:51 - mmengine - INFO - Iter(val) [170/237]    eta: 0:00:00  time: 0.0088  data_time: 0.0008  memory: 662  
2025/10/25 20:54:51 - mmengine - INFO - Iter(val) [175/237]    eta: 0:00:00  time: 0.0089  data_time: 0.0009  memory: 662  
2025/10/25 20:54:52 - mmengine - INFO - Iter(val) [180/237]    eta: 0:00:00  time: 0.0102  data_time: 0.0011  memory: 662  
2025/10/25 20:54:52 - mmengine - INFO - Iter(val) [185/237]    eta: 0:00:00  time: 0.0105  data_time: 0.0011  memory: 662  
2025/10/25 20:54:52 - mmengine - INFO - Iter(val) [190/237]    eta: 0:00:00  time: 0.0092  data_time: 0.0009  memory: 662  
2025/10/25 20:54:52 - mmengine - INFO - Iter(val) [195/237]    eta: 0:00:00  time: 0.0089  data_time: 0.0009  memory: 662  
2025/10/25 20:54:52 - mmengine - INFO - Iter(val) [200/237]    eta: 0:00:00  time: 0.0089  data_time: 0.0009  memory: 662  
2025/10/25 20:54:52 - mmengine - INFO - Iter(val) [205/237]    eta: 0:00:00  time: 0.0089  data_time: 0.0009  memory: 662  
2025/10/25 20:54:52 - mmengine - INFO - Iter(val) [210/237]    eta: 0:00:00  time: 0.0090  data_time: 0.0009  memory: 662  
2025/10/25 20:54:52 - mmengine - INFO - Iter(val) [215/237]    eta: 0:00:00  time: 0.0089  data_time: 0.0009  memory: 662  
2025/10/25 20:54:52 - mmengine - INFO - Iter(val) [220/237]    eta: 0:00:00  time: 0.0089  data_time: 0.0009  memory: 662  
2025/10/25 20:54:52 - mmengine - INFO - Iter(val) [225/237]    eta: 0:00:00  time: 0.0089  data_time: 0.0009  memory: 662  
2025/10/25 20:54:52 - mmengine - INFO - Iter(val) [230/237]    eta: 0:00:00  time: 0.0089  data_time: 0.0009  memory: 662  
2025/10/25 20:54:52 - mmengine - INFO - Iter(val) [235/237]    eta: 0:00:00  time: 0.0088  data_time: 0.0008  memory: 662  
2025/10/25 20:54:52 - mmengine - INFO - per class results:
2025/10/25 20:54:52 - mmengine - INFO - 
+------------+-------+-------+
|   Class    |  IoU  |  Acc  |
+------------+-------+-------+
| background | 97.18 | 97.85 |
|   crack    | 57.47 | 84.84 |
+------------+-------+-------+
2025/10/25 20:54:52 - mmengine - INFO - Iter(val) [237/237]    aAcc: 97.2800  mIoU: 77.3200  mAcc: 91.3400  data_time: 0.0009  time: 0.0090
2025/10/25 20:54:54 - mmengine - INFO - Iter(train) [ 945/1000]  lr: 8.2837e-04  eta: 0:00:16  time: 0.2888  data_time: 0.0048  memory: 10177  loss: 0.3520  decode.loss_ce: 0.2293  decode.acc_seg: 96.3750  aux.loss_ce: 0.1227  aux.acc_seg: 96.3650
2025/10/25 20:54:55 - mmengine - INFO - Iter(train) [ 950/1000]  lr: 7.6850e-04  eta: 0:00:15  time: 0.2882  data_time: 0.0046  memory: 10177  loss: 0.3253  decode.loss_ce: 0.2118  decode.acc_seg: 95.2258  aux.loss_ce: 0.1135  aux.acc_seg: 95.1006
2025/10/25 20:54:55 - mmengine - INFO - Saving checkpoint at 950 iterations
2025/10/25 20:54:56 - mmengine - INFO - Iter(val) [  5/237]    eta: 0:00:02  time: 0.0099  data_time: 0.0015  memory: 662  
2025/10/25 20:54:56 - mmengine - INFO - Iter(val) [ 10/237]    eta: 0:00:02  time: 0.0100  data_time: 0.0015  memory: 662  
2025/10/25 20:54:56 - mmengine - INFO - Iter(val) [ 15/237]    eta: 0:00:02  time: 0.0089  data_time: 0.0008  memory: 662  
2025/10/25 20:54:56 - mmengine - INFO - Iter(val) [ 20/237]    eta: 0:00:02  time: 0.0089  data_time: 0.0009  memory: 662  
2025/10/25 20:54:56 - mmengine - INFO - Iter(val) [ 25/237]    eta: 0:00:01  time: 0.0089  data_time: 0.0009  memory: 662  
2025/10/25 20:54:56 - mmengine - INFO - Iter(val) [ 30/237]    eta: 0:00:01  time: 0.0089  data_time: 0.0008  memory: 662  
2025/10/25 20:54:56 - mmengine - INFO - Iter(val) [ 35/237]    eta: 0:00:01  time: 0.0089  data_time: 0.0008  memory: 662  
2025/10/25 20:54:56 - mmengine - INFO - Iter(val) [ 40/237]    eta: 0:00:01  time: 0.0089  data_time: 0.0008  memory: 662  
2025/10/25 20:54:56 - mmengine - INFO - Iter(val) [ 45/237]    eta: 0:00:01  time: 0.0089  data_time: 0.0008  memory: 662  
2025/10/25 20:54:56 - mmengine - INFO - Iter(val) [ 50/237]    eta: 0:00:01  time: 0.0092  data_time: 0.0008  memory: 662  
2025/10/25 20:54:56 - mmengine - INFO - Iter(val) [ 55/237]    eta: 0:00:01  time: 0.0099  data_time: 0.0010  memory: 662  
2025/10/25 20:54:56 - mmengine - INFO - Iter(val) [ 60/237]    eta: 0:00:01  time: 0.0098  data_time: 0.0011  memory: 662  
2025/10/25 20:54:56 - mmengine - INFO - Iter(val) [ 65/237]    eta: 0:00:01  time: 0.0092  data_time: 0.0009  memory: 662  
2025/10/25 20:54:56 - mmengine - INFO - Iter(val) [ 70/237]    eta: 0:00:01  time: 0.0091  data_time: 0.0009  memory: 662  
2025/10/25 20:54:56 - mmengine - INFO - Iter(val) [ 75/237]    eta: 0:00:01  time: 0.0090  data_time: 0.0008  memory: 662  
2025/10/25 20:54:56 - mmengine - INFO - Iter(val) [ 80/237]    eta: 0:00:01  time: 0.0092  data_time: 0.0009  memory: 662  
2025/10/25 20:54:56 - mmengine - INFO - Iter(val) [ 85/237]    eta: 0:00:01  time: 0.0092  data_time: 0.0009  memory: 662  
2025/10/25 20:54:56 - mmengine - INFO - Iter(val) [ 90/237]    eta: 0:00:01  time: 0.0089  data_time: 0.0009  memory: 662  
2025/10/25 20:54:56 - mmengine - INFO - Iter(val) [ 95/237]    eta: 0:00:01  time: 0.0089  data_time: 0.0008  memory: 662  
2025/10/25 20:54:56 - mmengine - INFO - Iter(val) [100/237]    eta: 0:00:01  time: 0.0090  data_time: 0.0009  memory: 662  
2025/10/25 20:54:56 - mmengine - INFO - Iter(val) [105/237]    eta: 0:00:01  time: 0.0093  data_time: 0.0010  memory: 662  
2025/10/25 20:54:57 - mmengine - INFO - Iter(val) [110/237]    eta: 0:00:01  time: 0.0100  data_time: 0.0010  memory: 662  
2025/10/25 20:54:57 - mmengine - INFO - Iter(val) [115/237]    eta: 0:00:01  time: 0.0098  data_time: 0.0011  memory: 662  
2025/10/25 20:54:57 - mmengine - INFO - Iter(val) [120/237]    eta: 0:00:01  time: 0.0091  data_time: 0.0009  memory: 662  
2025/10/25 20:54:57 - mmengine - INFO - Iter(val) [125/237]    eta: 0:00:01  time: 0.0090  data_time: 0.0009  memory: 662  
2025/10/25 20:54:57 - mmengine - INFO - Iter(val) [130/237]    eta: 0:00:00  time: 0.0091  data_time: 0.0010  memory: 662  
2025/10/25 20:54:57 - mmengine - INFO - Iter(val) [135/237]    eta: 0:00:00  time: 0.0090  data_time: 0.0009  memory: 662  
2025/10/25 20:54:57 - mmengine - INFO - Iter(val) [140/237]    eta: 0:00:00  time: 0.0091  data_time: 0.0010  memory: 662  
2025/10/25 20:54:57 - mmengine - INFO - Iter(val) [145/237]    eta: 0:00:00  time: 0.0090  data_time: 0.0009  memory: 662  
2025/10/25 20:54:57 - mmengine - INFO - Iter(val) [150/237]    eta: 0:00:00  time: 0.0090  data_time: 0.0009  memory: 662  
2025/10/25 20:54:57 - mmengine - INFO - Iter(val) [155/237]    eta: 0:00:00  time: 0.0090  data_time: 0.0009  memory: 662  
2025/10/25 20:54:57 - mmengine - INFO - Iter(val) [160/237]    eta: 0:00:00  time: 0.0090  data_time: 0.0009  memory: 662  
2025/10/25 20:54:57 - mmengine - INFO - Iter(val) [165/237]    eta: 0:00:00  time: 0.0090  data_time: 0.0009  memory: 662  
2025/10/25 20:54:57 - mmengine - INFO - Iter(val) [170/237]    eta: 0:00:00  time: 0.0090  data_time: 0.0009  memory: 662  
2025/10/25 20:54:57 - mmengine - INFO - Iter(val) [175/237]    eta: 0:00:00  time: 0.0090  data_time: 0.0009  memory: 662  
2025/10/25 20:54:57 - mmengine - INFO - Iter(val) [180/237]    eta: 0:00:00  time: 0.0090  data_time: 0.0009  memory: 662  
2025/10/25 20:54:57 - mmengine - INFO - Iter(val) [185/237]    eta: 0:00:00  time: 0.0090  data_time: 0.0009  memory: 662  
2025/10/25 20:54:57 - mmengine - INFO - Iter(val) [190/237]    eta: 0:00:00  time: 0.0089  data_time: 0.0009  memory: 662  
2025/10/25 20:54:57 - mmengine - INFO - Iter(val) [195/237]    eta: 0:00:00  time: 0.0088  data_time: 0.0008  memory: 662  
2025/10/25 20:54:57 - mmengine - INFO - Iter(val) [200/237]    eta: 0:00:00  time: 0.0089  data_time: 0.0008  memory: 662  
2025/10/25 20:54:57 - mmengine - INFO - Iter(val) [205/237]    eta: 0:00:00  time: 0.0089  data_time: 0.0009  memory: 662  
2025/10/25 20:54:57 - mmengine - INFO - Iter(val) [210/237]    eta: 0:00:00  time: 0.0089  data_time: 0.0009  memory: 662  
2025/10/25 20:54:57 - mmengine - INFO - Iter(val) [215/237]    eta: 0:00:00  time: 0.0089  data_time: 0.0008  memory: 662  
2025/10/25 20:54:58 - mmengine - INFO - Iter(val) [220/237]    eta: 0:00:00  time: 0.0089  data_time: 0.0008  memory: 662  
2025/10/25 20:54:58 - mmengine - INFO - Iter(val) [225/237]    eta: 0:00:00  time: 0.0090  data_time: 0.0009  memory: 662  
2025/10/25 20:54:58 - mmengine - INFO - Iter(val) [230/237]    eta: 0:00:00  time: 0.0093  data_time: 0.0009  memory: 662  
2025/10/25 20:54:58 - mmengine - INFO - Iter(val) [235/237]    eta: 0:00:00  time: 0.0092  data_time: 0.0009  memory: 662  
2025/10/25 20:54:58 - mmengine - INFO - per class results:
2025/10/25 20:54:58 - mmengine - INFO - 
+------------+-------+-------+
|   Class    |  IoU  |  Acc  |
+------------+-------+-------+
| background | 97.17 | 97.89 |
|   crack    | 57.01 | 83.67 |
+------------+-------+-------+
2025/10/25 20:54:58 - mmengine - INFO - Iter(val) [237/237]    aAcc: 97.2700  mIoU: 77.0900  mAcc: 90.7800  data_time: 0.0009  time: 0.0091
2025/10/25 20:54:59 - mmengine - INFO - Iter(train) [ 955/1000]  lr: 7.0802e-04  eta: 0:00:13  time: 0.2882  data_time: 0.0047  memory: 10177  loss: 0.3202  decode.loss_ce: 0.2100  decode.acc_seg: 95.1886  aux.loss_ce: 0.1101  aux.acc_seg: 94.4351
2025/10/25 20:55:01 - mmengine - INFO - Iter(train) [ 960/1000]  lr: 6.4687e-04  eta: 0:00:12  time: 0.2884  data_time: 0.0047  memory: 10177  loss: 0.3175  decode.loss_ce: 0.2092  decode.acc_seg: 93.9092  aux.loss_ce: 0.1083  aux.acc_seg: 94.6485
2025/10/25 20:55:01 - mmengine - INFO - Saving checkpoint at 960 iterations
2025/10/25 20:55:01 - mmengine - INFO - Iter(val) [  5/237]    eta: 0:00:02  time: 0.0093  data_time: 0.0012  memory: 662  
2025/10/25 20:55:01 - mmengine - INFO - Iter(val) [ 10/237]    eta: 0:00:02  time: 0.0093  data_time: 0.0012  memory: 662  
2025/10/25 20:55:01 - mmengine - INFO - Iter(val) [ 15/237]    eta: 0:00:02  time: 0.0088  data_time: 0.0008  memory: 662  
2025/10/25 20:55:01 - mmengine - INFO - Iter(val) [ 20/237]    eta: 0:00:01  time: 0.0089  data_time: 0.0009  memory: 662  
2025/10/25 20:55:01 - mmengine - INFO - Iter(val) [ 25/237]    eta: 0:00:01  time: 0.0089  data_time: 0.0009  memory: 662  
2025/10/25 20:55:01 - mmengine - INFO - Iter(val) [ 30/237]    eta: 0:00:01  time: 0.0090  data_time: 0.0009  memory: 662  
2025/10/25 20:55:01 - mmengine - INFO - Iter(val) [ 35/237]    eta: 0:00:01  time: 0.0090  data_time: 0.0009  memory: 662  
2025/10/25 20:55:01 - mmengine - INFO - Iter(val) [ 40/237]    eta: 0:00:01  time: 0.0090  data_time: 0.0009  memory: 662  
2025/10/25 20:55:02 - mmengine - INFO - Iter(val) [ 45/237]    eta: 0:00:01  time: 0.0090  data_time: 0.0009  memory: 662  
2025/10/25 20:55:02 - mmengine - INFO - Iter(val) [ 50/237]    eta: 0:00:01  time: 0.0090  data_time: 0.0010  memory: 662  
2025/10/25 20:55:02 - mmengine - INFO - Iter(val) [ 55/237]    eta: 0:00:01  time: 0.0089  data_time: 0.0009  memory: 662  
2025/10/25 20:55:02 - mmengine - INFO - Iter(val) [ 60/237]    eta: 0:00:01  time: 0.0089  data_time: 0.0009  memory: 662  
2025/10/25 20:55:02 - mmengine - INFO - Iter(val) [ 65/237]    eta: 0:00:01  time: 0.0088  data_time: 0.0008  memory: 662  
2025/10/25 20:55:02 - mmengine - INFO - Iter(val) [ 70/237]    eta: 0:00:01  time: 0.0089  data_time: 0.0009  memory: 662  
2025/10/25 20:55:02 - mmengine - INFO - Iter(val) [ 75/237]    eta: 0:00:01  time: 0.0089  data_time: 0.0009  memory: 662  
2025/10/25 20:55:02 - mmengine - INFO - Iter(val) [ 80/237]    eta: 0:00:01  time: 0.0089  data_time: 0.0008  memory: 662  
2025/10/25 20:55:02 - mmengine - INFO - Iter(val) [ 85/237]    eta: 0:00:01  time: 0.0089  data_time: 0.0008  memory: 662  
2025/10/25 20:55:02 - mmengine - INFO - Iter(val) [ 90/237]    eta: 0:00:01  time: 0.0089  data_time: 0.0009  memory: 662  
2025/10/25 20:55:02 - mmengine - INFO - Iter(val) [ 95/237]    eta: 0:00:01  time: 0.0089  data_time: 0.0009  memory: 662  
2025/10/25 20:55:02 - mmengine - INFO - Iter(val) [100/237]    eta: 0:00:01  time: 0.0089  data_time: 0.0009  memory: 662  
2025/10/25 20:55:02 - mmengine - INFO - Iter(val) [105/237]    eta: 0:00:01  time: 0.0089  data_time: 0.0009  memory: 662  
2025/10/25 20:55:02 - mmengine - INFO - Iter(val) [110/237]    eta: 0:00:01  time: 0.0089  data_time: 0.0008  memory: 662  
2025/10/25 20:55:02 - mmengine - INFO - Iter(val) [115/237]    eta: 0:00:01  time: 0.0089  data_time: 0.0008  memory: 662  
2025/10/25 20:55:02 - mmengine - INFO - Iter(val) [120/237]    eta: 0:00:01  time: 0.0089  data_time: 0.0008  memory: 662  
2025/10/25 20:55:02 - mmengine - INFO - Iter(val) [125/237]    eta: 0:00:01  time: 0.0089  data_time: 0.0009  memory: 662  
2025/10/25 20:55:02 - mmengine - INFO - Iter(val) [130/237]    eta: 0:00:00  time: 0.0089  data_time: 0.0009  memory: 662  
2025/10/25 20:55:02 - mmengine - INFO - Iter(val) [135/237]    eta: 0:00:00  time: 0.0089  data_time: 0.0009  memory: 662  
2025/10/25 20:55:02 - mmengine - INFO - Iter(val) [140/237]    eta: 0:00:00  time: 0.0089  data_time: 0.0009  memory: 662  
2025/10/25 20:55:02 - mmengine - INFO - Iter(val) [145/237]    eta: 0:00:00  time: 0.0089  data_time: 0.0009  memory: 662  
2025/10/25 20:55:02 - mmengine - INFO - Iter(val) [150/237]    eta: 0:00:00  time: 0.0090  data_time: 0.0009  memory: 662  
2025/10/25 20:55:02 - mmengine - INFO - Iter(val) [155/237]    eta: 0:00:00  time: 0.0093  data_time: 0.0010  memory: 662  
2025/10/25 20:55:03 - mmengine - INFO - Iter(val) [160/237]    eta: 0:00:00  time: 0.0093  data_time: 0.0009  memory: 662  
2025/10/25 20:55:03 - mmengine - INFO - Iter(val) [165/237]    eta: 0:00:00  time: 0.0093  data_time: 0.0009  memory: 662  
2025/10/25 20:55:03 - mmengine - INFO - Iter(val) [170/237]    eta: 0:00:00  time: 0.0092  data_time: 0.0009  memory: 662  
2025/10/25 20:55:03 - mmengine - INFO - Iter(val) [175/237]    eta: 0:00:00  time: 0.0089  data_time: 0.0008  memory: 662  
2025/10/25 20:55:03 - mmengine - INFO - Iter(val) [180/237]    eta: 0:00:00  time: 0.0090  data_time: 0.0009  memory: 662  
2025/10/25 20:55:03 - mmengine - INFO - Iter(val) [185/237]    eta: 0:00:00  time: 0.0090  data_time: 0.0009  memory: 662  
2025/10/25 20:55:03 - mmengine - INFO - Iter(val) [190/237]    eta: 0:00:00  time: 0.0100  data_time: 0.0011  memory: 662  
2025/10/25 20:55:03 - mmengine - INFO - Iter(val) [195/237]    eta: 0:00:00  time: 0.0099  data_time: 0.0011  memory: 662  
2025/10/25 20:55:03 - mmengine - INFO - Iter(val) [200/237]    eta: 0:00:00  time: 0.0088  data_time: 0.0008  memory: 662  
2025/10/25 20:55:03 - mmengine - INFO - Iter(val) [205/237]    eta: 0:00:00  time: 0.0088  data_time: 0.0008  memory: 662  
2025/10/25 20:55:03 - mmengine - INFO - Iter(val) [210/237]    eta: 0:00:00  time: 0.0092  data_time: 0.0009  memory: 662  
2025/10/25 20:55:03 - mmengine - INFO - Iter(val) [215/237]    eta: 0:00:00  time: 0.0092  data_time: 0.0009  memory: 662  
2025/10/25 20:55:03 - mmengine - INFO - Iter(val) [220/237]    eta: 0:00:00  time: 0.0089  data_time: 0.0008  memory: 662  
2025/10/25 20:55:03 - mmengine - INFO - Iter(val) [225/237]    eta: 0:00:00  time: 0.0088  data_time: 0.0008  memory: 662  
2025/10/25 20:55:03 - mmengine - INFO - Iter(val) [230/237]    eta: 0:00:00  time: 0.0091  data_time: 0.0008  memory: 662  
2025/10/25 20:55:03 - mmengine - INFO - Iter(val) [235/237]    eta: 0:00:00  time: 0.0091  data_time: 0.0009  memory: 662  
2025/10/25 20:55:03 - mmengine - INFO - per class results:
2025/10/25 20:55:03 - mmengine - INFO - 
+------------+-------+-------+
|   Class    |  IoU  |  Acc  |
+------------+-------+-------+
| background | 97.16 |  97.9 |
|   crack    | 56.77 | 83.11 |
+------------+-------+-------+
2025/10/25 20:55:03 - mmengine - INFO - Iter(val) [237/237]    aAcc: 97.2600  mIoU: 76.9600  mAcc: 90.5100  data_time: 0.0009  time: 0.0090
2025/10/25 20:55:05 - mmengine - INFO - Iter(train) [ 965/1000]  lr: 5.8494e-04  eta: 0:00:10  time: 0.2885  data_time: 0.0047  memory: 10177  loss: 0.3407  decode.loss_ce: 0.2208  decode.acc_seg: 94.7261  aux.loss_ce: 0.1198  aux.acc_seg: 94.0595
2025/10/25 20:55:06 - mmengine - INFO - Iter(train) [ 970/1000]  lr: 5.2212e-04  eta: 0:00:09  time: 0.2883  data_time: 0.0047  memory: 10177  loss: 0.3257  decode.loss_ce: 0.2111  decode.acc_seg: 94.7455  aux.loss_ce: 0.1146  aux.acc_seg: 95.7777
2025/10/25 20:55:06 - mmengine - INFO - Saving checkpoint at 970 iterations
2025/10/25 20:55:07 - mmengine - INFO - Iter(val) [  5/237]    eta: 0:00:02  time: 0.0095  data_time: 0.0014  memory: 662  
2025/10/25 20:55:07 - mmengine - INFO - Iter(val) [ 10/237]    eta: 0:00:02  time: 0.0094  data_time: 0.0013  memory: 662  
2025/10/25 20:55:07 - mmengine - INFO - Iter(val) [ 15/237]    eta: 0:00:02  time: 0.0087  data_time: 0.0007  memory: 662  
2025/10/25 20:55:07 - mmengine - INFO - Iter(val) [ 20/237]    eta: 0:00:01  time: 0.0088  data_time: 0.0008  memory: 662  
2025/10/25 20:55:07 - mmengine - INFO - Iter(val) [ 25/237]    eta: 0:00:01  time: 0.0089  data_time: 0.0009  memory: 662  
2025/10/25 20:55:07 - mmengine - INFO - Iter(val) [ 30/237]    eta: 0:00:01  time: 0.0090  data_time: 0.0009  memory: 662  
2025/10/25 20:55:07 - mmengine - INFO - Iter(val) [ 35/237]    eta: 0:00:01  time: 0.0090  data_time: 0.0009  memory: 662  
2025/10/25 20:55:07 - mmengine - INFO - Iter(val) [ 40/237]    eta: 0:00:01  time: 0.0089  data_time: 0.0009  memory: 662  
2025/10/25 20:55:07 - mmengine - INFO - Iter(val) [ 45/237]    eta: 0:00:01  time: 0.0089  data_time: 0.0009  memory: 662  
2025/10/25 20:55:07 - mmengine - INFO - Iter(val) [ 50/237]    eta: 0:00:01  time: 0.0091  data_time: 0.0009  memory: 662  
2025/10/25 20:55:07 - mmengine - INFO - Iter(val) [ 55/237]    eta: 0:00:01  time: 0.0090  data_time: 0.0009  memory: 662  
2025/10/25 20:55:07 - mmengine - INFO - Iter(val) [ 60/237]    eta: 0:00:01  time: 0.0089  data_time: 0.0008  memory: 662  
2025/10/25 20:55:07 - mmengine - INFO - Iter(val) [ 65/237]    eta: 0:00:01  time: 0.0089  data_time: 0.0009  memory: 662  
2025/10/25 20:55:07 - mmengine - INFO - Iter(val) [ 70/237]    eta: 0:00:01  time: 0.0091  data_time: 0.0009  memory: 662  
2025/10/25 20:55:07 - mmengine - INFO - Iter(val) [ 75/237]    eta: 0:00:01  time: 0.0091  data_time: 0.0009  memory: 662  
2025/10/25 20:55:07 - mmengine - INFO - Iter(val) [ 80/237]    eta: 0:00:01  time: 0.0090  data_time: 0.0009  memory: 662  
2025/10/25 20:55:07 - mmengine - INFO - Iter(val) [ 85/237]    eta: 0:00:01  time: 0.0089  data_time: 0.0009  memory: 662  
2025/10/25 20:55:07 - mmengine - INFO - Iter(val) [ 90/237]    eta: 0:00:01  time: 0.0089  data_time: 0.0009  memory: 662  
2025/10/25 20:55:08 - mmengine - INFO - Iter(val) [ 95/237]    eta: 0:00:01  time: 0.0089  data_time: 0.0009  memory: 662  
2025/10/25 20:55:08 - mmengine - INFO - Iter(val) [100/237]    eta: 0:00:01  time: 0.0089  data_time: 0.0009  memory: 662  
2025/10/25 20:55:08 - mmengine - INFO - Iter(val) [105/237]    eta: 0:00:01  time: 0.0089  data_time: 0.0009  memory: 662  
2025/10/25 20:55:08 - mmengine - INFO - Iter(val) [110/237]    eta: 0:00:01  time: 0.0089  data_time: 0.0009  memory: 662  
2025/10/25 20:55:08 - mmengine - INFO - Iter(val) [115/237]    eta: 0:00:01  time: 0.0089  data_time: 0.0009  memory: 662  
2025/10/25 20:55:08 - mmengine - INFO - Iter(val) [120/237]    eta: 0:00:01  time: 0.0090  data_time: 0.0009  memory: 662  
2025/10/25 20:55:08 - mmengine - INFO - Iter(val) [125/237]    eta: 0:00:01  time: 0.0090  data_time: 0.0009  memory: 662  
2025/10/25 20:55:08 - mmengine - INFO - Iter(val) [130/237]    eta: 0:00:00  time: 0.0089  data_time: 0.0009  memory: 662  
2025/10/25 20:55:08 - mmengine - INFO - Iter(val) [135/237]    eta: 0:00:00  time: 0.0089  data_time: 0.0009  memory: 662  
2025/10/25 20:55:08 - mmengine - INFO - Iter(val) [140/237]    eta: 0:00:00  time: 0.0089  data_time: 0.0009  memory: 662  
2025/10/25 20:55:08 - mmengine - INFO - Iter(val) [145/237]    eta: 0:00:00  time: 0.0089  data_time: 0.0009  memory: 662  
2025/10/25 20:55:08 - mmengine - INFO - Iter(val) [150/237]    eta: 0:00:00  time: 0.0090  data_time: 0.0009  memory: 662  
2025/10/25 20:55:08 - mmengine - INFO - Iter(val) [155/237]    eta: 0:00:00  time: 0.0089  data_time: 0.0009  memory: 662  
2025/10/25 20:55:08 - mmengine - INFO - Iter(val) [160/237]    eta: 0:00:00  time: 0.0089  data_time: 0.0009  memory: 662  
2025/10/25 20:55:08 - mmengine - INFO - Iter(val) [165/237]    eta: 0:00:00  time: 0.0089  data_time: 0.0009  memory: 662  
2025/10/25 20:55:08 - mmengine - INFO - Iter(val) [170/237]    eta: 0:00:00  time: 0.0089  data_time: 0.0009  memory: 662  
2025/10/25 20:55:08 - mmengine - INFO - Iter(val) [175/237]    eta: 0:00:00  time: 0.0090  data_time: 0.0009  memory: 662  
2025/10/25 20:55:08 - mmengine - INFO - Iter(val) [180/237]    eta: 0:00:00  time: 0.0096  data_time: 0.0011  memory: 662  
2025/10/25 20:55:08 - mmengine - INFO - Iter(val) [185/237]    eta: 0:00:00  time: 0.0095  data_time: 0.0011  memory: 662  
2025/10/25 20:55:08 - mmengine - INFO - Iter(val) [190/237]    eta: 0:00:00  time: 0.0090  data_time: 0.0009  memory: 662  
2025/10/25 20:55:08 - mmengine - INFO - Iter(val) [195/237]    eta: 0:00:00  time: 0.0093  data_time: 0.0009  memory: 662  
2025/10/25 20:55:08 - mmengine - INFO - Iter(val) [200/237]    eta: 0:00:00  time: 0.0094  data_time: 0.0010  memory: 662  
2025/10/25 20:55:09 - mmengine - INFO - Iter(val) [205/237]    eta: 0:00:00  time: 0.0092  data_time: 0.0009  memory: 662  
2025/10/25 20:55:09 - mmengine - INFO - Iter(val) [210/237]    eta: 0:00:00  time: 0.0091  data_time: 0.0009  memory: 662  
2025/10/25 20:55:09 - mmengine - INFO - Iter(val) [215/237]    eta: 0:00:00  time: 0.0090  data_time: 0.0009  memory: 662  
2025/10/25 20:55:09 - mmengine - INFO - Iter(val) [220/237]    eta: 0:00:00  time: 0.0090  data_time: 0.0009  memory: 662  
2025/10/25 20:55:09 - mmengine - INFO - Iter(val) [225/237]    eta: 0:00:00  time: 0.0090  data_time: 0.0009  memory: 662  
2025/10/25 20:55:09 - mmengine - INFO - Iter(val) [230/237]    eta: 0:00:00  time: 0.0090  data_time: 0.0009  memory: 662  
2025/10/25 20:55:09 - mmengine - INFO - Iter(val) [235/237]    eta: 0:00:00  time: 0.0093  data_time: 0.0010  memory: 662  
2025/10/25 20:55:09 - mmengine - INFO - per class results:
2025/10/25 20:55:09 - mmengine - INFO - 
+------------+-------+-------+
|   Class    |  IoU  |  Acc  |
+------------+-------+-------+
| background | 97.08 | 97.78 |
|   crack    | 56.44 |  84.2 |
+------------+-------+-------+
2025/10/25 20:55:09 - mmengine - INFO - Iter(val) [237/237]    aAcc: 97.1900  mIoU: 76.7600  mAcc: 90.9900  data_time: 0.0009  time: 0.0090
2025/10/25 20:55:10 - mmengine - INFO - Iter(train) [ 975/1000]  lr: 4.5824e-04  eta: 0:00:07  time: 0.2882  data_time: 0.0048  memory: 10177  loss: 0.3112  decode.loss_ce: 0.2018  decode.acc_seg: 95.0907  aux.loss_ce: 0.1094  aux.acc_seg: 95.5597
2025/10/25 20:55:12 - mmengine - INFO - Iter(train) [ 980/1000]  lr: 3.9306e-04  eta: 0:00:06  time: 0.2882  data_time: 0.0047  memory: 10177  loss: 0.3528  decode.loss_ce: 0.2289  decode.acc_seg: 92.4048  aux.loss_ce: 0.1239  aux.acc_seg: 92.1287
2025/10/25 20:55:12 - mmengine - INFO - Saving checkpoint at 980 iterations
2025/10/25 20:55:12 - mmengine - INFO - Iter(val) [  5/237]    eta: 0:00:02  time: 0.0099  data_time: 0.0015  memory: 662  
2025/10/25 20:55:12 - mmengine - INFO - Iter(val) [ 10/237]    eta: 0:00:02  time: 0.0102  data_time: 0.0014  memory: 662  
2025/10/25 20:55:13 - mmengine - INFO - Iter(val) [ 15/237]    eta: 0:00:02  time: 0.0092  data_time: 0.0008  memory: 662  
2025/10/25 20:55:13 - mmengine - INFO - Iter(val) [ 20/237]    eta: 0:00:02  time: 0.0093  data_time: 0.0009  memory: 662  
2025/10/25 20:55:13 - mmengine - INFO - Iter(val) [ 25/237]    eta: 0:00:02  time: 0.0092  data_time: 0.0009  memory: 662  
2025/10/25 20:55:13 - mmengine - INFO - Iter(val) [ 30/237]    eta: 0:00:01  time: 0.0088  data_time: 0.0008  memory: 662  
2025/10/25 20:55:13 - mmengine - INFO - Iter(val) [ 35/237]    eta: 0:00:01  time: 0.0088  data_time: 0.0008  memory: 662  
2025/10/25 20:55:13 - mmengine - INFO - Iter(val) [ 40/237]    eta: 0:00:01  time: 0.0088  data_time: 0.0008  memory: 662  
2025/10/25 20:55:13 - mmengine - INFO - Iter(val) [ 45/237]    eta: 0:00:01  time: 0.0088  data_time: 0.0008  memory: 662  
2025/10/25 20:55:13 - mmengine - INFO - Iter(val) [ 50/237]    eta: 0:00:01  time: 0.0097  data_time: 0.0010  memory: 662  
2025/10/25 20:55:13 - mmengine - INFO - Iter(val) [ 55/237]    eta: 0:00:01  time: 0.0098  data_time: 0.0010  memory: 662  
2025/10/25 20:55:13 - mmengine - INFO - Iter(val) [ 60/237]    eta: 0:00:01  time: 0.0089  data_time: 0.0008  memory: 662  
2025/10/25 20:55:13 - mmengine - INFO - Iter(val) [ 65/237]    eta: 0:00:01  time: 0.0089  data_time: 0.0008  memory: 662  
2025/10/25 20:55:13 - mmengine - INFO - Iter(val) [ 70/237]    eta: 0:00:01  time: 0.0088  data_time: 0.0008  memory: 662  
2025/10/25 20:55:13 - mmengine - INFO - Iter(val) [ 75/237]    eta: 0:00:01  time: 0.0088  data_time: 0.0008  memory: 662  
2025/10/25 20:55:13 - mmengine - INFO - Iter(val) [ 80/237]    eta: 0:00:01  time: 0.0088  data_time: 0.0008  memory: 662  
2025/10/25 20:55:13 - mmengine - INFO - Iter(val) [ 85/237]    eta: 0:00:01  time: 0.0089  data_time: 0.0008  memory: 662  
2025/10/25 20:55:13 - mmengine - INFO - Iter(val) [ 90/237]    eta: 0:00:01  time: 0.0092  data_time: 0.0009  memory: 662  
2025/10/25 20:55:13 - mmengine - INFO - Iter(val) [ 95/237]    eta: 0:00:01  time: 0.0092  data_time: 0.0009  memory: 662  
2025/10/25 20:55:13 - mmengine - INFO - Iter(val) [100/237]    eta: 0:00:01  time: 0.0090  data_time: 0.0009  memory: 662  
2025/10/25 20:55:13 - mmengine - INFO - Iter(val) [105/237]    eta: 0:00:01  time: 0.0091  data_time: 0.0009  memory: 662  
2025/10/25 20:55:13 - mmengine - INFO - Iter(val) [110/237]    eta: 0:00:01  time: 0.0090  data_time: 0.0009  memory: 662  
2025/10/25 20:55:13 - mmengine - INFO - Iter(val) [115/237]    eta: 0:00:01  time: 0.0090  data_time: 0.0009  memory: 662  
2025/10/25 20:55:13 - mmengine - INFO - Iter(val) [120/237]    eta: 0:00:01  time: 0.0089  data_time: 0.0009  memory: 662  
2025/10/25 20:55:14 - mmengine - INFO - Iter(val) [125/237]    eta: 0:00:01  time: 0.0089  data_time: 0.0008  memory: 662  
2025/10/25 20:55:14 - mmengine - INFO - Iter(val) [130/237]    eta: 0:00:00  time: 0.0089  data_time: 0.0008  memory: 662  
2025/10/25 20:55:14 - mmengine - INFO - Iter(val) [135/237]    eta: 0:00:00  time: 0.0089  data_time: 0.0009  memory: 662  
2025/10/25 20:55:14 - mmengine - INFO - Iter(val) [140/237]    eta: 0:00:00  time: 0.0092  data_time: 0.0009  memory: 662  
2025/10/25 20:55:14 - mmengine - INFO - Iter(val) [145/237]    eta: 0:00:00  time: 0.0093  data_time: 0.0010  memory: 662  
2025/10/25 20:55:14 - mmengine - INFO - Iter(val) [150/237]    eta: 0:00:00  time: 0.0090  data_time: 0.0009  memory: 662  
2025/10/25 20:55:14 - mmengine - INFO - Iter(val) [155/237]    eta: 0:00:00  time: 0.0089  data_time: 0.0009  memory: 662  
2025/10/25 20:55:14 - mmengine - INFO - Iter(val) [160/237]    eta: 0:00:00  time: 0.0090  data_time: 0.0009  memory: 662  
2025/10/25 20:55:14 - mmengine - INFO - Iter(val) [165/237]    eta: 0:00:00  time: 0.0089  data_time: 0.0009  memory: 662  
2025/10/25 20:55:14 - mmengine - INFO - Iter(val) [170/237]    eta: 0:00:00  time: 0.0089  data_time: 0.0009  memory: 662  
2025/10/25 20:55:14 - mmengine - INFO - Iter(val) [175/237]    eta: 0:00:00  time: 0.0089  data_time: 0.0008  memory: 662  
2025/10/25 20:55:14 - mmengine - INFO - Iter(val) [180/237]    eta: 0:00:00  time: 0.0093  data_time: 0.0010  memory: 662  
2025/10/25 20:55:14 - mmengine - INFO - Iter(val) [185/237]    eta: 0:00:00  time: 0.0103  data_time: 0.0011  memory: 662  
2025/10/25 20:55:14 - mmengine - INFO - Iter(val) [190/237]    eta: 0:00:00  time: 0.0100  data_time: 0.0011  memory: 662  
2025/10/25 20:55:14 - mmengine - INFO - Iter(val) [195/237]    eta: 0:00:00  time: 0.0091  data_time: 0.0009  memory: 662  
2025/10/25 20:55:14 - mmengine - INFO - Iter(val) [200/237]    eta: 0:00:00  time: 0.0093  data_time: 0.0010  memory: 662  
2025/10/25 20:55:14 - mmengine - INFO - Iter(val) [205/237]    eta: 0:00:00  time: 0.0094  data_time: 0.0010  memory: 662  
2025/10/25 20:55:14 - mmengine - INFO - Iter(val) [210/237]    eta: 0:00:00  time: 0.0091  data_time: 0.0010  memory: 662  
2025/10/25 20:55:14 - mmengine - INFO - Iter(val) [215/237]    eta: 0:00:00  time: 0.0091  data_time: 0.0010  memory: 662  
2025/10/25 20:55:14 - mmengine - INFO - Iter(val) [220/237]    eta: 0:00:00  time: 0.0093  data_time: 0.0010  memory: 662  
2025/10/25 20:55:14 - mmengine - INFO - Iter(val) [225/237]    eta: 0:00:00  time: 0.0097  data_time: 0.0011  memory: 662  
2025/10/25 20:55:14 - mmengine - INFO - Iter(val) [230/237]    eta: 0:00:00  time: 0.0100  data_time: 0.0011  memory: 662  
2025/10/25 20:55:15 - mmengine - INFO - Iter(val) [235/237]    eta: 0:00:00  time: 0.0096  data_time: 0.0010  memory: 662  
2025/10/25 20:55:15 - mmengine - INFO - per class results:
2025/10/25 20:55:15 - mmengine - INFO - 
+------------+-------+-------+
|   Class    |  IoU  |  Acc  |
+------------+-------+-------+
| background | 97.28 | 98.05 |
|   crack    | 57.69 | 82.57 |
+------------+-------+-------+
2025/10/25 20:55:15 - mmengine - INFO - Iter(val) [237/237]    aAcc: 97.3800  mIoU: 77.4900  mAcc: 90.3100  data_time: 0.0009  time: 0.0092
2025/10/25 20:55:16 - mmengine - INFO - Iter(train) [ 985/1000]  lr: 3.2621e-04  eta: 0:00:04  time: 0.2887  data_time: 0.0047  memory: 10177  loss: 0.3966  decode.loss_ce: 0.2581  decode.acc_seg: 92.4521  aux.loss_ce: 0.1385  aux.acc_seg: 93.5499
2025/10/25 20:55:17 - mmengine - INFO - Iter(train) [ 990/1000]  lr: 2.5705e-04  eta: 0:00:03  time: 0.2888  data_time: 0.0047  memory: 10177  loss: 0.3598  decode.loss_ce: 0.2364  decode.acc_seg: 96.3577  aux.loss_ce: 0.1234  aux.acc_seg: 96.4994
2025/10/25 20:55:17 - mmengine - INFO - Saving checkpoint at 990 iterations
2025/10/25 20:55:18 - mmengine - INFO - Iter(val) [  5/237]    eta: 0:00:02  time: 0.0104  data_time: 0.0016  memory: 662  
2025/10/25 20:55:18 - mmengine - INFO - Iter(val) [ 10/237]    eta: 0:00:02  time: 0.0102  data_time: 0.0015  memory: 662  
2025/10/25 20:55:18 - mmengine - INFO - Iter(val) [ 15/237]    eta: 0:00:02  time: 0.0087  data_time: 0.0007  memory: 662  
2025/10/25 20:55:18 - mmengine - INFO - Iter(val) [ 20/237]    eta: 0:00:02  time: 0.0089  data_time: 0.0009  memory: 662  
2025/10/25 20:55:18 - mmengine - INFO - Iter(val) [ 25/237]    eta: 0:00:01  time: 0.0089  data_time: 0.0009  memory: 662  
2025/10/25 20:55:18 - mmengine - INFO - Iter(val) [ 30/237]    eta: 0:00:01  time: 0.0090  data_time: 0.0009  memory: 662  
2025/10/25 20:55:18 - mmengine - INFO - Iter(val) [ 35/237]    eta: 0:00:01  time: 0.0089  data_time: 0.0009  memory: 662  
2025/10/25 20:55:18 - mmengine - INFO - Iter(val) [ 40/237]    eta: 0:00:01  time: 0.0091  data_time: 0.0010  memory: 662  
2025/10/25 20:55:18 - mmengine - INFO - Iter(val) [ 45/237]    eta: 0:00:01  time: 0.0095  data_time: 0.0011  memory: 662  
2025/10/25 20:55:18 - mmengine - INFO - Iter(val) [ 50/237]    eta: 0:00:01  time: 0.0095  data_time: 0.0010  memory: 662  
2025/10/25 20:55:18 - mmengine - INFO - Iter(val) [ 55/237]    eta: 0:00:01  time: 0.0092  data_time: 0.0009  memory: 662  
2025/10/25 20:55:19 - mmengine - INFO - Iter(val) [ 60/237]    eta: 0:00:01  time: 0.0095  data_time: 0.0010  memory: 662  
2025/10/25 20:55:19 - mmengine - INFO - Iter(val) [ 65/237]    eta: 0:00:01  time: 0.0105  data_time: 0.0011  memory: 662  
2025/10/25 20:55:19 - mmengine - INFO - Iter(val) [ 70/237]    eta: 0:00:01  time: 0.0101  data_time: 0.0010  memory: 662  
2025/10/25 20:55:19 - mmengine - INFO - Iter(val) [ 75/237]    eta: 0:00:01  time: 0.0091  data_time: 0.0009  memory: 662  
2025/10/25 20:55:19 - mmengine - INFO - Iter(val) [ 80/237]    eta: 0:00:01  time: 0.0090  data_time: 0.0009  memory: 662  
2025/10/25 20:55:19 - mmengine - INFO - Iter(val) [ 85/237]    eta: 0:00:01  time: 0.0090  data_time: 0.0008  memory: 662  
2025/10/25 20:55:19 - mmengine - INFO - Iter(val) [ 90/237]    eta: 0:00:01  time: 0.0091  data_time: 0.0009  memory: 662  
2025/10/25 20:55:19 - mmengine - INFO - Iter(val) [ 95/237]    eta: 0:00:01  time: 0.0091  data_time: 0.0010  memory: 662  
2025/10/25 20:55:19 - mmengine - INFO - Iter(val) [100/237]    eta: 0:00:01  time: 0.0091  data_time: 0.0010  memory: 662  
2025/10/25 20:55:19 - mmengine - INFO - Iter(val) [105/237]    eta: 0:00:01  time: 0.0090  data_time: 0.0009  memory: 662  
2025/10/25 20:55:19 - mmengine - INFO - Iter(val) [110/237]    eta: 0:00:01  time: 0.0091  data_time: 0.0009  memory: 662  
2025/10/25 20:55:19 - mmengine - INFO - Iter(val) [115/237]    eta: 0:00:01  time: 0.0091  data_time: 0.0009  memory: 662  
2025/10/25 20:55:19 - mmengine - INFO - Iter(val) [120/237]    eta: 0:00:01  time: 0.0089  data_time: 0.0009  memory: 662  
2025/10/25 20:55:19 - mmengine - INFO - Iter(val) [125/237]    eta: 0:00:01  time: 0.0089  data_time: 0.0008  memory: 662  
2025/10/25 20:55:19 - mmengine - INFO - Iter(val) [130/237]    eta: 0:00:00  time: 0.0091  data_time: 0.0009  memory: 662  
2025/10/25 20:55:19 - mmengine - INFO - Iter(val) [135/237]    eta: 0:00:00  time: 0.0092  data_time: 0.0009  memory: 662  
2025/10/25 20:55:19 - mmengine - INFO - Iter(val) [140/237]    eta: 0:00:00  time: 0.0090  data_time: 0.0009  memory: 662  
2025/10/25 20:55:19 - mmengine - INFO - Iter(val) [145/237]    eta: 0:00:00  time: 0.0090  data_time: 0.0010  memory: 662  
2025/10/25 20:55:19 - mmengine - INFO - Iter(val) [150/237]    eta: 0:00:00  time: 0.0090  data_time: 0.0009  memory: 662  
2025/10/25 20:55:19 - mmengine - INFO - Iter(val) [155/237]    eta: 0:00:00  time: 0.0090  data_time: 0.0009  memory: 662  
2025/10/25 20:55:19 - mmengine - INFO - Iter(val) [160/237]    eta: 0:00:00  time: 0.0090  data_time: 0.0009  memory: 662  
2025/10/25 20:55:19 - mmengine - INFO - Iter(val) [165/237]    eta: 0:00:00  time: 0.0089  data_time: 0.0008  memory: 662  
2025/10/25 20:55:20 - mmengine - INFO - Iter(val) [170/237]    eta: 0:00:00  time: 0.0089  data_time: 0.0008  memory: 662  
2025/10/25 20:55:20 - mmengine - INFO - Iter(val) [175/237]    eta: 0:00:00  time: 0.0089  data_time: 0.0008  memory: 662  
2025/10/25 20:55:20 - mmengine - INFO - Iter(val) [180/237]    eta: 0:00:00  time: 0.0088  data_time: 0.0008  memory: 662  
2025/10/25 20:55:20 - mmengine - INFO - Iter(val) [185/237]    eta: 0:00:00  time: 0.0089  data_time: 0.0008  memory: 662  
2025/10/25 20:55:20 - mmengine - INFO - Iter(val) [190/237]    eta: 0:00:00  time: 0.0089  data_time: 0.0009  memory: 662  
2025/10/25 20:55:20 - mmengine - INFO - Iter(val) [195/237]    eta: 0:00:00  time: 0.0089  data_time: 0.0009  memory: 662  
2025/10/25 20:55:20 - mmengine - INFO - Iter(val) [200/237]    eta: 0:00:00  time: 0.0089  data_time: 0.0009  memory: 662  
2025/10/25 20:55:20 - mmengine - INFO - Iter(val) [205/237]    eta: 0:00:00  time: 0.0089  data_time: 0.0009  memory: 662  
2025/10/25 20:55:20 - mmengine - INFO - Iter(val) [210/237]    eta: 0:00:00  time: 0.0090  data_time: 0.0009  memory: 662  
2025/10/25 20:55:20 - mmengine - INFO - Iter(val) [215/237]    eta: 0:00:00  time: 0.0090  data_time: 0.0009  memory: 662  
2025/10/25 20:55:20 - mmengine - INFO - Iter(val) [220/237]    eta: 0:00:00  time: 0.0089  data_time: 0.0009  memory: 662  
2025/10/25 20:55:20 - mmengine - INFO - Iter(val) [225/237]    eta: 0:00:00  time: 0.0090  data_time: 0.0009  memory: 662  
2025/10/25 20:55:20 - mmengine - INFO - Iter(val) [230/237]    eta: 0:00:00  time: 0.0091  data_time: 0.0009  memory: 662  
2025/10/25 20:55:20 - mmengine - INFO - Iter(val) [235/237]    eta: 0:00:00  time: 0.0090  data_time: 0.0009  memory: 662  
2025/10/25 20:55:20 - mmengine - INFO - per class results:
2025/10/25 20:55:20 - mmengine - INFO - 
+------------+-------+-------+
|   Class    |  IoU  |  Acc  |
+------------+-------+-------+
| background |  97.2 | 97.98 |
|   crack    | 56.92 | 82.41 |
+------------+-------+-------+
2025/10/25 20:55:20 - mmengine - INFO - Iter(val) [237/237]    aAcc: 97.3000  mIoU: 77.0600  mAcc: 90.1900  data_time: 0.0009  time: 0.0091
2025/10/25 20:55:22 - mmengine - INFO - Iter(train) [ 995/1000]  lr: 1.8416e-04  eta: 0:00:01  time: 0.2884  data_time: 0.0046  memory: 10177  loss: 0.3296  decode.loss_ce: 0.2172  decode.acc_seg: 92.5640  aux.loss_ce: 0.1124  aux.acc_seg: 94.1663
2025/10/25 20:55:23 - mmengine - INFO - Exp name: pspnet_r50-deepcrack_512x512_40k_strong_reg_20251025_204554
2025/10/25 20:55:23 - mmengine - INFO - Iter(train) [1000/1000]  lr: 1.0000e-04  eta: 0:00:00  time: 0.2884  data_time: 0.0048  memory: 10177  loss: 0.3687  decode.loss_ce: 0.2403  decode.acc_seg: 92.4072  aux.loss_ce: 0.1284  aux.acc_seg: 94.5550
2025/10/25 20:55:23 - mmengine - INFO - Saving checkpoint at 1000 iterations
2025/10/25 20:55:24 - mmengine - INFO - Iter(val) [  5/237]    eta: 0:00:02  time: 0.0097  data_time: 0.0015  memory: 662  
2025/10/25 20:55:24 - mmengine - INFO - Iter(val) [ 10/237]    eta: 0:00:02  time: 0.0095  data_time: 0.0014  memory: 662  
2025/10/25 20:55:24 - mmengine - INFO - Iter(val) [ 15/237]    eta: 0:00:02  time: 0.0087  data_time: 0.0007  memory: 662  
2025/10/25 20:55:24 - mmengine - INFO - Iter(val) [ 20/237]    eta: 0:00:01  time: 0.0088  data_time: 0.0008  memory: 662  
2025/10/25 20:55:24 - mmengine - INFO - Iter(val) [ 25/237]    eta: 0:00:01  time: 0.0089  data_time: 0.0009  memory: 662  
2025/10/25 20:55:24 - mmengine - INFO - Iter(val) [ 30/237]    eta: 0:00:01  time: 0.0089  data_time: 0.0009  memory: 662  
2025/10/25 20:55:24 - mmengine - INFO - Iter(val) [ 35/237]    eta: 0:00:01  time: 0.0089  data_time: 0.0009  memory: 662  
2025/10/25 20:55:24 - mmengine - INFO - Iter(val) [ 40/237]    eta: 0:00:01  time: 0.0089  data_time: 0.0008  memory: 662  
2025/10/25 20:55:24 - mmengine - INFO - Iter(val) [ 45/237]    eta: 0:00:01  time: 0.0088  data_time: 0.0008  memory: 662  
2025/10/25 20:55:24 - mmengine - INFO - Iter(val) [ 50/237]    eta: 0:00:01  time: 0.0088  data_time: 0.0008  memory: 662  
2025/10/25 20:55:24 - mmengine - INFO - Iter(val) [ 55/237]    eta: 0:00:01  time: 0.0088  data_time: 0.0008  memory: 662  
2025/10/25 20:55:24 - mmengine - INFO - Iter(val) [ 60/237]    eta: 0:00:01  time: 0.0088  data_time: 0.0008  memory: 662  
2025/10/25 20:55:24 - mmengine - INFO - Iter(val) [ 65/237]    eta: 0:00:01  time: 0.0088  data_time: 0.0008  memory: 662  
2025/10/25 20:55:24 - mmengine - INFO - Iter(val) [ 70/237]    eta: 0:00:01  time: 0.0088  data_time: 0.0008  memory: 662  
2025/10/25 20:55:24 - mmengine - INFO - Iter(val) [ 75/237]    eta: 0:00:01  time: 0.0088  data_time: 0.0008  memory: 662  
2025/10/25 20:55:24 - mmengine - INFO - Iter(val) [ 80/237]    eta: 0:00:01  time: 0.0089  data_time: 0.0009  memory: 662  
2025/10/25 20:55:24 - mmengine - INFO - Iter(val) [ 85/237]    eta: 0:00:01  time: 0.0089  data_time: 0.0008  memory: 662  
2025/10/25 20:55:24 - mmengine - INFO - Iter(val) [ 90/237]    eta: 0:00:01  time: 0.0089  data_time: 0.0009  memory: 662  
2025/10/25 20:55:24 - mmengine - INFO - Iter(val) [ 95/237]    eta: 0:00:01  time: 0.0090  data_time: 0.0009  memory: 662  
2025/10/25 20:55:24 - mmengine - INFO - Iter(val) [100/237]    eta: 0:00:01  time: 0.0092  data_time: 0.0010  memory: 662  
2025/10/25 20:55:25 - mmengine - INFO - Iter(val) [105/237]    eta: 0:00:01  time: 0.0093  data_time: 0.0010  memory: 662  
2025/10/25 20:55:25 - mmengine - INFO - Iter(val) [110/237]    eta: 0:00:01  time: 0.0093  data_time: 0.0010  memory: 662  
2025/10/25 20:55:25 - mmengine - INFO - Iter(val) [115/237]    eta: 0:00:01  time: 0.0093  data_time: 0.0010  memory: 662  
2025/10/25 20:55:25 - mmengine - INFO - Iter(val) [120/237]    eta: 0:00:01  time: 0.0089  data_time: 0.0009  memory: 662  
2025/10/25 20:55:25 - mmengine - INFO - Iter(val) [125/237]    eta: 0:00:01  time: 0.0089  data_time: 0.0008  memory: 662  
2025/10/25 20:55:25 - mmengine - INFO - Iter(val) [130/237]    eta: 0:00:00  time: 0.0089  data_time: 0.0008  memory: 662  
2025/10/25 20:55:25 - mmengine - INFO - Iter(val) [135/237]    eta: 0:00:00  time: 0.0089  data_time: 0.0008  memory: 662  
2025/10/25 20:55:25 - mmengine - INFO - Iter(val) [140/237]    eta: 0:00:00  time: 0.0089  data_time: 0.0008  memory: 662  
2025/10/25 20:55:25 - mmengine - INFO - Iter(val) [145/237]    eta: 0:00:00  time: 0.0089  data_time: 0.0008  memory: 662  
2025/10/25 20:55:25 - mmengine - INFO - Iter(val) [150/237]    eta: 0:00:00  time: 0.0089  data_time: 0.0008  memory: 662  
2025/10/25 20:55:25 - mmengine - INFO - Iter(val) [155/237]    eta: 0:00:00  time: 0.0092  data_time: 0.0009  memory: 662  
2025/10/25 20:55:25 - mmengine - INFO - Iter(val) [160/237]    eta: 0:00:00  time: 0.0093  data_time: 0.0010  memory: 662  
2025/10/25 20:55:25 - mmengine - INFO - Iter(val) [165/237]    eta: 0:00:00  time: 0.0089  data_time: 0.0009  memory: 662  
2025/10/25 20:55:25 - mmengine - INFO - Iter(val) [170/237]    eta: 0:00:00  time: 0.0089  data_time: 0.0008  memory: 662  
2025/10/25 20:55:25 - mmengine - INFO - Iter(val) [175/237]    eta: 0:00:00  time: 0.0089  data_time: 0.0008  memory: 662  
2025/10/25 20:55:25 - mmengine - INFO - Iter(val) [180/237]    eta: 0:00:00  time: 0.0089  data_time: 0.0009  memory: 662  
2025/10/25 20:55:25 - mmengine - INFO - Iter(val) [185/237]    eta: 0:00:00  time: 0.0091  data_time: 0.0009  memory: 662  
2025/10/25 20:55:25 - mmengine - INFO - Iter(val) [190/237]    eta: 0:00:00  time: 0.0106  data_time: 0.0012  memory: 662  
2025/10/25 20:55:25 - mmengine - INFO - Iter(val) [195/237]    eta: 0:00:00  time: 0.0109  data_time: 0.0012  memory: 662  
2025/10/25 20:55:25 - mmengine - INFO - Iter(val) [200/237]    eta: 0:00:00  time: 0.0094  data_time: 0.0010  memory: 662  
2025/10/25 20:55:25 - mmengine - INFO - Iter(val) [205/237]    eta: 0:00:00  time: 0.0091  data_time: 0.0009  memory: 662  
2025/10/25 20:55:25 - mmengine - INFO - Iter(val) [210/237]    eta: 0:00:00  time: 0.0090  data_time: 0.0009  memory: 662  
2025/10/25 20:55:26 - mmengine - INFO - Iter(val) [215/237]    eta: 0:00:00  time: 0.0090  data_time: 0.0010  memory: 662  
2025/10/25 20:55:26 - mmengine - INFO - Iter(val) [220/237]    eta: 0:00:00  time: 0.0089  data_time: 0.0009  memory: 662  
2025/10/25 20:55:26 - mmengine - INFO - Iter(val) [225/237]    eta: 0:00:00  time: 0.0089  data_time: 0.0009  memory: 662  
2025/10/25 20:55:26 - mmengine - INFO - Iter(val) [230/237]    eta: 0:00:00  time: 0.0090  data_time: 0.0009  memory: 662  
2025/10/25 20:55:26 - mmengine - INFO - Iter(val) [235/237]    eta: 0:00:00  time: 0.0089  data_time: 0.0009  memory: 662  
2025/10/25 20:55:26 - mmengine - INFO - per class results:
2025/10/25 20:55:26 - mmengine - INFO - 
+------------+-------+-------+
|   Class    |  IoU  |  Acc  |
+------------+-------+-------+
| background | 97.15 | 97.92 |
|   crack    | 56.56 | 82.56 |
+------------+-------+-------+
2025/10/25 20:55:26 - mmengine - INFO - Iter(val) [237/237]    aAcc: 97.2600  mIoU: 76.8600  mAcc: 90.2400  data_time: 0.0009  time: 0.0091
